<?xml version="1.0" encoding="utf-8"?>
<GameData>
	<Maps>
		<Row File="{bba6f432-32e5-4cc5-92fc-423d856ad35b}Maps/YNL_YzspMAP.Civ6Map" 
			 Name="LOC_MAP_YZSP_NAME" Description="LOC_MAP_YZSP_DESCRIPTION"/>
		<Row Domain="Maps:Expansion1Maps" 
			 File="{bba6f432-32e5-4cc5-92fc-423d856ad35b}Maps/YNL_YzspMAP.Civ6Map" 
			 Name="LOC_MAP_YZSP_NAME" Description="LOC_MAP_YZSP_DESCRIPTION"/>
	</Maps>
	<MapSizes>
		<Row Domain="{bba6f432-32e5-4cc5-92fc-423d856ad35b}Maps/YNL_YzspMAP.Civ6Map"
			 MapSizeType="MAPSIZE_HUGE" Name="LOC_MAPSIZE_HUGE_NAME" Description="LOC_MAPSIZE_HUGE_DESCRIPTION" MinPlayers="2" MaxPlayers="20" DefaultPlayers="12" MinCityStates="0" MaxCityStates="24" DefaultCityStates="18" SortIndex="60" />
	</MapSizes>
	<MapDomainOverrides>
		<Row Map="{bba6f432-32e5-4cc5-92fc-423d856ad35b}Maps/YNL_YzspMAP.Civ6Map" 
			 ParameterId="MapSize" Domain="{bba6f432-32e5-4cc5-92fc-423d856ad35b}Maps/YNL_YzspMAP.Civ6Map"/>
	</MapDomainOverrides>
</GameData>