<?xml version="1.0" encoding="utf-8"?>
<GameData>
	<LocalizedText>
		<!-- Leader Dialog -->
		<Row Tag="LOC_DIPLO_FIRST_MEET_LEADER_YNL_TYRAEL_ANY" Language="en_US">
			<Text>I am Archangel Tyrael.</Text>
		</Row>
		<Row Tag="LOC_DIPLO_FIRST_MEET_VISIT_RECIPIENT_LEADER_YNL_TYRAEL_ANY" Language="en_US">
			<Text>We have a city nearby. Would you like to visit?</Text>
		</Row>
		<Row Tag="LOC_DIPLO_FIRST_MEET_NEAR_INITIATOR_POSITIVE_LEADER_YNL_TYRAEL_ANY" Language="en_US">
			<Text>Yes, yes. This is good for us.</Text>
		</Row>
		<Row Tag="LOC_DIPLO_DENOUNCE_FROM_AI_LEADER_YNL_TYRAEL_ANY" Language="en_US">
			<Text>You are a wretched liar and cannot be trusted! You are the worst of your kind. (Denounces You)</Text>
		</Row>
		<Row Tag="LOC_DIPLO_KUDO_EXIT_LEADER_YNL_TYRAEL_ANY" Language="en_US">
			<Text>Our two nations have never been stronger. May you have many victories in times of peace.</Text>
		</Row>
		<Row Tag="LOC_DIPLO_WARNING_EXIT_LEADER_YNL_TYRAEL_ANY" Language="en_US">
			<Text>Loyalty is its own reward. Do you not know this?</Text>
		</Row>
		<Row Tag="LOC_DIPLO_ACCEPT_DECLARE_FRIEND_FROM_AI_LEADER_YNL_TYRAEL_ANY" Language="en_US">
			<Text>Thank you, my friend.</Text>
		</Row>
		<Row Tag="LOC_DIPLO_REJECT_DECLARE_FRIEND_FROM_AI_LEADER_YNL_TYRAEL_ANY" Language="en_US">
			<Text>You should reconsider.</Text>
		</Row>
		<Row Tag="LOC_DIPLO_DECLARE_WAR_FROM_AI_LEADER_YNL_TYRAEL_ANY" Language="en_US">
			<Text>Your head would look good at the end of a pole.</Text>
		</Row>
		<Row Tag="LOC_DIPLO_ACCEPT_MAKE_DEAL_FROM_AI_LEADER_YNL_TYRAEL_ANY" Language="en_US">
			<Text>{LOC_DIPLO_ACCEPT_DECLARE_FRIEND_FROM_AI_LEADER_YNL_TYRAEL_ANY}</Text>
		</Row>
		<Row Tag="LOC_DIPLO_REJECT_MAKE_DEAL_FROM_AI_LEADER_YNL_TYRAEL_ANY" Language="en_US">
			<Text>{LOC_DIPLO_REJECT_DECLARE_FRIEND_FROM_AI_LEADER_YNL_TYRAEL_ANY}</Text>
		</Row>
	</LocalizedText>
</GameData>
