<?xml version="1.0" encoding="utf-8"?>
<GameData>
	<Types>
		<Row Type="CIVILIZATION_YNL_AKITSUMARU"        Kind="KIND_CIVILIZATION" />
		<Row Type="TRAIT_CIVILIZATION_YNL_AKITSUMARU"  Kind="KIND_TRAIT"/>
		<Row Type="TRAIT_CIVILIZATION_UNIT_YNL_KENPEI" Kind="KIND_TRAIT"/>
	</Types>
	<Civilizations>
		<Row>
			<CivilizationType>CIVILIZATION_YNL_AKITSUMARU</CivilizationType>
			<Name>LOC_CIVILIZATION_YNL_AKITSUMARU_NAME</Name>
			<Description>LOC_CIVILIZATION_YNL_AKITSUMARU_DESCRIPTION</Description>
			<Adjective>LOC_CIVILIZATION_YNL_AKITSUMARU_ADJECTIVE</Adjective>
			<StartingCivilizationLevelType>CIVILIZATION_LEVEL_FULL_CIV</StartingCivilizationLevelType>
			<RandomCityNameDepth>15</RandomCityNameDepth>
		</Row>
	</Civilizations>

	<CivilizationLeaders>
		<Row CivilizationType="CIVILIZATION_YNL_AKITSUMARU" LeaderType="LEADER_YNL_AKITSUMARU" CapitalName="LOC_CIVLIZATION_YNL_AKITSUMARU_CITY_1" />
	</CivilizationLeaders>

	<CivilizationCitizenNames>
		<Row CivilizationType="CIVILIZATION_YNL_AKITSUMARU" CitizenName="LOC_CITIZEN_YNL_AKITSUMARU_MALE_1" Female="0"/>
		<Row CivilizationType="CIVILIZATION_YNL_AKITSUMARU" CitizenName="LOC_CITIZEN_YNL_AKITSUMARU_MALE_2" Female="0"/>
		<Row CivilizationType="CIVILIZATION_YNL_AKITSUMARU" CitizenName="LOC_CITIZEN_YNL_AKITSUMARU_MALE_3" Female="0"/>
		<Row CivilizationType="CIVILIZATION_YNL_AKITSUMARU" CitizenName="LOC_CITIZEN_YNL_AKITSUMARU_MALE_4" Female="0"/>
		<Row CivilizationType="CIVILIZATION_YNL_AKITSUMARU" CitizenName="LOC_CITIZEN_YNL_AKITSUMARU_FEMALE_1" Female="1"/>
		<Row CivilizationType="CIVILIZATION_YNL_AKITSUMARU" CitizenName="LOC_CITIZEN_YNL_AKITSUMARU_FEMALE_2" Female="1"/>
		<Row CivilizationType="CIVILIZATION_YNL_AKITSUMARU" CitizenName="LOC_CITIZEN_YNL_AKITSUMARU_FEMALE_3" Female="1"/>
		<Row CivilizationType="CIVILIZATION_YNL_AKITSUMARU" CitizenName="LOC_CITIZEN_YNL_AKITSUMARU_FEMALE_4" Female="1"/>
		<Row CivilizationType="CIVILIZATION_YNL_AKITSUMARU" CitizenName="LOC_CITIZEN_YNL_AKITSUMARU_FEMALE_5" Female="1"/>
	</CivilizationCitizenNames>

	<CivilizationTraits>
		<Row CivilizationType="CIVILIZATION_YNL_AKITSUMARU" TraitType="TRAIT_CIVILIZATION_YNL_AKITSUMARU"/>
		<Row CivilizationType="CIVILIZATION_YNL_AKITSUMARU" TraitType="TRAIT_CIVILIZATION_UNIT_YNL_KENPEI"/>
	</CivilizationTraits>
	<Traits>
		<Row TraitType="TRAIT_CIVILIZATION_YNL_AKITSUMARU"  Name="LOC_TRAIT_CIVILIZATION_YNL_AKITSUMARU_NAME" Description="LOC_TRAIT_CIVILIZATION_YNL_AKITSUMARU_DESCRIPTION"/>
		<Row TraitType="TRAIT_CIVILIZATION_UNIT_YNL_KENPEI" Name="LOC_TRAIT_CIVILIZATION_UNIT_YNL_KENPEI_NAME"/>
	</Traits>
	<TraitModifiers>

		<!-- 区域を人口制限よりも1つ多く建設できる(バニラのドイツと同じ) -->
		<Row>
			<TraitType>TRAIT_CIVILIZATION_YNL_AKITSUMARU</TraitType>
			<ModifierId>TRAIT_EXTRA_DISTRICT_EACH_CITY</ModifierId>
		</Row>
		<!-- 兵営建造時間半分(バニラ) -->
		<Row TraitType="TRAIT_CIVILIZATION_YNL_AKITSUMARU" ModifierId="TRAIT_BOOST_ENCAMPMENT_PRODUCTION"/>
		<!-- 工業地帯建造時間半分 -->
		<Row TraitType="TRAIT_CIVILIZATION_YNL_AKITSUMARU" ModifierId="TRAIT_BOOST_INDUSTRIAL_ZONE_PRODUCTION_YNL_AKITSUMARU"/>
		<Row TraitType="TRAIT_CIVILIZATION_YNL_AKITSUMARU" ModifierId="TRAIT_ANCIENT_MELEE_UNIT_PRODUCTION_YNL_AKITSUMARU"/>
		<!-- 陸上近接攻撃ユニット生産ボーナス -->
		<Row TraitType="TRAIT_CIVILIZATION_YNL_AKITSUMARU" ModifierId="TRAIT_CLASSICAL_MELEE_UNIT_PRODUCTION_YNL_AKITSUMARU"/>
		<Row TraitType="TRAIT_CIVILIZATION_YNL_AKITSUMARU" ModifierId="TRAIT_MEDIEVAL_MELEE_UNIT_PRODUCTION_YNL_AKITSUMARU"/>
		<Row TraitType="TRAIT_CIVILIZATION_YNL_AKITSUMARU" ModifierId="TRAIT_RENAISSANCE_MELEE_UNIT_PRODUCTION_YNL_AKITSUMARU"/>
		<Row TraitType="TRAIT_CIVILIZATION_YNL_AKITSUMARU" ModifierId="TRAIT_INDUSTRIAL_MELEE_UNIT_PRODUCTION_YNL_AKITSUMARU"/>
		<Row TraitType="TRAIT_CIVILIZATION_YNL_AKITSUMARU" ModifierId="TRAIT_MODERN_MELEE_UNIT_PRODUCTION_YNL_AKITSUMARU"/>
		<Row TraitType="TRAIT_CIVILIZATION_YNL_AKITSUMARU" ModifierId="TRAIT_ATOMIC_MELEE_UNIT_PRODUCTION_YNL_AKITSUMARU"/>
		<Row TraitType="TRAIT_CIVILIZATION_YNL_AKITSUMARU" ModifierId="TRAIT_INFORMATION_MELEE_UNIT_PRODUCTION_YNL_AKITSUMARU"/>
	</TraitModifiers>
	<!-- Modifier系 -->
	<Modifiers>
		<!-- 工業地帯建造時間半分 -->
		<Row>
			<ModifierId>TRAIT_BOOST_INDUSTRIAL_ZONE_PRODUCTION_YNL_AKITSUMARU</ModifierId>
			<ModifierType>MODIFIER_PLAYER_CITIES_ADJUST_DISTRICT_PRODUCTION</ModifierType>
		</Row>
		<!-- 各時代ごとの陸上近接戦闘ユニット生産ボーナス -->
		<Row>
			<ModifierId>TRAIT_ANCIENT_MELEE_UNIT_PRODUCTION_YNL_AKITSUMARU</ModifierId>
			<ModifierType>MODIFIER_PLAYER_CITIES_ADJUST_UNIT_TAG_ERA_PRODUCTION</ModifierType>
		</Row>
		<Row>
			<ModifierId>TRAIT_CLASSICAL_MELEE_UNIT_PRODUCTION_YNL_AKITSUMARU</ModifierId>
			<ModifierType>MODIFIER_PLAYER_CITIES_ADJUST_UNIT_TAG_ERA_PRODUCTION</ModifierType>
		</Row>
		<Row>
			<ModifierId>TRAIT_MEDIEVAL_MELEE_UNIT_PRODUCTION_YNL_AKITSUMARU</ModifierId>
			<ModifierType>MODIFIER_PLAYER_CITIES_ADJUST_UNIT_TAG_ERA_PRODUCTION</ModifierType>
		</Row>
		<Row>
			<ModifierId>TRAIT_RENAISSANCE_MELEE_UNIT_PRODUCTION_YNL_AKITSUMARU</ModifierId>
			<ModifierType>MODIFIER_PLAYER_CITIES_ADJUST_UNIT_TAG_ERA_PRODUCTION</ModifierType>
		</Row>
		<Row>
			<ModifierId>TRAIT_INDUSTRIAL_MELEE_UNIT_PRODUCTION_YNL_AKITSUMARU</ModifierId>
			<ModifierType>MODIFIER_PLAYER_CITIES_ADJUST_UNIT_TAG_ERA_PRODUCTION</ModifierType>
		</Row>
		<Row>
			<ModifierId>TRAIT_MODERN_MELEE_UNIT_PRODUCTION_YNL_AKITSUMARU</ModifierId>
			<ModifierType>MODIFIER_PLAYER_CITIES_ADJUST_UNIT_TAG_ERA_PRODUCTION</ModifierType>
		</Row>
		<Row>
			<ModifierId>TRAIT_ATOMIC_MELEE_UNIT_PRODUCTION_YNL_AKITSUMARU</ModifierId>
			<ModifierType>MODIFIER_PLAYER_CITIES_ADJUST_UNIT_TAG_ERA_PRODUCTION</ModifierType>
		</Row>
		<Row>
			<ModifierId>TRAIT_INFORMATION_MELEE_UNIT_PRODUCTION_YNL_AKITSUMARU</ModifierId>
			<ModifierType>MODIFIER_PLAYER_CITIES_ADJUST_UNIT_TAG_ERA_PRODUCTION</ModifierType>
		</Row>
	</Modifiers>
	<ModifierArguments>
		<!-- 工業地帯建造時間半分 -->
		<Row>
			<ModifierId>TRAIT_BOOST_INDUSTRIAL_ZONE_PRODUCTION_YNL_AKITSUMARU</ModifierId>
			<Name>DistrictType</Name>
			<Value>DISTRICT_INDUSTRIAL_ZONE</Value>
		</Row>
		<Row>
			<ModifierId>TRAIT_BOOST_INDUSTRIAL_ZONE_PRODUCTION_YNL_AKITSUMARU</ModifierId>
			<Name>Amount</Name>
			<Value>100</Value>
		</Row>
		<!-- 各時代ごとの陸上近接戦闘ユニット生産ボーナス -->
		<Row>
			<ModifierId>TRAIT_ANCIENT_MELEE_UNIT_PRODUCTION_YNL_AKITSUMARU</ModifierId>
			<Name>UnitPromotionClass</Name>
			<Value>PROMOTION_CLASS_MELEE</Value>
		</Row>
		<Row>
			<ModifierId>TRAIT_ANCIENT_MELEE_UNIT_PRODUCTION_YNL_AKITSUMARU</ModifierId>
			<Name>EraType</Name>
			<Value>ERA_ANCIENT</Value>
		</Row>
		<Row>
			<ModifierId>TRAIT_ANCIENT_MELEE_UNIT_PRODUCTION_YNL_AKITSUMARU</ModifierId>
			<Name>Amount</Name>
			<Value>50</Value>
		</Row>
		<Row>
			<ModifierId>TRAIT_CLASSICAL_MELEE_UNIT_PRODUCTION_YNL_AKITSUMARU</ModifierId>
			<Name>UnitPromotionClass</Name>
			<Value>PROMOTION_CLASS_MELEE</Value>
		</Row>
		<Row>
			<ModifierId>TRAIT_CLASSICAL_MELEE_UNIT_PRODUCTION_YNL_AKITSUMARU</ModifierId>
			<Name>EraType</Name>
			<Value>ERA_CLASSICAL</Value>
		</Row>
		<Row>
			<ModifierId>TRAIT_CLASSICAL_MELEE_UNIT_PRODUCTION_YNL_AKITSUMARU</ModifierId>
			<Name>Amount</Name>
			<Value>50</Value>
		</Row>
		<Row>
			<ModifierId>TRAIT_MEDIEVAL_MELEE_UNIT_PRODUCTION_YNL_AKITSUMARU</ModifierId>
			<Name>UnitPromotionClass</Name>
			<Value>PROMOTION_CLASS_MELEE</Value>
		</Row>
		<Row>
			<ModifierId>TRAIT_MEDIEVAL_MELEE_UNIT_PRODUCTION_YNL_AKITSUMARU</ModifierId>
			<Name>EraType</Name>
			<Value>ERA_MEDIEVAL</Value>
		</Row>
		<Row>
			<ModifierId>TRAIT_MEDIEVAL_MELEE_UNIT_PRODUCTION_YNL_AKITSUMARU</ModifierId>
			<Name>Amount</Name>
			<Value>50</Value>
		</Row>
		<Row>
			<ModifierId>TRAIT_RENAISSANCE_MELEE_UNIT_PRODUCTION_YNL_AKITSUMARU</ModifierId>
			<Name>UnitPromotionClass</Name>
			<Value>PROMOTION_CLASS_MELEE</Value>
		</Row>
		<Row>
			<ModifierId>TRAIT_RENAISSANCE_MELEE_UNIT_PRODUCTION_YNL_AKITSUMARU</ModifierId>
			<Name>EraType</Name>
			<Value>ERA_RENAISSANCE</Value>
		</Row>
		<Row>
			<ModifierId>TRAIT_RENAISSANCE_MELEE_UNIT_PRODUCTION_YNL_AKITSUMARU</ModifierId>
			<Name>Amount</Name>
			<Value>50</Value>
		</Row>
		<Row>
			<ModifierId>TRAIT_INDUSTRIAL_MELEE_UNIT_PRODUCTION_YNL_AKITSUMARU</ModifierId>
			<Name>UnitPromotionClass</Name>
			<Value>PROMOTION_CLASS_MELEE</Value>
		</Row>
		<Row>
			<ModifierId>TRAIT_INDUSTRIAL_MELEE_UNIT_PRODUCTION_YNL_AKITSUMARU</ModifierId>
			<Name>EraType</Name>
			<Value>ERA_INDUSTRIAL</Value>
		</Row>
		<Row>
			<ModifierId>TRAIT_INDUSTRIAL_MELEE_UNIT_PRODUCTION_YNL_AKITSUMARU</ModifierId>
			<Name>Amount</Name>
			<Value>50</Value>
		</Row>
		<Row>
			<ModifierId>TRAIT_MODERN_MELEE_UNIT_PRODUCTION_YNL_AKITSUMARU</ModifierId>
			<Name>UnitPromotionClass</Name>
			<Value>PROMOTION_CLASS_MELEE</Value>
		</Row>
		<Row>
			<ModifierId>TRAIT_MODERN_MELEE_UNIT_PRODUCTION_YNL_AKITSUMARU</ModifierId>
			<Name>EraType</Name>
			<Value>ERA_MODERN</Value>
		</Row>
		<Row>
			<ModifierId>TRAIT_MODERN_MELEE_UNIT_PRODUCTION_YNL_AKITSUMARU</ModifierId>
			<Name>Amount</Name>
			<Value>50</Value>
		</Row>
		<Row>
			<ModifierId>TRAIT_ATOMIC_MELEE_UNIT_PRODUCTION_YNL_AKITSUMARU</ModifierId>
			<Name>UnitPromotionClass</Name>
			<Value>PROMOTION_CLASS_MELEE</Value>
		</Row>
		<Row>
			<ModifierId>TRAIT_ATOMIC_MELEE_UNIT_PRODUCTION_YNL_AKITSUMARU</ModifierId>
			<Name>EraType</Name>
			<Value>ERA_ATOMIC</Value>
		</Row>
		<Row>
			<ModifierId>TRAIT_ATOMIC_MELEE_UNIT_PRODUCTION_YNL_AKITSUMARU</ModifierId>
			<Name>Amount</Name>
			<Value>50</Value>
		</Row>
		<Row>
			<ModifierId>TRAIT_INFORMATION_MELEE_UNIT_PRODUCTION_YNL_AKITSUMARU</ModifierId>
			<Name>UnitPromotionClass</Name>
			<Value>PROMOTION_CLASS_MELEE</Value>
		</Row>
		<Row>
			<ModifierId>TRAIT_INFORMATION_MELEE_UNIT_PRODUCTION_YNL_AKITSUMARU</ModifierId>
			<Name>EraType</Name>
			<Value>ERA_INFORMATION</Value>
		</Row>
		<Row>
			<ModifierId>TRAIT_INFORMATION_MELEE_UNIT_PRODUCTION_YNL_AKITSUMARU</ModifierId>
			<Name>Amount</Name>
			<Value>50</Value>
		</Row>
	</ModifierArguments>
	<CityNames>
		<Row CivilizationType="CIVILIZATION_YNL_AKITSUMARU" CityName="LOC_CIVLIZATION_YNL_AKITSUMARU_CITY_1" />
		<Row CivilizationType="CIVILIZATION_YNL_AKITSUMARU" CityName="LOC_CIVLIZATION_YNL_AKITSUMARU_CITY_2" />
		<Row CivilizationType="CIVILIZATION_YNL_AKITSUMARU" CityName="LOC_CIVLIZATION_YNL_AKITSUMARU_CITY_3" />
		<Row CivilizationType="CIVILIZATION_YNL_AKITSUMARU" CityName="LOC_CIVLIZATION_YNL_AKITSUMARU_CITY_4" />
		<Row CivilizationType="CIVILIZATION_YNL_AKITSUMARU" CityName="LOC_CIVLIZATION_YNL_AKITSUMARU_CITY_5" />
		<Row CivilizationType="CIVILIZATION_YNL_AKITSUMARU" CityName="LOC_CIVLIZATION_YNL_AKITSUMARU_CITY_6" />
		<Row CivilizationType="CIVILIZATION_YNL_AKITSUMARU" CityName="LOC_CIVLIZATION_YNL_AKITSUMARU_CITY_7" />
		<Row CivilizationType="CIVILIZATION_YNL_AKITSUMARU" CityName="LOC_CIVLIZATION_YNL_AKITSUMARU_CITY_8" />
		<Row CivilizationType="CIVILIZATION_YNL_AKITSUMARU" CityName="LOC_CIVLIZATION_YNL_AKITSUMARU_CITY_9" />
		<Row CivilizationType="CIVILIZATION_YNL_AKITSUMARU" CityName="LOC_CIVLIZATION_YNL_AKITSUMARU_CITY_10" />
		<Row CivilizationType="CIVILIZATION_YNL_AKITSUMARU" CityName="LOC_CIVLIZATION_YNL_AKITSUMARU_CITY_11" />
		<Row CivilizationType="CIVILIZATION_YNL_AKITSUMARU" CityName="LOC_CIVLIZATION_YNL_AKITSUMARU_CITY_12" />
		<Row CivilizationType="CIVILIZATION_YNL_AKITSUMARU" CityName="LOC_CIVLIZATION_YNL_AKITSUMARU_CITY_13" />
		<Row CivilizationType="CIVILIZATION_YNL_AKITSUMARU" CityName="LOC_CIVLIZATION_YNL_AKITSUMARU_CITY_14" />
		<Row CivilizationType="CIVILIZATION_YNL_AKITSUMARU" CityName="LOC_CIVLIZATION_YNL_AKITSUMARU_CITY_15" />
	</CityNames>
</GameData>
