<?xml version="1.0" encoding="utf-8"?>
<GameData>
	<LocalizedText>
		<!-- RaF専用アジェンダ（専用のファイルに書くこと） -->
		<!-- 堅物 -->
		<Replace Tag="LOC_DIPLO_KUDO_LEADER_YNL_AKITSUMARU_REASON_AGENDA_CURMUDGEON_POSITIVE" Language="ja_JP">
			<Text>偉大な指導者は、異性の手管に心を奪われたりはせぬものではありませぬか？</Text>
		</Replace>
		<Replace Tag="LOC_DIPLO_WARNING_LEADER_YNL_AKITSUMARU_REASON_AGENDA_CURMUDGEON_NEGATIVE" Language="ja_JP">
			<Text>よく回る口でありますな・・・他にやることはないのですか？気が散って迷惑なのであります。</Text>
		</Replace>
		<!-- 色好み -->
		<Replace Tag="LOC_DIPLO_KUDO_LEADER_YNL_AKITSUMARU_REASON_AGENDA_FLIRTATIOUS_POSITIVE" Language="ja_JP">
			<Text>貴殿にはとても敬服しております。多くの者がそうなのでありましょうが、拙者こそが最大にして最も重要な信奉者であると自負していますよ。</Text>
		</Replace>
		<Replace Tag="LOC_DIPLO_WARNING_LEADER_YNL_AKITSUMARU_REASON_AGENDA_FLIRTATIOUS_NEGATIVE" Language="ja_JP">
			<Text>貴殿は「民の最善の利益のために交渉している」とおっしゃられるが、その真意のほどはいかがですかな？拙者の交友関係を妬んでいるだけに見えるのでありますが。</Text>
		</Replace>
		<!-- ゴシップ -->
		<Replace Tag="LOC_DIPLO_KUDO_LEADER_YNL_AKITSUMARU_REASON_AGENDA_GOSSIP_POSITIVE" Language="ja_JP">
			<Text>「知は力なり」と言うように、他国の秘密を知っている我々の関係は盤石でありますな。</Text>
		</Replace>
		<Replace Tag="LOC_DIPLO_WARNING_LEADER_YNL_AKITSUMARU_REASON_AGENDA_GOSSIP_NEGATIVE" Language="ja_JP">
			<Text>しょっちゅう考えるのであります、貴殿の口数が少ないのはなぜなのかと。おそらく、興味を引けるような話をろくに知らないのではないですかな？</Text>
		</Replace>
		<!-- 追従 -->
		<Replace Tag="LOC_DIPLO_KUDO_LEADER_YNL_AKITSUMARU_REASON_AGENDA_SYCOPHANT_GOLDEN_AGE" Language="ja_JP">
			<Text>我が国の詩人や哲学者たちは、あなたの国の文明をこの世の光として称賛しています。私も同じ意見であります。</Text>
		</Replace>
		<Replace Tag="LOC_DIPLO_WARNING_LEADER_YNL_AKITSUMARU_REASON_AGENDA_SYCOPHANT_DARK_AGE" Language="ja_JP">
			<Text>世界にとってより尊い手本となることを目指していただきたい！貴殿が民を栄光に導けば、民はあなたを愛するでありましょう。</Text>
		</Replace>
		<!-- 人情家 -->
		<Replace Tag="LOC_DIPLO_KUDO_LEADER_YNL_AKITSUMARU_REASON_AGENDA_SYMPATHIZER_DARK_AGE" Language="ja_JP">
			<Text>貴殿の忍び難きを忍び、耐えがたきを耐える姿勢は私たちとしても感に堪えないのであります。</Text>
		</Replace>
		<Replace Tag="LOC_DIPLO_WARNING_LEADER_YNL_AKITSUMARU_REASON_AGENDA_SYMPATHIZER_GOLDEN_AGE" Language="ja_JP">
			<Text>「栄光の時代」を満喫しているところを悪いのですが、どうにも鼻についてなりませんな。貴殿の国の落日が今から楽しみであります。</Text>
		</Replace>
	</LocalizedText>
</GameData>
