<?xml version="1.0" encoding="utf-8"?>
<GameData>
	<LocalizedText>
		<Row Tag="LOC_IMP_ARMY_ARMORY_EXPANSION2_DESCRIPTION" Language="en_US">
			<Text>Akitsumaru unique building that replaces Armory. +2 [ICON_Production] Production, +1 [ICON_Science] Science. All strategic resources gain +1 [ICON_Production] Production. +50% combat experience for all land units trained in this city.[NEWLINE]Strategic Resource Stockpiles increased +10.</Text>
		</Row>
		<Row Tag="LOC_UNIT_YNL_KENPEI_EXPANSION2_DESCRIPTION" Language="en_US">
			<Text>Akitsumaru unique Modern era melee unit that replaces the Infantry. +5 [ICON_GreatGeneral] Great General points for killing units.[NEWLINE]No need strategic resources.</Text>
		</Row>
	</LocalizedText>
</GameData>
