<?xml version="1.0" encoding="utf-8"?>
<GameData>
	<LocalizedText>
		<!-- Leader specific pedia text. -->
		<Row Tag="LOC_PEDIA_LEADERS_PAGE_LEADER_YNL_AKITSUMARU_CHAPTER_CAPSULE_BODY" Language="en_US">
			<Text>"Army's Hei class [Akitsumaru]"</Text>
		</Row>
		<Row Tag="LOC_PEDIA_LEADERS_PAGE_LEADER_YNL_AKITSUMARU_CHAPTER_DETAILED_BODY" Language="en_US">
			<Text></Text>
		</Row>
		
		<!-- Leader specific historical text. -->
		<Row Tag="LOC_PEDIA_LEADERS_PAGE_LEADER_YNL_AKITSUMARU_CHAPTER_HISTORY_PARA_1" Language="en_US">
			<Text></Text>
		</Row>

		<!-- Civilization specific historical text. -->
		<Row Tag="LOC_PEDIA_CIVILIZATIONS_PAGE_CIVILIZATION_YNL_AKITSUMARU_CHAPTER_HISTORY_PARA_1" Language="en_US">
			<Text></Text>
		</Row>

		<!-- Civlization Citizen Names -->
		<Row Tag="LOC_CITIZEN_YNL_AKITSUMARU_MALE_1" Language="en_US">
			<Text>Minoru Yamada</Text>
		</Row>
		<Row Tag="LOC_CITIZEN_YNL_AKITSUMARU_MALE_2" Language="en_US">
			<Text>Takeshi Tsuruno</Text>
		</Row>
		<Row Tag="LOC_CITIZEN_YNL_AKITSUMARU_MALE_3" Language="en_US">
			<Text>Kenichi Kurisu</Text>
		</Row>
		<Row Tag="LOC_CITIZEN_YNL_AKITSUMARU_MALE_4" Language="en_US">
			<Text>Kinzo Sakura</Text>
		</Row>
		<Row Tag="LOC_CITIZEN_YNL_AKITSUMARU_FEMALE_1" Language="en_US">
			<Text>Yukie Kawamura</Text>
		</Row>
		<Row Tag="LOC_CITIZEN_YNL_AKITSUMARU_FEMALE_2" Language="en_US">
			<Text>Hibiki Otuki</Text>
		</Row>
		<Row Tag="LOC_CITIZEN_YNL_AKITSUMARU_FEMALE_3" Language="en_US">
			<Text>Hiroko Anzai</Text>
		</Row>
		<Row Tag="LOC_CITIZEN_YNL_AKITSUMARU_FEMALE_4" Language="en_US">
			<Text>Ai Tominaga</Text>
		</Row>
		<Row Tag="LOC_CITIZEN_YNL_AKITSUMARU_FEMALE_5" Language="en_US">
			<Text>Ayako Nishikawa</Text>
		</Row>

		<!-- Civilization City Names-->
		<Row Tag="LOC_CIVLIZATION_YNL_AKITSUMARU_CITY_1" Language="en_US">
			<Text>Ujina</Text>
		</Row>
		<Row Tag="LOC_CIVLIZATION_YNL_AKITSUMARU_CITY_2" Language="en_US">
			<Text>Moji</Text>
		</Row>
		<Row Tag="LOC_CIVLIZATION_YNL_AKITSUMARU_CITY_3" Language="en_US">
			<Text>Syounan</Text>
		</Row>
		<Row Tag="LOC_CIVLIZATION_YNL_AKITSUMARU_CITY_4" Language="en_US">
			<Text>Rabaul</Text>
		</Row>
		<Row Tag="LOC_CIVLIZATION_YNL_AKITSUMARU_CITY_5" Language="en_US">
			<Text>Davao</Text>
		</Row>
		<Row Tag="LOC_CIVLIZATION_YNL_AKITSUMARU_CITY_6" Language="en_US">
			<Text>Shanghai</Text>
		</Row>
		<Row Tag="LOC_CIVLIZATION_YNL_AKITSUMARU_CITY_7" Language="en_US">
			<Text>Cebu</Text>
		</Row>
		<Row Tag="LOC_CIVLIZATION_YNL_AKITSUMARU_CITY_8" Language="en_US">
			<Text>Otaru</Text>
		</Row>
		<Row Tag="LOC_CIVLIZATION_YNL_AKITSUMARU_CITY_9" Language="en_US">
			<Text>Manila</Text>
		</Row>
		<Row Tag="LOC_CIVLIZATION_YNL_AKITSUMARU_CITY_10" Language="en_US">
			<Text>Wewak</Text>
		</Row>
		<Row Tag="LOC_CIVLIZATION_YNL_AKITSUMARU_CITY_11" Language="en_US">
			<Text>Aioi</Text>
		</Row>
		<Row Tag="LOC_CIVLIZATION_YNL_AKITSUMARU_CITY_12" Language="en_US">
			<Text>Koganei</Text>
		</Row>
		<Row Tag="LOC_CIVLIZATION_YNL_AKITSUMARU_CITY_13" Language="en_US">
			<Text>Sagamihara</Text>
		</Row>
		<Row Tag="LOC_CIVLIZATION_YNL_AKITSUMARU_CITY_14" Language="en_US">
			<Text>Kodaira</Text>
		</Row>
		<Row Tag="LOC_CIVLIZATION_YNL_AKITSUMARU_CITY_15" Language="en_US">
			<Text>Himeji</Text>
		</Row>
		
		<!-- Leader Quotes -->
		<Row Tag="LOC_LEADER_YNL_AKITSUMARU_QUOTE" Language="en_US">
			<Text>Akitsu Maru, ready for departure! </Text>
		</Row>
    
		<!-- Unit Ability -->
		<Row Tag="LOC_ABILITY_UNOBSTRUCTED_VIEW_YNL_AKITSUMARU_NAME" Language="en_US">
			<Text>Unobstructed View</Text>
		</Row>
		<Row Tag="LOC_ABILITY_UNOBSTRUCTED_VIEW_YNL_AKITSUMARU_DESCRIPTION" Language="en_US">
			<Text>Sight range unobstructed by terrain.</Text>
		</Row>
		<Row Tag="LOC_ABILITY_UNOBSTRUCTED_VIEW_YNL_AKITSUMARU_MODIFIER_DESCRIPTION" Language="en_US">
			<Text>Unobstructed Sight</Text>
		</Row>

		<Row Tag="LOC_ABILITY_VS_NAVAL_RAIDER_YNL_AKITSUMARU_NAME" Language="en_US">
			<Text>Anti-submarine</Text>
		</Row>
		<Row Tag="LOC_ABILITY_VS_NAVAL_RAIDER_YNL_AKITSUMARU_DESCRIPTION" Language="en_US">
			<Text>+9 [ICON_Strength] Strength when attacking to naval raider unit.</Text>
		</Row>
		<Row Tag="LOC_ABILITY_VS_NAVAL_RAIDER_YNL_AKITSUMARU_MODIFIER_DESCRIPTION" Language="en_US">
			<Text>+9 [ICON_Strength] Strength when attacking to naval raider unit</Text>
		</Row>

		<Row Tag="LOC_ABILITY_UNIT_YNL_KENPEI_NAME" Language="en_US">
			<Text>Kenpei's Honor</Text>
		</Row>
		<Row Tag="LOC_ABILITY_UNIT_YNL_KENPEI_DESCRIPTION" Language="en_US">
			<Text>Akitsumaru unique Modern era naval melee unit. +5 [ICON_GreatGeneral] Great General points for killing units.</Text>
		</Row>
	</LocalizedText>
</GameData>
