<?xml version="1.0" encoding="utf-8"?>
<GameData>
	<!-- 建造物の追加設定 -->
	<!-- 文章変更 -->
	<Buildings>
		<Update>
			<Where BuildingType="BUILDING_IMP_ARMY_ARMORY"/>
			<Set>
				<Description>LOC_IMP_ARMY_ARMORY_EXPANSION2_DESCRIPTION</Description>
			</Set>
		</Update>
	</Buildings>
	<!-- 効果の追加 -->
	<BuildingModifiers>
		<Row>
			<BuildingType>BUILDING_IMP_ARMY_ARMORY</BuildingType>
			<ModifierId>IMP_ARMY_ARMORY_ADJUST_RESOURCE_STOCKPILE_CAP</ModifierId>
		</Row>
	</BuildingModifiers>
	<Modifiers>
		<Row>
			<ModifierId>IMP_ARMY_ARMORY_ADJUST_RESOURCE_STOCKPILE_CAP</ModifierId>
			<ModifierType>MODIFIER_PLAYER_ADJUST_RESOURCE_STOCKPILE_CAP</ModifierType>
		</Row>
	</Modifiers>
	<ModifierArguments>
		<Row>
			<ModifierId>IMP_ARMY_ARMORY_ADJUST_RESOURCE_STOCKPILE_CAP</ModifierId>
			<Name>Amount</Name>
			<Value>10</Value>
		</Row>
	</ModifierArguments>
	<!-- ユニットの説明文変更 -->
	<Units>
		<Update>
			<Where UnitType="UNIT_YNL_KENPEI"/>
			<Set>
				<Description>LOC_UNIT_YNL_KENPEI_EXPANSION2_DESCRIPTION</Description>
			</Set>
		</Update>
	</Units>
	<!-- ユニットの追加設定 -->
	<Units_XP2>
		<Row UnitType="UNIT_KAGOU" CanEarnExperience="false" CanFormMilitaryFormation="false"/>
	</Units_XP2>
</GameData>
