<?xml version="1.0" encoding="utf-8"?>
<GameData>
	<Players>
		<!-- Vanilla -->
		<Row>
			<Domain>StandardPlayers</Domain>
			<CivilizationType>CIVILIZATION_YNL_AKITSUMARU</CivilizationType>
			<LeaderType>LEADER_YNL_AKITSUMARU</LeaderType>
			<CivilizationName>LOC_CIVILIZATION_YNL_AKITSUMARU_NAME</CivilizationName>
			<CivilizationIcon>ICON_CIVILIZATION_YNL_AKITSUMARU</CivilizationIcon>
			<LeaderName>LOC_LEADER_YNL_AKITSUMARU_NAME</LeaderName>
			<LeaderIcon>ICON_LEADER_YNL_AKITSUMARU</LeaderIcon>
			<CivilizationAbilityName>LOC_TRAIT_CIVILIZATION_YNL_AKITSUMARU_NAME</CivilizationAbilityName>
			<CivilizationAbilityDescription>LOC_TRAIT_CIVILIZATION_YNL_AKITSUMARU_DESCRIPTION</CivilizationAbilityDescription>
			<CivilizationAbilityIcon>ICON_CIVILIZATION_YNL_AKITSUMARU</CivilizationAbilityIcon>
			<LeaderAbilityName>LOC_TRAIT_LEADER_YNL_AKITSUMARU_NAME</LeaderAbilityName>
			<LeaderAbilityDescription>LOC_TRAIT_LEADER_YNL_AKITSUMARU_DESCRIPTION</LeaderAbilityDescription>
			<LeaderAbilityIcon>ICON_LEADER_YNL_AKITSUMARU</LeaderAbilityIcon>
			<Portrait>LEADER_YNL_AKITSUMARU_NEUTRAL</Portrait>
		</Row>
		<!-- Expansion1 Support -->
		<Row>
			<Domain>Players:Expansion1_Players</Domain>
			<CivilizationType>CIVILIZATION_YNL_AKITSUMARU</CivilizationType>
			<LeaderType>LEADER_YNL_AKITSUMARU</LeaderType>
			<CivilizationName>LOC_CIVILIZATION_YNL_AKITSUMARU_NAME</CivilizationName>
			<CivilizationIcon>ICON_CIVILIZATION_YNL_AKITSUMARU</CivilizationIcon>
			<LeaderName>LOC_LEADER_YNL_AKITSUMARU_NAME</LeaderName>
			<LeaderIcon>ICON_LEADER_YNL_AKITSUMARU</LeaderIcon>
			<CivilizationAbilityName>LOC_TRAIT_CIVILIZATION_YNL_AKITSUMARU_NAME</CivilizationAbilityName>
			<CivilizationAbilityDescription>LOC_TRAIT_CIVILIZATION_YNL_AKITSUMARU_DESCRIPTION</CivilizationAbilityDescription>
			<CivilizationAbilityIcon>ICON_CIVILIZATION_YNL_AKITSUMARU</CivilizationAbilityIcon>
			<LeaderAbilityName>LOC_TRAIT_LEADER_YNL_AKITSUMARU_NAME</LeaderAbilityName>
			<LeaderAbilityDescription>LOC_TRAIT_LEADER_YNL_AKITSUMARU_DESCRIPTION</LeaderAbilityDescription>
			<LeaderAbilityIcon>ICON_LEADER_YNL_AKITSUMARU</LeaderAbilityIcon>
			<Portrait>LEADER_YNL_AKITSUMARU_NEUTRAL</Portrait>
		</Row>
		<!-- Expansion2 Support -->
		<Row>
			<Domain>Players:Expansion2_Players</Domain>
			<CivilizationType>CIVILIZATION_YNL_AKITSUMARU</CivilizationType>
			<LeaderType>LEADER_YNL_AKITSUMARU</LeaderType>
			<CivilizationName>LOC_CIVILIZATION_YNL_AKITSUMARU_NAME</CivilizationName>
			<CivilizationIcon>ICON_CIVILIZATION_YNL_AKITSUMARU</CivilizationIcon>
			<LeaderName>LOC_LEADER_YNL_AKITSUMARU_NAME</LeaderName>
			<LeaderIcon>ICON_LEADER_YNL_AKITSUMARU</LeaderIcon>
			<CivilizationAbilityName>LOC_TRAIT_CIVILIZATION_YNL_AKITSUMARU_NAME</CivilizationAbilityName>
			<CivilizationAbilityDescription>LOC_TRAIT_CIVILIZATION_YNL_AKITSUMARU_DESCRIPTION</CivilizationAbilityDescription>
			<CivilizationAbilityIcon>ICON_CIVILIZATION_YNL_AKITSUMARU</CivilizationAbilityIcon>
			<LeaderAbilityName>LOC_TRAIT_LEADER_YNL_AKITSUMARU_NAME</LeaderAbilityName>
			<LeaderAbilityDescription>LOC_TRAIT_LEADER_YNL_AKITSUMARU_DESCRIPTION</LeaderAbilityDescription>
			<LeaderAbilityIcon>ICON_LEADER_YNL_AKITSUMARU</LeaderAbilityIcon>
			<Portrait>LEADER_YNL_AKITSUMARU_NEUTRAL</Portrait>
		</Row>
	</Players>
	<PlayerItems>
		<!-- Vanilla -->
		<Row>
			<Domain>StandardPlayers</Domain>
			<CivilizationType>CIVILIZATION_YNL_AKITSUMARU</CivilizationType>
			<LeaderType>LEADER_YNL_AKITSUMARU</LeaderType>
			<Type>BUILDING_IMP_ARMY_ARMORY</Type>
			<Name>LOC_BUILDING_IMP_ARMY_ARMORY_NAME</Name>
			<Description>LOC_BUILDING_IMP_ARMY_ARMORY_DESCRIPTION</Description>
			<Icon>ICON_BUILDING_IMP_ARMY_ARMORY</Icon>
			<SortIndex>10</SortIndex>
		</Row>
		<Row>
			<Domain>StandardPlayers</Domain>
			<CivilizationType>CIVILIZATION_YNL_AKITSUMARU</CivilizationType>
			<LeaderType>LEADER_YNL_AKITSUMARU</LeaderType>
			<Type>UNIT_KAGOU</Type>
			<Name>LOC_UNIT_KAGOU_NAME</Name>
			<Description>LOC_UNIT_KAGOU_DESCRIPTION</Description>
			<Icon>ICON_UNIT_KAGOU</Icon>
			<SortIndex>20</SortIndex>
		</Row>
		<Row>
			<Domain>StandardPlayers</Domain>
			<CivilizationType>CIVILIZATION_YNL_AKITSUMARU</CivilizationType>
			<LeaderType>LEADER_YNL_AKITSUMARU</LeaderType>
			<Type>UNIT_YNL_KENPEI</Type>
			<Name>LOC_UNIT_YNL_KENPEI_NAME</Name>
			<Description>LOC_UNIT_YNL_KENPEI_DESCRIPTION</Description>
			<Icon>ICON_UNIT_YNL_KENPEI</Icon>
			<SortIndex>30</SortIndex>
		</Row>
		<!-- Expansion1 Support -->
		<Row>
			<Domain>Players:Expansion1_Players</Domain>
			<CivilizationType>CIVILIZATION_YNL_AKITSUMARU</CivilizationType>
			<LeaderType>LEADER_YNL_AKITSUMARU</LeaderType>
			<Type>BUILDING_IMP_ARMY_ARMORY</Type>
			<Name>LOC_BUILDING_IMP_ARMY_ARMORY_NAME</Name>
			<Description>LOC_BUILDING_IMP_ARMY_ARMORY_DESCRIPTION</Description>
			<Icon>ICON_BUILDING_IMP_ARMY_ARMORY</Icon>
			<SortIndex>10</SortIndex>
		</Row>
		<Row>
			<Domain>Players:Expansion1_Players</Domain>
			<CivilizationType>CIVILIZATION_YNL_AKITSUMARU</CivilizationType>
			<LeaderType>LEADER_YNL_AKITSUMARU</LeaderType>
			<Type>UNIT_KAGOU</Type>
			<Name>LOC_UNIT_KAGOU_NAME</Name>
			<Description>LOC_UNIT_KAGOU_DESCRIPTION</Description>
			<Icon>ICON_UNIT_KAGOU</Icon>
			<SortIndex>20</SortIndex>
		</Row>
		<Row>
			<Domain>Players:Expansion1_Players</Domain>
			<CivilizationType>CIVILIZATION_YNL_AKITSUMARU</CivilizationType>
			<LeaderType>LEADER_YNL_AKITSUMARU</LeaderType>
			<Type>UNIT_YNL_KENPEI</Type>
			<Name>LOC_UNIT_YNL_KENPEI_NAME</Name>
			<Description>LOC_UNIT_YNL_KENPEI_DESCRIPTION</Description>
			<Icon>ICON_UNIT_YNL_KENPEI</Icon>
			<SortIndex>30</SortIndex>
		</Row>
		<!-- Expansion1 Support -->
		<Row>
			<Domain>Players:Expansion2_Players</Domain>
			<CivilizationType>CIVILIZATION_YNL_AKITSUMARU</CivilizationType>
			<LeaderType>LEADER_YNL_AKITSUMARU</LeaderType>
			<Type>BUILDING_IMP_ARMY_ARMORY</Type>
			<Name>LOC_BUILDING_IMP_ARMY_ARMORY_NAME</Name>
			<Description>LOC_IMP_ARMY_ARMORY_EXPANSION2_DESCRIPTION</Description>
			<Icon>ICON_BUILDING_IMP_ARMY_ARMORY</Icon>
			<SortIndex>10</SortIndex>
		</Row>
		<Row>
			<Domain>Players:Expansion2_Players</Domain>
			<CivilizationType>CIVILIZATION_YNL_AKITSUMARU</CivilizationType>
			<LeaderType>LEADER_YNL_AKITSUMARU</LeaderType>
			<Type>UNIT_KAGOU</Type>
			<Name>LOC_UNIT_KAGOU_NAME</Name>
			<Description>LOC_UNIT_KAGOU_DESCRIPTION</Description>
			<Icon>ICON_UNIT_KAGOU</Icon>
			<SortIndex>20</SortIndex>
		</Row>
		<Row>
			<Domain>Players:Expansion2_Players</Domain>
			<CivilizationType>CIVILIZATION_YNL_AKITSUMARU</CivilizationType>
			<LeaderType>LEADER_YNL_AKITSUMARU</LeaderType>
			<Type>UNIT_YNL_KENPEI</Type>
			<Name>LOC_UNIT_YNL_KENPEI_NAME</Name>
			<Description>LOC_UNIT_YNL_KENPEI_DESCRIPTION</Description>
			<Icon>ICON_UNIT_YNL_KENPEI</Icon>
			<SortIndex>30</SortIndex>
		</Row>
	</PlayerItems>
</GameData>
