<?xml version="1.0" encoding="utf-8"?>
<GameData>
	<Types>
		<Row Type="LEADER_YNL_AKITSUMARU"                 Kind="KIND_LEADER" />
		<Row Type="TRAIT_LEADER_YNL_AKITSUMARU"           Kind="KIND_TRAIT"/>
		<Row Type="TRAIT_LEADER_UNIT_KAGOU"               Kind="KIND_TRAIT"/>
		<Row Type="TRAIT_LEADER_BUILDING_IMP_ARMY_ARMORY" Kind="KIND_TRAIT"/>
	</Types>

	<Leaders>
		<Row>
			<LeaderType>LEADER_YNL_AKITSUMARU</LeaderType>
			<Name>LOC_LEADER_YNL_AKITSUMARU_NAME</Name>
			<Sex>Female</Sex>
			<InheritFrom>LEADER_DEFAULT</InheritFrom>
		</Row>
	</Leaders>
	<LeaderQuotes>
		<Row LeaderType="LEADER_YNL_AKITSUMARU" Quote="LOC_LEADER_YNL_AKITSUMARU_QUOTE"/>
	</LeaderQuotes>
	<LeaderTraits>
		<Row LeaderType="LEADER_YNL_AKITSUMARU" TraitType="TRAIT_LEADER_YNL_AKITSUMARU"/>			<!-- 指導者特性 -->
		<Row LeaderType="LEADER_YNL_AKITSUMARU" TraitType="TRAIT_LEADER_UNIT_KAGOU"/>				<!-- UU：カ号観測機 -->
		<Row LeaderType="LEADER_YNL_AKITSUMARU" TraitType="TRAIT_LEADER_BUILDING_IMP_ARMY_ARMORY"/>	<!-- UB：帝国陸軍兵器廠 -->
	</LeaderTraits>

	<Traits>
		<Row TraitType="TRAIT_LEADER_YNL_AKITSUMARU"           Name="LOC_TRAIT_LEADER_YNL_AKITSUMARU_NAME" Description="LOC_TRAIT_LEADER_YNL_AKITSUMARU_DESCRIPTION"/>
		<Row TraitType="TRAIT_LEADER_UNIT_KAGOU"               Name="LOC_TRAIT_LEADER_UNIT_KAGOU_NAME"/>
		<Row TraitType="TRAIT_LEADER_BUILDING_IMP_ARMY_ARMORY" Name="LOC_TRAIT_LEADER_BUILDING_IMP_ARMY_ARMORY_NAME"/>
	</Traits>
	<TraitModifiers>
		<!-- 乗船および下船時に追加の移動コストがかからなくなる -->
		<Row>
			<TraitType>TRAIT_LEADER_YNL_AKITSUMARU</TraitType>
			<ModifierId>TRAIT_IGNORE_EMBARK_DISEMBARK_COST_YNL_AKITSUMARU</ModifierId>
		</Row>
		<!-- 沿岸タイルにいる海洋ユニットの戦闘力+5 -->
		<Row>
			<TraitType>TRAIT_LEADER_YNL_AKITSUMARU</TraitType>
			<ModifierId>TRAIT_COMBAT_BONUS_NAVAL_SHALLOW_WATER_YNL_AKITSUMARU</ModifierId>
		</Row>
		<!-- 海に接した陸上タイルにいる陸上ユニットの戦闘力+5 -->
		<Row>
			<TraitType>TRAIT_LEADER_YNL_AKITSUMARU</TraitType>
			<ModifierId>TRAIT_COMBAT_BONUS_LAND_ON_COAST_YNL_AKITSUMARU</ModifierId>
		</Row>
	</TraitModifiers>
	
	<!-- Modifier系 -->
	<Modifiers>
		<!-- 乗船および下船時に追加の移動コストがかからなくなる -->
		<Row>
			<ModifierId>TRAIT_IGNORE_EMBARK_DISEMBARK_COST_YNL_AKITSUMARU</ModifierId>
			<ModifierType>MODIFIER_PLAYER_UNITS_GRANT_ABILITY</ModifierType>
		</Row>
		<!-- 沿岸、浅瀬の戦闘ボーナス -->
		<Row>
			<ModifierId>TRAIT_COMBAT_BONUS_NAVAL_SHALLOW_WATER_YNL_AKITSUMARU</ModifierId>
			<ModifierType>MODIFIER_PLAYER_UNITS_GRANT_ABILITY</ModifierType>
		</Row>
		<Row>
			<ModifierId>TRAIT_COMBAT_BONUS_LAND_ON_COAST_YNL_AKITSUMARU</ModifierId>
			<ModifierType>MODIFIER_PLAYER_UNITS_GRANT_ABILITY</ModifierType>
		</Row>
	</Modifiers>
	<ModifierArguments>
		<!-- 乗船および下船時に追加の移動コストがかからなくなる -->
		<Row>
			<ModifierId>TRAIT_IGNORE_EMBARK_DISEMBARK_COST_YNL_AKITSUMARU</ModifierId>
			<Name>AbilityType</Name>
			<Value>ABILITY_YNL_AKITSUMARU_IGNORE_EMBARK_DISEMBARK_COST</Value>
		</Row>
		<!-- 沿岸、浅瀬の戦闘ボーナス -->
		<Row>
			<ModifierId>TRAIT_COMBAT_BONUS_NAVAL_SHALLOW_WATER_YNL_AKITSUMARU</ModifierId>
			<Name>AbilityType</Name>
			<Value>ABILITY_YNL_AKITSUMARU_SHALLOW_WATER_COMBAT_BONUS</Value>
		</Row>
		<Row>
			<ModifierId>TRAIT_COMBAT_BONUS_LAND_ON_COAST_YNL_AKITSUMARU</ModifierId>
			<Name>AbilityType</Name>
			<Value>ABILITY_YNL_AKITSUMARU_COASTAL_COMBAT_BONUS</Value>
		</Row>
	</ModifierArguments>

	<!-- AIの好み -->
	<AiListTypes>
		<Row ListType="YNL_AkitsumaruWonders"/>
		<Row ListType="YNL_AkitsumaruCivics"/>
		<Row ListType="YNL_AkitsumaruTechs"/>
		<Row ListType="YNL_AkitsumaruEncampmentDistrict"/>
	</AiListTypes>
	<AiLists>
		<!-- Buildings -->
		<Row ListType="YNL_AkitsumaruWonders"            LeaderType="TRAIT_LEADER_YNL_NAGATO" System="Buildings"/>
		<!-- Civics -->								     
		<Row ListType="YNL_AkitsumaruCivics"             LeaderType="TRAIT_LEADER_YNL_NAGATO" System="Civics"/>
		<!-- Techs -->								     
		<Row ListType="YNL_AkitsumaruTechs"              LeaderType="TRAIT_LEADER_YNL_NAGATO" System="Technologies"/>
		<!-- District -->
		<Row ListType="YNL_AkitsumaruEncampmentDistrict" LeaderType="TRAIT_LEADER_YNL_NAGATO" System="Districts"/>
	</AiLists>
	<AiFavoredItems>
		<!-- Buildings -->
		<Row ListType="YNL_AkitsumaruWonders"            Item="BUILDING_STONEHENGE"/>		<!-- ストーンヘンジ -->
		<Row ListType="YNL_AkitsumaruWonders"            Item="BUILDING_TERRACOTTA_ARMY"/>	<!-- 兵馬俑 -->
		<Row ListType="YNL_AkitsumaruWonders"            Item="BUILDING_ALHAMBRA"/>			<!-- アルハンブラ宮殿 -->
		<Row ListType="YNL_AkitsumaruWonders"            Item="BUILDING_RUHR_VALLEY"/>		<!-- ルール地方 -->
		<Row ListType="YNL_AkitsumaruWonders"            Item="BUILDING_BIG_BEN"/>			<!-- ビッグ・ベン -->
		<!-- Civics -->								     
		<Row ListType="YNL_AkitsumaruCivics"             Item="CIVIC_MERCENARIES"/>			<!-- 傭兵 -->
		<Row ListType="YNL_AkitsumaruCivics"             Item="CIVIC_CIVIL_ENGINEERING"/>	<!-- 土木技術 -->
		<Row ListType="YNL_AkitsumaruCivics"             Item="CIVIC_MOBILIZATION"/>		<!-- 戦時動員 -->
		<Row ListType="YNL_AkitsumaruCivics"             Item="CIVIC_NATIONALISM"/>			<!-- ナショナリズム -->
		<Row ListType="YNL_AkitsumaruCivics"             Item="CIVIC_SCORCHED_EARTH"/>		<!-- 焦土作戦 -->
		<!-- Techs -->
		<Row ListType="YNL_AkitsumaruTechs"              Item="TECH_BRONZE_WORKING"/>		<!-- 青銅器 -->
		<Row ListType="YNL_AkitsumaruTechs"              Item="TECH_IRON_WORKING"/>			<!-- 鉄器 -->
		<Row ListType="YNL_AkitsumaruTechs"              Item="TECH_STEEL"/>				<!-- 鋼鉄 -->
		<Row ListType="YNL_AkitsumaruTechs"              Item="TECH_GUNPOWDER" />			<!-- 火薬 -->
		<Row ListType="YNL_AkitsumaruTechs"              Item="TECH_STEAM_POWER"/>			<!-- 蒸気機関 -->
		<Row ListType="YNL_AkitsumaruTechs"              Item="TECH_ELECTRICITY"/>			<!-- 電気 -->
		<!-- District -->
		<Row ListType="YNL_AkitsumaruEncampmentDistrict" Item="DISTRICT_ENCAMPMENT" Favored="true"/>
	</AiFavoredItems>

	<!-- 指導者固有の性格(アジェンダ) -->
	<HistoricalAgendas>
		<Row LeaderType="LEADER_YNL_AKITSUMARU" AgendaType="AGENDA_BUSHIDO"/>
	</HistoricalAgendas>
	<!-- 指導者が好む宗教 -->
	<FavoredReligions>
		<Row LeaderType="LEADER_YNL_AKITSUMARU" ReligionType="RELIGION_SHINTO"/>
	</FavoredReligions>

	<!-- 外交交渉画面 -->
	<DiplomacyInfo>
		<Row Type="LEADER_YNL_AKITSUMARU" BackgroundImage="Background_DiplomcayInfo_Akitsumaru.dds"/>
	</DiplomacyInfo>
	<!-- ローディング画面 -->
	<LoadingInfo>
		<Row LeaderType="LEADER_YNL_AKITSUMARU" BackgroundImage="Background_LoadingInfo_Akitsumaru.dds" ForegroundImage="Foreground_LoadingInfo_Akitsumaru.dds" LeaderText="LOC_LEADER_YNL_AKITSUMARU_DOM_TEXT" PlayDawnOfManAudio="1"/>
	</LoadingInfo>
</GameData>
