<?xml version="1.0" encoding="utf-8"?>
<GameData>
	<LocalizedText>
		<!-- Civilization -->
		<Row Tag="LOC_CIVILIZATION_YNL_AKITSUMARU_NAME" Language="en_US">
			<Text>Empire of Japan(Akitsumaru)</Text>
		</Row>
		<Row Tag="LOC_CIVILIZATION_YNL_AKITSUMARU_DESCRIPTION" Language="en_US">
			<Text>Empire of Japan(Akitsumaru)</Text>
		</Row>
		<Row Tag="LOC_CIVILIZATION_YNL_AKITSUMARU_ADJECTIVE" Language="en_US">
			<Text>Empire of Japan(Akitsumaru)</Text>
		</Row>
		
		<!-- Leader Name -->
		<Row Tag="LOC_LEADER_YNL_AKITSUMARU_NAME" Language="en_US">
			<Text>Akitsumaru</Text>
		</Row>

		<!-- Civilization Traits -->
		<Row Tag="LOC_TRAIT_CIVILIZATION_YNL_AKITSUMARU_NAME" Language="en_US">
			<Text>Land of the Rising Sun</Text>
		</Row>
		<Row Tag="LOC_TRAIT_CIVILIZATION_YNL_AKITSUMARU_DESCRIPTION" Language="en_US">
			<Text>Units ignore additional [ICON_Movement] Movement costs from embarking and disembarking. Each city can build one more district than usual (exceeding the normal limit based on [ICON_Citizen] Population).naval units receive +5 [ICON_Strength] Combat Strength in shallow water tiles.</Text>
		</Row>

		<!-- Leader Traits -->
		<Row Tag="LOC_TRAIT_LEADER_YNL_AKITSUMARU_NAME" Language="en_US">
			<Text>Imperial Army's Pride</Text>
		</Row>
		<Row Tag="LOC_TRAIT_LEADER_YNL_AKITSUMARU_DESCRIPTION" Language="en_US">
			<Text>Builds Encampment and Industrial Zone districts in half the time. +50% [ICON_Production] Production toward Melee units.Land units receive +5 [ICON_Strength] Combat Strength in land tiles adjacent to Coast.</Text>
		</Row>

		<!-- DOM_TEXT -->
		<Row Tag="LOC_LEADER_YNL_AKITSUMARU_DOM_TEXT" Language="en_US">
			<Text>I am the class-3 of Army's special transport 'Akitsu Maru', sir. Please leave transportation and landing combat to me, sir. My pride is this Daihatsu, sir. I'm different from the mouse and mole, sir.</Text>
		</Row>

		<!-- UU -->
		<Row Tag="LOC_UNIT_KAGOU_NAME" Language="en_US">
			<Text>Ka Type Observation Autogyro</Text>
		</Row>
		<Row Tag="LOC_UNIT_KAGOU_DESCRIPTION" Language="en_US">
			<Text>Akitsumaru unique Modern era support unit. Adds +1 [ICON_Range] Range to Frigate, Battleship and Missile Cruiser. [NEWLINE]Naval units after the Renaissance era gains +9 [ICON_Strength] Strength when attacking to naval raider units. [NEWLINE]Reveal stealth units in view.</Text>
		</Row>
		<Row Tag="LOC_TRAIT_LEADER_UNIT_KAGOU_NAME" Language="en_US">
			<Text>Akitsumaru unique unit: Ka Type Observation Autogyro</Text>
		</Row>
		<Replace Tag="LOC_PEDIA_UNITS_PAGE_UNIT_KAGOU_CHAPTER_HISTORY_PARA_1" Language="en_US">
			<Text></Text>
		</Replace>

		<Row Tag="LOC_UNIT_YNL_KENPEI_NAME" Language="en_US">
			<Text>Kenpei</Text>
		</Row>
		<Row Tag="LOC_UNIT_YNL_KENPEI_DESCRIPTION" Language="en_US">
			<Text>Akitsumaru unique Modern era melee unit that replaces the Infantry. +5 [ICON_GreatGeneral] Great General points for killing units.</Text>
		</Row>
		<Row Tag="LOC_TRAIT_CIVILIZATION_UNIT_YNL_KENPEI_NAME" Language="en_US">
			<Text>Akitsumaru unique unit: Kenpei</Text>
		</Row>
		<Replace Tag="LOC_PEDIA_UNITS_PAGE_UNIT_YNL_KENPEI_CHAPTER_HISTORY_PARA_1" Language="en_US">
			<Text></Text>
		</Replace>

		<!-- UB -->
		<Row Tag="LOC_BUILDING_IMP_ARMY_ARMORY_NAME" Language="en_US">
			<Text>Imperial Army Armory</Text>
		</Row>
		<Row Tag="LOC_BUILDING_IMP_ARMY_ARMORY_DESCRIPTION" Language="en_US">
			<Text>Akitsumaru unique building that replaces Armory. +2 [ICON_Production] Production, +1 [ICON_Science] Science. All strategic resources gain +1 [ICON_Production] Production. +50% combat experience for all land units trained in this city.</Text>
		</Row>
		<Row Tag="LOC_TRAIT_LEADER_BUILDING_IMP_ARMY_ARMORY_NAME" Language="en_US">
			<Text>Akitsumaru unique building: Imperial Army Armory</Text>
		</Row>
		<Row Tag="LOC_PEDIA_BUILDINGS_PAGE_BUILDING_IMP_ARMY_ARMORY_CHAPTER_HISTORY_PARA_1" Language="en_US">
			<Text></Text>
		</Row>
	</LocalizedText>
</GameData>
