<?xml version="1.0" encoding="utf-8"?>
<GameData>
	<!-- 親定義 -->
	<Types>
		<Row Type="IMPROVEMENT_YNL_AKARI_TERRACES" Kind="KIND_IMPROVEMENT"/>
	</Types>
	<!-- 地形改善のステータス -->
	<Improvements>
		<!-- 高地農場 -->
		<Row ImprovementType="IMPROVEMENT_YNL_AKARI_TERRACES" 
			 Name="LOC_IMPROVEMENT_YNL_AKARI_TERRACES_NAME" 
			 Description="LOC_IMPROVEMENT_YNL_AKARI_TERRACES_DESCRIPTION" 
			 Icon="ICON_IMPROVEMENT_YNL_AKARI_TERRACES" 
			 PlunderType="PLUNDER_HEAL" PlunderAmount="50" Buildable="true" Housing="1" TilesRequired="2"
			 TraitType="TRAIT_CIVILIZATION_IMPROVEMENT_YNL_AKARI_TERRACES"/>
	</Improvements>
	<!-- 改善可能な地形 -->
	<Improvement_ValidTerrains>
		<!-- 高地農場：丘陵すべて -->
		<Row ImprovementType="IMPROVEMENT_YNL_AKARI_TERRACES" TerrainType="TERRAIN_DESERT_HILLS"/>
		<Row ImprovementType="IMPROVEMENT_YNL_AKARI_TERRACES" TerrainType="TERRAIN_TUNDRA_HILLS"/>
		<Row ImprovementType="IMPROVEMENT_YNL_AKARI_TERRACES" TerrainType="TERRAIN_SNOW_HILLS"/>
		<Row ImprovementType="IMPROVEMENT_YNL_AKARI_TERRACES" TerrainType="TERRAIN_PLAINS_HILLS"/>
		<Row ImprovementType="IMPROVEMENT_YNL_AKARI_TERRACES" TerrainType="TERRAIN_GRASS_HILLS"/>
	</Improvement_ValidTerrains>
	<!-- 改善可能な特徴 -->
	<Improvement_ValidFeatures>
		<Row ImprovementType="IMPROVEMENT_YNL_AKARI_TERRACES" FeatureType="FEATURE_VOLCANIC_SOIL"/>
	</Improvement_ValidFeatures>
	<!-- 地形改善可能なユニット -->
	<Improvement_ValidBuildUnits>
		<!-- 労働者 -->
		<Row ImprovementType="IMPROVEMENT_YNL_AKARI_TERRACES" UnitType="UNIT_BUILDER"/>
	</Improvement_ValidBuildUnits>
	<!-- 地形改善時の出力変更 -->
	<Improvement_YieldChanges>
		<!-- 高地農場：食料+1、生産力+0(0なのに記述するのは隣接ボーナスで必要なため) -->
		<Row ImprovementType="IMPROVEMENT_YNL_AKARI_TERRACES" YieldType="YIELD_FOOD"       YieldChange="1"/>
		<Row ImprovementType="IMPROVEMENT_YNL_AKARI_TERRACES" YieldType="YIELD_PRODUCTION" YieldChange="0"/>
	</Improvement_YieldChanges>
	<!-- 社会制度・テクノロジー取得による追加ボーナス -->
	<Improvement_BonusYieldChanges>
		<!-- 高地農場：経済学でゴールド+1 -->
		<Row Id="AkariTerraces_Gold" ImprovementType="IMPROVEMENT_YNL_AKARI_TERRACES" YieldType="YIELD_GOLD" BonusYieldChange="1" PrereqTech="TECH_ECONOMICS"/>
	</Improvement_BonusYieldChanges>
	<!-- 隣接ボーナス親定義 -->
	<Improvement_Adjacencies>
		<Row ImprovementType="IMPROVEMENT_YNL_AKARI_TERRACES" YieldChangeId="YNLAkariTerraces_MedievalAdjacency"/>
		<Row ImprovementType="IMPROVEMENT_YNL_AKARI_TERRACES" YieldChangeId="YNLAkariTerraces_MechanizedAdjacency"/>
		<Row ImprovementType="IMPROVEMENT_YNL_AKARI_TERRACES" YieldChangeId="YNLAkariTerraces_Mine_Production"/>
		<Row ImprovementType="IMPROVEMENT_YNL_AKARI_TERRACES" YieldChangeId="YNLAkariTerraces_Plantation_Production"/>
		<Row ImprovementType="IMPROVEMENT_YNL_AKARI_TERRACES" YieldChangeId="YNLAkariTerraces_Mountains_Food1"/>
		<Row ImprovementType="IMPROVEMENT_YNL_AKARI_TERRACES" YieldChangeId="YNLAkariTerraces_Mountains_Food2"/>
		<Row ImprovementType="IMPROVEMENT_YNL_AKARI_TERRACES" YieldChangeId="YNLAkariTerraces_Mountains_Food3"/>
		<Row ImprovementType="IMPROVEMENT_YNL_AKARI_TERRACES" YieldChangeId="YNLAkariTerraces_Mountains_Food4"/>
		<Row ImprovementType="IMPROVEMENT_YNL_AKARI_TERRACES" YieldChangeId="YNLAkariTerraces_Mountains_Food5"/>
	</Improvement_Adjacencies>
	<!-- 隣接ボーナス設定 -->
	<Adjacency_YieldChanges>
		<!-- 高地農場：同じ高地農場から食料ボーナス(封建制度で0.5、共通規格で1.0(封建制度のボーナスは上書き)) -->
		<Row ID="YNLAkariTerraces_MedievalAdjacency"     Description="Placeholder" YieldType="YIELD_FOOD"       YieldChange="1" TilesRequired="2" AdjacentImprovement="IMPROVEMENT_YNL_AKARI_TERRACES" PrereqCivic="CIVIC_FEUDALISM" ObsoleteTech="TECH_REPLACEABLE_PARTS"/>
		<Row ID="YNLAkariTerraces_MechanizedAdjacency"   Description="Placeholder" YieldType="YIELD_FOOD"       YieldChange="1" TilesRequired="1" AdjacentImprovement="IMPROVEMENT_YNL_AKARI_TERRACES" PrereqTech="TECH_REPLACEABLE_PARTS"/>
		<!-- 高地農場：採石場、プランテーションから生産力+1-->
		<Row ID="YNLAkariTerraces_Mine_Production"       Description="Placeholder" YieldType="YIELD_PRODUCTION" YieldChange="1" TilesRequired="1" AdjacentImprovement="IMPROVEMENT_QUARRY"/>
		<Row ID="YNLAkariTerraces_Plantation_Production" Description="Placeholder" YieldType="YIELD_PRODUCTION" YieldChange="1" TilesRequired="1" AdjacentImprovement="IMPROVEMENT_PLANTATION"/>
		<!-- 高地農場：山岳から食料+1-->
		<Row ID="YNLAkariTerraces_Mountains_Food1"       Description="LOC_DISTRICT_YOSXPEEE_SAMPLE_MOUNTAINS_FOOD1" YieldType="YIELD_FOOD" YieldChange="1" TilesRequired="1" AdjacentTerrain="TERRAIN_GRASS_MOUNTAIN"/>
		<Row ID="YNLAkariTerraces_Mountains_Food2"       Description="LOC_DISTRICT_YOSXPEEE_SAMPLE_MOUNTAINS_FOOD2" YieldType="YIELD_FOOD" YieldChange="1" TilesRequired="1" AdjacentTerrain="TERRAIN_PLAINS_MOUNTAIN"/>
		<Row ID="YNLAkariTerraces_Mountains_Food3"       Description="LOC_DISTRICT_YOSXPEEE_SAMPLE_MOUNTAINS_FOOD3" YieldType="YIELD_FOOD" YieldChange="1" TilesRequired="1" AdjacentTerrain="TERRAIN_DESERT_MOUNTAIN"/>
		<Row ID="YNLAkariTerraces_Mountains_Food4"       Description="LOC_DISTRICT_YOSXPEEE_SAMPLE_MOUNTAINS_FOOD4" YieldType="YIELD_FOOD" YieldChange="1" TilesRequired="1" AdjacentTerrain="TERRAIN_TUNDRA_MOUNTAIN"/>
		<Row ID="YNLAkariTerraces_Mountains_Food5"       Description="LOC_DISTRICT_YOSXPEEE_SAMPLE_MOUNTAINS_FOOD5" YieldType="YIELD_FOOD" YieldChange="1" TilesRequired="1" AdjacentTerrain="TERRAIN_SNOW_MOUNTAIN"/>
	</Adjacency_YieldChanges>
	<!-- 観光力ボーナス -->
	<Improvement_Tourism>
	</Improvement_Tourism>
	<!-- 特殊効果 -->
	<!-- 工業地帯隣接で生産力+2 -->
	<ImprovementModifiers>
		<Row>
			<ImprovementType>IMPROVEMENT_YNL_AKARI_TERRACES</ImprovementType>
			<ModifierId>AKARI_TERRACES_INDUSTRIALZONEADJACENCY_PRODUCTION_YNL</ModifierId>
		</Row>
	</ImprovementModifiers>
	<Modifiers>
		<Row>
			<ModifierId>AKARI_TERRACES_INDUSTRIALZONEADJACENCY_PRODUCTION_YNL</ModifierId>
			<ModifierType>MODIFIER_SINGLE_PLOT_ADJUST_PLOT_YIELDS</ModifierType>
			<SubjectRequirementSetId>PLOT_ADJACENT_TO_INDUSTRIAL_ZONE_REQUIREMENTS_YNL</SubjectRequirementSetId>
		</Row>
	</Modifiers>
	<ModifierArguments>
		<Row>
			<ModifierId>AKARI_TERRACES_INDUSTRIALZONEADJACENCY_PRODUCTION_YNL</ModifierId>
			<Name>YieldType</Name>
			<Value>YIELD_PRODUCTION</Value>
		</Row>
		<Row>
			<ModifierId>AKARI_TERRACES_INDUSTRIALZONEADJACENCY_PRODUCTION_YNL</ModifierId>
			<Name>Amount</Name>
			<Value>2</Value>
		</Row>
	</ModifierArguments>
	<RequirementSets>
		<Row>
			<RequirementSetId>PLOT_ADJACENT_TO_INDUSTRIAL_ZONE_REQUIREMENTS_YNL</RequirementSetId>
			<RequirementSetType>REQUIREMENTSET_TEST_ALL</RequirementSetType>
		</Row>
	</RequirementSets>
	<RequirementSetRequirements>
		<Row>
			<RequirementSetId>PLOT_ADJACENT_TO_INDUSTRIAL_ZONE_REQUIREMENTS_YNL</RequirementSetId>
			<RequirementId>REQUIRES_PLOT_ADJACENT_TO_INDUSTRIAL_ZONE_YNL</RequirementId>
		</Row>
	</RequirementSetRequirements>
	<Requirements>
		<Row>
			<RequirementId>REQUIRES_PLOT_ADJACENT_TO_INDUSTRIAL_ZONE_YNL</RequirementId>
			<RequirementType>REQUIREMENT_PLOT_ADJACENT_DISTRICT_TYPE_MATCHES</RequirementType>
		</Row>
	</Requirements>
	<RequirementArguments>
		<Row>
			<RequirementId>REQUIRES_PLOT_ADJACENT_TO_INDUSTRIAL_ZONE_YNL</RequirementId>
			<Name>DistrictType</Name>
			<Value>DISTRICT_INDUSTRIAL_ZONE</Value>
		</Row>
	</RequirementArguments>
</GameData>
