<?xml version="1.0" encoding="utf-8"?>
<GameData>
	<!-- LeaderAnimation ***************************************************** -->
	<LeaderAnimations>
		<Row>
			<Name>NEUTRAL_IDLE</Name>
			<Leader>LEADER_YNL_NAGATO</Leader>
			<Sequence>DEFAULT</Sequence>
		</Row>
		<Row>
			<Name>NEUTRAL_NEGATIVE</Name>
			<Leader>LEADER_YNL_NAGATO</Leader>
			<Sequence>DEFAULT</Sequence>
		</Row>
		<Row>
			<Name>NEUTRAL_POSITIVE</Name>
			<Leader>LEADER_YNL_NAGATO</Leader>
			<Sequence>DEFAULT</Sequence>
		</Row>
		<Row>
			<Name>NEUTRAL_IDLE</Name>
			<Leader>LEADER_YNL_MUTSU</Leader>
			<Sequence>DEFAULT</Sequence>
		</Row>
		<Row>
			<Name>NEUTRAL_NEGATIVE</Name>
			<Leader>LEADER_YNL_MUTSU</Leader>
			<Sequence>DEFAULT</Sequence>
		</Row>
		<Row>
			<Name>NEUTRAL_POSITIVE</Name>
			<Leader>LEADER_YNL_MUTSU</Leader>
			<Sequence>DEFAULT</Sequence>
		</Row>
		<!-- VO Defeat from AI -->
		<Row>
			<Name>DEFEAT</Name>
			<Leader>LEADER_YNL_NAGATO</Leader>
			<Sequence>DEFEAT</Sequence>
		</Row>
		<Row>
			<Name>DEFEAT</Name>
			<Leader>LEADER_YNL_MUTSU</Leader>
			<Sequence>DEFEAT</Sequence>
		</Row>
	</LeaderAnimations>
</GameData>