<?xml version="1.0" encoding="utf-8"?>
<GameData>
	<Types>
		<!-- 文明そのものの定義 -->
		<Row Type="CIVILIZATION_YNL_NIZARI" Kind="KIND_CIVILIZATION" />
		<!-- 文明特性の定義 -->
		<Row Type="TRAIT_CIVILIZATION_YNL_NIZARI" Kind="KIND_TRAIT" />
		<!-- UD -->
		<Row Type="TRAIT_CIVILIZATION_DISTRICT_MAUSOLEUM_OF_THE_EVENING_BELL" Kind="KIND_TRAIT"/>
		<!-- UU -->
		<Row Type="TRAIT_CIVILIZATION_UNIT_YNL_ASSASSIN" Kind="KIND_TRAIT"/>
		<!-- UI -->
		<Row Type="TRAIT_CIVILIZATION_IMPROVEMENT_YNL_KULLIYE" Kind="KIND_TRAIT"/>
	</Types>
	
	<Civilizations>
		<Row>
			<CivilizationType>CIVILIZATION_YNL_NIZARI</CivilizationType>
			<Name>LOC_CIVILIZATION_YNL_NIZARI_NAME</Name>
			<Description>LOC_CIVILIZATION_YNL_NIZARI_DESCRIPTION</Description>
			<Adjective>LOC_CIVILIZATION_YNL_NIZARI_ADJECTIVE</Adjective>
			<StartingCivilizationLevelType>CIVILIZATION_LEVEL_FULL_CIV</StartingCivilizationLevelType>
			<RandomCityNameDepth>17</RandomCityNameDepth>
		</Row>
	</Civilizations>

	<!-- 文明に属する指導者と首都 -->
	<CivilizationLeaders>
		<Row CivilizationType="CIVILIZATION_YNL_NIZARI" LeaderType="LEADER_YNL_KING_HASSAN" CapitalName="LOC_CIVLIZATION_FELINE_CITY_1" />
	</CivilizationLeaders>

	<!-- 文明が何の特性を持つか -->
	<CivilizationTraits>
		<!-- 文明特性 -->
		<Row CivilizationType="CIVILIZATION_YNL_NIZARI" TraitType="TRAIT_CIVILIZATION_YNL_NIZARI" />
		<!-- UD -->
		<Row CivilizationType="CIVILIZATION_YNL_NIZARI" TraitType="TRAIT_CIVILIZATION_DISTRICT_MAUSOLEUM_OF_THE_EVENING_BELL" />
		<!-- UU -->
		<Row CivilizationType="CIVILIZATION_YNL_NIZARI" TraitType="TRAIT_CIVILIZATION_UNIT_YNL_ASSASSIN"/>
		<!-- UI -->
		<Row CivilizationType="CIVILIZATION_YNL_NIZARI" TraitType="TRAIT_CIVILIZATION_IMPROVEMENT_YNL_KULLIYE"/>
	</CivilizationTraits>

	<!-- 特性名と詳細説明の定義 -->
	<Traits>
		<!-- 指導者特性 -->
		<Row TraitType="TRAIT_CIVILIZATION_YNL_NIZARI"                             Name="LOC_TRAIT_CIVILIZATION_YNL_NIZARI_NAME"                        Description="LOC_TRAIT_CIVILIZATION_YNL_NIZARI_DESCRIPTION"/>
		<!-- UD -->
		<Row TraitType="TRAIT_CIVILIZATION_DISTRICT_MAUSOLEUM_OF_THE_EVENING_BELL" Name="LOC_CIVILIZATION_DISTRICT_MAUSOLEUM_OF_THE_EVENING_BELL_NAME"/>
		<!-- UU -->
		<Row TraitType="TRAIT_CIVILIZATION_UNIT_YNL_ASSASSIN"                      Name="LOC_TRAIT_CIVILIZATION_UNIT_YNL_ASSASSIN_NAME"/>
		<!-- UI -->
		<Row TraitType="TRAIT_CIVILIZATION_IMPROVEMENT_YNL_KULLIYE"                Name="LOC_TRAIT_CIVILIZATION_IMPROVEMENT_YNL_KULLIYE_NAME"/>
	</Traits>
	
	<!-- 文明特性 -->
	<TraitModifiers>
		<!-- 異端審問+1(バニラのスペインとおなじ) -->
		<Row>
			<TraitType>TRAIT_CIVILIZATION_YNL_NIZARI</TraitType>
			<ModifierId>TRAIT_ADJUST_INQUISITOR_CHARGES</ModifierId>
		</Row>
		<!-- 他宗教を信仰する文明に対し戦闘力+4(バニラのフェリペ2世と同じ) -->
		<Row>
			<TraitType>TRAIT_CIVILIZATION_YNL_NIZARI</TraitType>
			<ModifierId>TRAIT_COMBAT_BONUS_OTHER_RELIGION</ModifierId>
		</Row>
		<!-- 労働者ボーナス(MOD固有) -->
		<Row>
			<TraitType>TRAIT_CIVILIZATION_YNL_NIZARI</TraitType>
			<ModifierId>TRAIT_BUILDERPRODUCTION_YOSXPEEE</ModifierId>
		</Row>
	</TraitModifiers>
	<Modifiers>
		<!-- 労働者ボーナス -->
		<Row>
			<ModifierId>TRAIT_BUILDERPRODUCTION_YOSXPEEE</ModifierId>
			<ModifierType>MODIFIER_PLAYER_UNITS_ADJUST_UNIT_PRODUCTION</ModifierType>
		</Row>
	</Modifiers>
	<ModifierArguments>
		<!-- 労働者ボーナス -->
		<Row>
			<ModifierId>TRAIT_BUILDERPRODUCTION_YOSXPEEE</ModifierId>
			<Name>UnitType</Name>
			<Value>UNIT_BUILDER</Value>
		</Row>
		<Row>
			<ModifierId>TRAIT_BUILDERPRODUCTION_YOSXPEEE</ModifierId>
			<Name>Amount</Name>
			<Value>50</Value>
		</Row>
	</ModifierArguments>

	<!-- 市民名 -->
	<CivilizationCitizenNames>
		<Row CivilizationType="CIVILIZATION_YNL_NIZARI" CitizenName="LOC_CITIZEN_FELINE_MALE_1"   Female="0"/>
		<Row CivilizationType="CIVILIZATION_YNL_NIZARI" CitizenName="LOC_CITIZEN_FELINE_MALE_2"   Female="0"/>
		<Row CivilizationType="CIVILIZATION_YNL_NIZARI" CitizenName="LOC_CITIZEN_FELINE_MALE_3"   Female="0"/>
		<Row CivilizationType="CIVILIZATION_YNL_NIZARI" CitizenName="LOC_CITIZEN_FELINE_MALE_4"   Female="0"/>
		<Row CivilizationType="CIVILIZATION_YNL_NIZARI" CitizenName="LOC_CITIZEN_FELINE_MALE_5"   Female="0"/>
		<Row CivilizationType="CIVILIZATION_YNL_NIZARI" CitizenName="LOC_CITIZEN_FELINE_FEMALE_1" Female="1"/>
		<Row CivilizationType="CIVILIZATION_YNL_NIZARI" CitizenName="LOC_CITIZEN_FELINE_FEMALE_2" Female="1"/>
		<Row CivilizationType="CIVILIZATION_YNL_NIZARI" CitizenName="LOC_CITIZEN_FELINE_FEMALE_3" Female="1"/>
		<Row CivilizationType="CIVILIZATION_YNL_NIZARI" CitizenName="LOC_CITIZEN_FELINE_FEMALE_4" Female="1"/>
		<Row CivilizationType="CIVILIZATION_YNL_NIZARI" CitizenName="LOC_CITIZEN_FELINE_FEMALE_5" Female="1"/>
	</CivilizationCitizenNames>
	<!-- 都市名 -->
	<CityNames>
		<Row CivilizationType="CIVILIZATION_YNL_NIZARI" CityName="LOC_CIVLIZATION_FELINE_CITY_1" />
		<Row CivilizationType="CIVILIZATION_YNL_NIZARI" CityName="LOC_CIVLIZATION_FELINE_CITY_2" />
		<Row CivilizationType="CIVILIZATION_YNL_NIZARI" CityName="LOC_CIVLIZATION_FELINE_CITY_3" />
		<Row CivilizationType="CIVILIZATION_YNL_NIZARI" CityName="LOC_CIVLIZATION_FELINE_CITY_4" />
		<Row CivilizationType="CIVILIZATION_YNL_NIZARI" CityName="LOC_CIVLIZATION_FELINE_CITY_5" />
		<Row CivilizationType="CIVILIZATION_YNL_NIZARI" CityName="LOC_CIVLIZATION_FELINE_CITY_6" />
		<Row CivilizationType="CIVILIZATION_YNL_NIZARI" CityName="LOC_CIVLIZATION_FELINE_CITY_7" />
		<Row CivilizationType="CIVILIZATION_YNL_NIZARI" CityName="LOC_CIVLIZATION_FELINE_CITY_8" />
		<Row CivilizationType="CIVILIZATION_YNL_NIZARI" CityName="LOC_CIVLIZATION_FELINE_CITY_9" />
		<Row CivilizationType="CIVILIZATION_YNL_NIZARI" CityName="LOC_CIVLIZATION_FELINE_CITY_10" />
		<Row CivilizationType="CIVILIZATION_YNL_NIZARI" CityName="LOC_CIVLIZATION_FELINE_CITY_11" />
		<Row CivilizationType="CIVILIZATION_YNL_NIZARI" CityName="LOC_CIVLIZATION_FELINE_CITY_12" />
		<Row CivilizationType="CIVILIZATION_YNL_NIZARI" CityName="LOC_CIVLIZATION_FELINE_CITY_13" />
		<Row CivilizationType="CIVILIZATION_YNL_NIZARI" CityName="LOC_CIVLIZATION_FELINE_CITY_14" />
		<Row CivilizationType="CIVILIZATION_YNL_NIZARI" CityName="LOC_CIVLIZATION_FELINE_CITY_15" />
		<Row CivilizationType="CIVILIZATION_YNL_NIZARI" CityName="LOC_CIVLIZATION_FELINE_CITY_16" />
		<Row CivilizationType="CIVILIZATION_YNL_NIZARI" CityName="LOC_CIVLIZATION_FELINE_CITY_17" />
	</CityNames>
</GameData>
