<?xml version="1.0" encoding="utf-8"?>
<GameData>
	<LocalizedText>
		<!-- 文明 -->
		<Replace Tag="LOC_CIVILIZATION_YNL_NIZARI_NAME" Language="ja_JP">
			<Text>暗殺教団</Text>
		</Replace>
		<Replace Tag="LOC_CIVILIZATION_YNL_NIZARI_DESCRIPTION" Language="ja_JP">
			<Text>暗殺教団</Text>
		</Replace>
		<Replace Tag="LOC_CIVILIZATION_YNL_NIZARI_ADJECTIVE" Language="ja_JP">
			<Text>暗殺教団の</Text>
		</Replace>
		<Replace Tag="LOC_TRAIT_CIVILIZATION_YNL_NIZARI_NAME" Language="ja_JP">
			<Text>アラムート政権</Text>
		</Replace>
		<Replace Tag="LOC_TRAIT_CIVILIZATION_YNL_NIZARI_DESCRIPTION" Language="ja_JP">
			<Text>審問官が異端の排除を1回多くおこなえる。労働者の [ICON_Production] 生産力が50%向上。他の宗教を信じる文明に対して [ICON_Strength] 戦闘力+4。</Text>
		</Replace>

		<!-- 指導者 -->
		<Replace Tag="LOC_LEADER_YNL_KING_HASSAN_NAME" Language="ja_JP">
			<Text>山の翁</Text>
		</Replace>
		<Replace Tag="LOC_TRAIT_LEADER_YNL_KING_HASSAN_NAME" Language="ja_JP">
			<Text>死告天使</Text>
		</Replace>
		<Replace Tag="LOC_TRAIT_LEADER_YNL_KING_HASSAN_DESCRIPTION" Language="ja_JP">
			<Text>暗殺教団のユニットが敵都市の境界内で敵ユニットを倒すと、その都市の忠誠心が20低下する。暗黒時代の文明に対し [ICON_Strength] 戦闘力+8。用水路に隣接している場合、キュッリイェから [ICON_Culture] 文化力+2。</Text>
		</Replace>
		<Replace Tag="LOC_LEADER_YNL_KING_HASSAN_DOM_TEXT" Language="ja_JP">
			<Text>───首を出せ。</Text>
		</Replace>

		<!-- UD -->
		<Replace Tag="LOC_DISTRICT_MAUSOLEUM_OF_THE_EVENING_BELL_NAME" Language="ja_JP">
			<Text>晩鐘廟</Text>
		</Replace>
		<Replace Tag="LOC_DISTRICT_MAUSOLEUM_OF_THE_EVENING_BELL_DESCRIPTION" Language="ja_JP">
			<Text>宗教活動のための区域。暗殺教団固有。聖地区域に取ってかわる。[NEWLINE][NEWLINE][ICON_GreatProphet] 大預言者ポイント+2、[ICON_GreatEngineer] 大技術者ポイント+1、[ICON_GreatScientist] 大科学者ポイント+1、[ICON_GreatMerchant] 大商人ポイント+1。隣接する他の区域1つにつき [ICON_Production] 生産力+1。ダウワ・ジャディーダ (プロジェクト) が解除される。ダウワ・ジャディーダが終了すると [ICON_GreatAdmiral] 大提督ポイントおよび [ICON_GreatGeneral] 大将軍ポイントが得られる。</Text>
		</Replace>
		<Replace Tag="LOC_TRAIT_LEADER_DISTRICT_MAUSOLEUM_OF_THE_EVENING_BELL_NAME" Language="ja_JP">
			<Text>暗殺教団固有の区域: 晩鐘廟</Text>
		</Replace>
		<Replace Tag="LOC_PEDIA_DISTRICTS_PAGE_DISTRICT_MAUSOLEUM_OF_THE_EVENING_BELL_CHAPTER_HISTORY_PARA_1" Language="ja_JP">
			<Text></Text>
		</Replace>

		<!-- UU -->
		<Replace Tag="LOC_TRAIT_UNIT_YNL_ASSASSIN_NAME" Language="ja_JP">
			<Text>暗殺教団固有のユニット: アサシン</Text>
		</Replace>
		<Replace Tag="LOC_UNIT_YNL_ASSASSIN_DESCRIPTION" Language="ja_JP">
			<Text>暗殺教団固有の中世時代のユニット。2タイル以上離れたユニットからは発見されない。ダメージを受けても戦闘ペナルティが生じない。[ICON_Movement] 移動力3。</Text>
		</Replace>
		<Replace Tag="LOC_UNIT_YNL_ASSASSIN_NAME" Language="ja_JP">
			<Text>アサシン</Text>
		</Replace>
		<Replace Tag="LOC_PEDIA_UNITS_PAGE_UNIT_YNL_ASSASSIN_CHAPTER_HISTORY_PARA_1" Language="ja_JP">
			<Text>アサシン（Assassin）は、暗殺者、暗殺団、刺客という意味を指す英単語。語源は、ハシーシュ（大麻）、差別的に大麻中毒者、ハシシン老人、ハサス（原理）など諸説ある。元々の意味合いとしては、重要な人物を殺害した人物または団体を指す言葉である。歴史の文脈では the Assassins は11世紀から14世紀、大シリアにおいて十字軍やザンギー朝などの諸勢力に対し、暗殺を一つの手段として勢力を築いたイスラム教ニザール派を指すが、これに伴う逸話はほとんどが誤解や偏見による伝説である。秘密結社としてのアサシンは、上述のごとくイスラム教イスマイル派から分離した分派・ニザール派であるが、ペルシアのコーラサン出身のハサン・サッバーフによって作られ、東方のイスマイル派と呼ばれた。</Text>
		</Replace>
		
		<!-- UI -->
		<Replace Tag="LOC_IMPROVEMENT_YNL_KULLIYE_NAME" Language="ja_JP">
			<Text>キュッリイェ</Text>
		</Replace>
		<Replace Tag="LOC_IMPROVEMENT_YNL_KULLIYE_DESCRIPTION" Language="ja_JP">
			<Text>労働者が暗殺教団の施設であるキュッリイェを建設できるようになる。[NEWLINE][NEWLINE][ICON_Production] 生産力+1、[ICON_Faith] 信仰力+3、[ICON_Amenities] 快適性+1、[ICON_Housing] 住宅+3。1都市につき1つのみ。砂漠/平原/草原に建設可能。</Text>
		</Replace>
		<Replace Tag="LOC_TRAIT_CIVILIZATION_IMPROVEMENT_YNL_KULLIYE_NAME" Language="ja_JP">
			<Text>暗殺教団固有の施設: キュッリイェ</Text>
		</Replace>
		<Replace Tag="LOC_PEDIA_IMPROVEMENTS_PAGE_IMPROVEMENT_YNL_KULLIYE_CHAPTER_HISTORY_PARA_1" Language="ja_JP">
			<Text>イスラーム建築における病院、学校、図書館、浴場などの集まった複合施設のこと。トルコのエディルネにあるセリミエ・モスクはキュッリイェの一部である。</Text>
		</Replace>
	</LocalizedText>
</GameData>
