<?xml version="1.0" encoding="utf-8"?>
<GameData>
	<LocalizedText>
		<!-- Leader Dialog -->
		<Replace Tag="LOC_DIPLO_ACCEPT_DECLARE_FRIEND_FROM_HUMAN_LEADER_YNL_KING_HASSAN_ANY" Language="ja_JP">
			<Text>貴国との友好関係に幸あれ。</Text>
		</Replace>
		<Replace Tag="LOC_DIPLO_REJECT_DECLARE_FRIEND_FROM_HUMAN_LEADER_YNL_KING_HASSAN_ANY" Language="ja_JP">
			<Text>またの機会に。</Text>
		</Replace>
		<Replace Tag="LOC_DIPLO_DECLARE_FRIEND_FROM_AI_LEADER_YNL_KING_HASSAN_ANY" Language="ja_JP">
			<Text>我が国と貴国の間に正式な友好関係を結ぶことに同意されたし。</Text>
		</Replace>
		<Replace Tag="LOC_DIPLO_ACCEPT_DECLARE_FRIEND_FROM_AI_LEADER_YNL_KING_HASSAN_ANY" Language="ja_JP">
			<Text>これはありがたい。</Text>
		</Replace>
		<Replace Tag="LOC_DIPLO_REJECT_DECLARE_FRIEND_FROM_AI_LEADER_YNL_KING_HASSAN_ANY" Language="ja_JP">
			<Text>それは残念だ。</Text>
		</Replace>
		<Replace Tag="LOC_DIPLO_DECLARE_WAR_FROM_HUMAN_LEADER_YNL_KING_HASSAN_ANY" Language="ja_JP">
			<Text>死をまき散らし、緑野を枯らすか。では死ね！</Text>
		</Replace>
		<Replace Tag="LOC_DIPLO_DECLARE_WAR_FROM_AI_LEADER_YNL_KING_HASSAN_ANY" Language="ja_JP">
			<Text>聴くが良い———晩鐘は汝の名を指し示した。</Text>
		</Replace>
		<Replace Tag="LOC_DIPLO_DEFEAT_FROM_AI_LEADER_YNL_KING_HASSAN_ANY" Language="ja_JP">
			<Text>我はもとより骸……地に還るのみ……</Text>
		</Replace>
		<Replace Tag="LOC_DIPLO_DEFEAT_FROM_HUMAN_LEADER_YNL_KING_HASSAN_ANY" Language="ja_JP">
			<Text>我はもとより骸……地に還るのみ……</Text>
		</Replace>
		<Replace Tag="LOC_DIPLO_ACCEPT_DELEGATION_FROM_HUMAN_LEADER_YNL_KING_HASSAN_ANY" Language="ja_JP">
			<Text>貴国からの使節に歓迎を。</Text>
		</Replace>
		<Replace Tag="LOC_DIPLO_REJECT_DELEGATION_FROM_HUMAN_LEADER_YNL_KING_HASSAN_ANY" Language="ja_JP">
			<Text>申し訳ないが、承諾できぬな。</Text>
		</Replace>
		<Replace Tag="LOC_DIPLO_DELEGATION_FROM_AI_LEADER_YNL_KING_HASSAN_ANY" Language="ja_JP">
			<Text>こちらの使節を受け入れてくれるだろうか？</Text>
		</Replace>
		<Replace Tag="LOC_DIPLO_ACCEPT_DELEGATION_FROM_AI_LEADER_YNL_KING_HASSAN_ANY" Language="ja_JP">
			<Text>これはすばらしい。</Text>
		</Replace>
		<Replace Tag="LOC_DIPLO_REJECT_DELEGATION_FROM_AI_LEADER_YNL_KING_HASSAN_ANY" Language="ja_JP">
			<Text>それは残念だ。では、またの機会に。</Text>
		</Replace>
		<Replace Tag="LOC_DIPLO_DENOUNCE_FROM_HUMAN_LEADER_YNL_KING_HASSAN_ANY" Language="ja_JP">
			<Text>2歩進んで3歩下がるといったところか…</Text>
		</Replace>
		<Replace Tag="LOC_DIPLO_DENOUNCE_FROM_AI_LEADER_YNL_KING_HASSAN_ANY" Language="ja_JP">
			<Text>これは、世界中が知るべき裏切り。(非難)</Text>
		</Replace>
		<Replace Tag="LOC_DIPLO_ACCEPT_EMBASSY_FROM_HUMAN_LEADER_YNL_KING_HASSAN_ANY" Language="ja_JP">
			<Text>貴国の大使館の建設許可を受け取られたし。</Text>
		</Replace>
		<Replace Tag="LOC_DIPLO_REJECT_EMBASSY_FROM_HUMAN_LEADER_YNL_KING_HASSAN_ANY" Language="ja_JP">
			<Text>またの機会に。</Text>
		</Replace>
		<Replace Tag="LOC_DIPLO_EMBASSY_FROM_AI_LEADER_YNL_KING_HASSAN_ANY" Language="ja_JP">
			<Text>当国の大使館を置いてもらえるだろうか？</Text>
		</Replace>
		<Replace Tag="LOC_DIPLO_ACCEPT_EMBASSY_FROM_AI_LEADER_YNL_KING_HASSAN_ANY" Language="ja_JP">
			<Text>今日という幸運な日に祝福を。</Text>
		</Replace>
		<Replace Tag="LOC_DIPLO_REJECT_EMBASSY_FROM_AI_LEADER_YNL_KING_HASSAN_ANY" Language="ja_JP">
			<Text>それは残念。</Text>
		</Replace>
		<Replace Tag="LOC_DIPLO_FIRST_MEET_LEADER_YNL_KING_HASSAN_ANY" Language="ja_JP">
			<Text>我、ハサンの中のハサンなり。我に名はない。呼びやすい名で呼ぶがよい。</Text>
		</Replace>
		<Replace Tag="LOC_DIPLO_FIRST_MEET_VISIT_RECIPIENT_LEADER_YNL_KING_HASSAN_ANY" Language="ja_JP">
			<Text>近くの街へ案内さしあげる。祝いの式典にぜひ参加を。</Text>
		</Replace>
		<Replace Tag="LOC_DIPLO_FIRST_MEET_NEAR_INITIATOR_POSITIVE_LEADER_YNL_KING_HASSAN_ANY" Language="ja_JP">
			<Text>それはぜひ。貴国の発展を見守れて光栄の至り。</Text>
		</Replace>
		<Replace Tag="LOC_DIPLO_FIRST_MEET_NO_MANS_INFO_EXCHANGE_LEADER_YNL_KING_HASSAN_ANY" Language="ja_JP">
			<Text>どちらも遠方の出とはいえ、互いの国を互いの地図に記し合うというのは？</Text>
		</Replace>
		<Replace Tag="LOC_DIPLO_GREETING_LEADER_YNL_KING_HASSAN_ANY" Language="ja_JP">
			<Text>ご希望をおうかがいする。</Text>
		</Replace>
		<Replace Tag="LOC_DIPLO_KUDO_EXIT_LEADER_YNL_KING_HASSAN_ANY" Language="ja_JP">
			<Text>汝は信じるに足る者のようだ。特に心がいい。何事にも動じぬ精神こそ、我らに必要なものだ。</Text>
		</Replace>
		<Replace Tag="LOC_DIPLO_WARNING_EXIT_LEADER_YNL_KING_HASSAN_ANY" Language="ja_JP">
			<Text>鐘の音が聞こえる。今日は特別重い首があるようだ。</Text>
		</Replace>
		<Replace Tag="LOC_DIPLO_ACCEPT_MAKE_ALLIANCE_FROM_HUMAN_LEADER_YNL_KING_HASSAN_ANY" Language="ja_JP">
			<Text>貴国との同盟関係に未来あれ。</Text>
		</Replace>
		<Replace Tag="LOC_DIPLO_REJECT_MAKE_ALLIANCE_FROM_HUMAN_LEADER_YNL_KING_HASSAN_ANY" Language="ja_JP">
			<Text>またの機会に。</Text>
		</Replace>
		<Replace Tag="LOC_DIPLO_MAKE_ALLIANCE_FROM_AI_LEADER_YNL_KING_HASSAN_ANY" Language="ja_JP">
			<Text>同盟を希望すると？</Text>
		</Replace>
		<Replace Tag="LOC_DIPLO_ACCEPT_MAKE_ALLIANCE_FROM_AI_LEADER_YNL_KING_HASSAN_ANY" Language="ja_JP">
			<Text>これはありがたい。</Text>
		</Replace>
		<Replace Tag="LOC_DIPLO_REJECT_MAKE_ALLIANCE_FROM_AI_LEADER_YNL_KING_HASSAN_ANY" Language="ja_JP">
			<Text>それは残念。</Text>
		</Replace>
		<Replace Tag="LOC_DIPLO_MAKE_DEAL_AI_ACCEPT_DEAL_LEADER_YNL_KING_HASSAN_ANY" Language="ja_JP">
			<Text>よろしい。喜んで取引に応じよう。</Text>
		</Replace>
		<Replace Tag="LOC_DIPLO_MAKE_DEAL_AI_REFUSE_DEAL_LEADER_YNL_KING_HASSAN_ANY" Language="ja_JP">
			<Text>この取引には応じられない。</Text>
		</Replace>
		<Replace Tag="LOC_DIPLO_ACCEPT_MAKE_DEAL_FROM_AI_LEADER_YNL_KING_HASSAN_ANY" Language="ja_JP">
			<Text>礼を言う。これによって双方に利益があるだろう。</Text>
		</Replace>
		<Replace Tag="LOC_DIPLO_REJECT_MAKE_DEAL_FROM_AI_LEADER_YNL_KING_HASSAN_ANY" Language="ja_JP">
			<Text>正直なところ、いささか失望した。</Text>
		</Replace>
		<Replace Tag="LOC_DIPLO_MAKE_DEAL_AI_ADJUST_DEAL_LEADER_YNL_KING_HASSAN_ANY" Language="ja_JP">
			<Text>我の希望にかなう取引だ。</Text>
		</Replace>
		<Replace Tag="LOC_DIPLO_AI_REFUSE_DEMAND_LEADER_YNL_KING_HASSAN_ANY" Language="ja_JP">
			<Text>貴国の要求に得るところなしと考えられたし。</Text>
		</Replace>
		<Replace Tag="LOC_DIPLO_AI_ACCEPT_DEMAND_LEADER_YNL_KING_HASSAN_ANY" Language="ja_JP">
			<Text>承諾の返事を受け取られたし。</Text>
		</Replace>
		<Replace Tag="LOC_DIPLO_HUMAN_ACCEPT_DEMAND_FROM_AI_LEADER_YNL_KING_HASSAN_ANY" Language="ja_JP">
			<Text>要求を呑むとは、賢明な判断。</Text>
		</Replace>
		<Replace Tag="LOC_DIPLO_HUMAN_REFUSE_DEMAND_FROM_AI_LEADER_YNL_KING_HASSAN_ANY" Language="ja_JP">
			<Text>要求を通すためなら、他の手段も辞さぬぞ。</Text>
		</Replace>
		<Replace Tag="LOC_DIPLO_MAKE_PEACE_AI_ACCEPT_DEAL_LEADER_YNL_KING_HASSAN_ANY" Language="ja_JP">
			<Text>平和の申し出をお受けする。</Text>
		</Replace>
		<Replace Tag="LOC_DIPLO_MAKE_PEACE_AI_REFUSE_DEAL_LEADER_YNL_KING_HASSAN_ANY" Language="ja_JP">
			<Text>和平など受け入れられぬ！</Text>
		</Replace>
		<Replace Tag="LOC_DIPLO_MAKE_PEACE_FROM_AI_LEADER_YNL_KING_HASSAN_ANY" Language="ja_JP">
			<Text>汝と和平を結びたい。</Text>
		</Replace>
		<Replace Tag="LOC_DIPLO_ACCEPT_MAKE_PEACE_FROM_AI_LEADER_YNL_KING_HASSAN_ANY" Language="ja_JP">
			<Text>戦争の終結を知られたし。</Text>
		</Replace>
		<Replace Tag="LOC_DIPLO_REJECT_MAKE_PEACE_FROM_AI_LEADER_YNL_KING_HASSAN_ANY" Language="ja_JP">
			<Text>ならば戦いつづけるのみ。</Text>
		</Replace>
		<Replace Tag="LOC_DIPLO_ACCEPT_OPEN_BORDERS_FROM_HUMAN_LEADER_YNL_KING_HASSAN_ANY" Language="ja_JP">
			<Text>自由に我が国の国境に入られたし。</Text>
		</Replace>
		<Replace Tag="LOC_DIPLO_REJECT_OPEN_BORDERS_FROM_HUMAN_LEADER_YNL_KING_HASSAN_ANY" Language="ja_JP">
			<Text>またの機会に。</Text>
		</Replace>
		<Replace Tag="LOC_DIPLO_OPEN_BORDERS_FROM_AI_LEADER_YNL_KING_HASSAN_ANY" Language="ja_JP">
			<Text>領内の通行を許可してもらいたい。</Text>
		</Replace>
		<Replace Tag="LOC_DIPLO_ACCEPT_OPEN_BORDERS_FROM_AI_LEADER_YNL_KING_HASSAN_ANY" Language="ja_JP">
			<Text>これはすばらしい。</Text>
		</Replace>
		<Replace Tag="LOC_DIPLO_REJECT_OPEN_BORDERS_FROM_AI_LEADER_YNL_KING_HASSAN_ANY" Language="ja_JP">
			<Text>それは残念。</Text>
		</Replace>
		<Replace Tag="LOC_DIPLO_WARNING_DONT_SETTLE_NEAR_ME_AI_RESPONSE_POSITIVE_LEADER_YNL_KING_HASSAN_ANY" Language="ja_JP">
			<Text>これはすまない。そんな近くに都市があるとは知らなかったのだ。</Text>
		</Replace>
		<Replace Tag="LOC_DIPLO_WARNING_DONT_SETTLE_NEAR_ME_AI_RESPONSE_NEGATIVE_LEADER_YNL_KING_HASSAN_ANY" Language="ja_JP">
			<Text>我々も土地が必要なのだ。勝手なことを言って何様のつもりだ。</Text>
		</Replace>
		<Replace Tag="LOC_DIPLO_WARNING_DONT_SETTLE_NEAR_ME_AI_LEADER_YNL_KING_HASSAN_ANY" Language="ja_JP">
			<Text>我々のすぐそばに都市を作らないでもらいたい。土地を求めるなら他の場所を選ぶべきだ。</Text>
		</Replace>
		<Replace Tag="LOC_DIPLO_WARNING_DONT_SETTLE_NEAR_ME_HUMAN_RESPONSE_POSITIVE_LEADER_YNL_KING_HASSAN_ANY" Language="ja_JP">
			<Text>了解した。</Text>
		</Replace>
		<Replace Tag="LOC_DIPLO_WARNING_DONT_SETTLE_NEAR_ME_HUMAN_RESPONSE_NEGATIVE_LEADER_YNL_KING_HASSAN_ANY" Language="ja_JP">
			<Text>わが国に敬意を払わない国にどうして敬意を払えよう。</Text>
		</Replace>
		<Replace Tag="LOC_DIPLO_WARNING_TOO_MANY_TROOPS_NEAR_ME_AI_RESPONSE_POSITIVE_LEADER_YNL_KING_HASSAN_ANY" Language="ja_JP">
			<Text>すまない。喧嘩をふっかける蛮族を探していただけなのだ。</Text>
		</Replace>
		<Replace Tag="LOC_DIPLO_WARNING_TOO_MANY_TROOPS_NEAR_ME_AI_RESPONSE_NEGATIVE_LEADER_YNL_KING_HASSAN_ANY" Language="ja_JP">
			<Text>我は軍隊を派遣するのが好きなのだ。我が軍の強きことを誇示できるゆえ。</Text>
		</Replace>
		<Replace Tag="LOC_DIPLO_WARNING_STOP_SPYING_ON_ME_AI_RESPONSE_POSITIVE_LEADER_YNL_KING_HASSAN_ANY" Language="ja_JP">
			<Text>貴国のいう通りだ。こんな手に訴えたことを悔いている。もう二度と繰り返しはせぬ。</Text>
		</Replace>
		<Replace Tag="LOC_DIPLO_WARNING_STOP_SPYING_ON_ME_AI_RESPONSE_NEGATIVE_LEADER_YNL_KING_HASSAN_ANY" Language="ja_JP">
			<Text>ハッ！誰がそんな約束を真に受けると思うのだ？</Text>
		</Replace>
		<Replace Tag="LOC_DIPLO_WARNING_STOP_DIGGING_UP_ARTIFACTS_AI_RESPONSE_POSITIVE_LEADER_YNL_KING_HASSAN_ANY" Language="ja_JP">
			<Text>この土地が貴国のものだとは知らなかった。単純な手違いだ。</Text>
		</Replace>
		<Replace Tag="LOC_DIPLO_WARNING_STOP_DIGGING_UP_ARTIFACTS_AI_RESPONSE_NEGATIVE_LEADER_YNL_KING_HASSAN_ANY" Language="ja_JP">
			<Text>歴史の謎は万人に開示されるべきだ。独占は許されない。</Text>
		</Replace>
		<Replace Tag="LOC_DIPLO_WARNING_STOP_CONVERTING_MY_CITIES_AI_RESPONSE_POSITIVE_LEADER_YNL_KING_HASSAN_ANY" Language="ja_JP">
			<Text>そちらの希望は尊重するが、汝は道を誤っている。いつかわかってくれるとよいが。</Text>
		</Replace>
		<Replace Tag="LOC_DIPLO_WARNING_STOP_CONVERTING_MY_CITIES_AI_RESPONSE_NEGATIVE_LEADER_YNL_KING_HASSAN_ANY" Language="ja_JP">
			<Text>心配はいらぬ。これが一番なのだ。いずれわかるときが来る。</Text>
		</Replace>
		<Replace Tag="LOC_DIPLO_WARNING_TOO_MANY_TROOPS_NEAR_ME_LEADER_YNL_KING_HASSAN_ANY" Language="ja_JP">
			<Text>国境のすぐそばに兵を動かしたな。我が国の美しい田園風景を楽しんでいるだけだといいのだが？</Text>
		</Replace>
		<Replace Tag="LOC_DIPLO_WARNING_TOO_MANY_TROOPS_NEAR_ME_HUMAN_RESPONSE_POSITIVE_LEADER_YNL_KING_HASSAN_ANY" Language="ja_JP">
			<Text>了解した。</Text>
		</Replace>
		<Replace Tag="LOC_DIPLO_WARNING_STOP_SPYING_ON_ME_LEADER_YNL_KING_HASSAN_ANY" Language="ja_JP">
			<Text>やりかねないとは思っていたが、まさかそこまで恥知らずとは。わが国に送ったスパイを今すぐ引き上げよ！</Text>
		</Replace>
		<Replace Tag="LOC_DIPLO_WARNING_STOP_SPYING_ON_ME_HUMAN_RESPONSE_POSITIVE_LEADER_YNL_KING_HASSAN_ANY" Language="ja_JP">
			<Text>了解した。</Text>
		</Replace>
		<Replace Tag="LOC_DIPLO_WARNING_STOP_SPYING_ON_ME_HUMAN_RESPONSE_NEGATIVE_LEADER_YNL_KING_HASSAN_ANY" Language="ja_JP">
			<Text>この侮辱は忘れぬぞ。貴公も憶えておくことだな。</Text>
		</Replace>
		<Replace Tag="LOC_DIPLO_WARNING_STOP_DIGGING_UP_ARTIFACTS_LEADER_YNL_KING_HASSAN_ANY" Language="ja_JP">
			<Text>わが国の文化や歴史を盗むとは不届きな輩よ。わが国から出て行ってもらおう！</Text>
		</Replace>
		<Replace Tag="LOC_DIPLO_WARNING_STOP_DIGGING_UP_ARTIFACTS_HUMAN_RESPONSE_POSITIVE_LEADER_YNL_KING_HASSAN_ANY" Language="ja_JP">
			<Text>了解した。</Text>
		</Replace>
		<Replace Tag="LOC_DIPLO_WARNING_STOP_DIGGING_UP_ARTIFACTS_HUMAN_RESPONSE_NEGATIVE_LEADER_YNL_KING_HASSAN_ANY" Language="ja_JP">
			<Text>わが国を尊重してもらえないなら、貴国を尊重することもできない。</Text>
		</Replace>
		<Replace Tag="LOC_DIPLO_WARNING_STOP_CONVERTING_MY_CITIES_LEADER_YNL_KING_HASSAN_ANY" Language="ja_JP">
			<Text>貴国の宗教家はやり方が強引で評判が悪い。いますぐわが国から立ち退かせてくれぬか。</Text>
		</Replace>
		<Replace Tag="LOC_DIPLO_WARNING_STOP_CONVERTING_MY_CITIES_HUMAN_RESPONSE_POSITIVE_LEADER_YNL_KING_HASSAN_ANY" Language="ja_JP">
			<Text>了解した。</Text>
		</Replace>
		<Replace Tag="LOC_DIPLO_WARNING_STOP_CONVERTING_MY_CITIES_HUMAN_RESPONSE_NEGATIVE_LEADER_YNL_KING_HASSAN_ANY" Language="ja_JP">
			<Text>覚悟しておいたほうがいい。いずれ必ず報いがあるだろう。</Text>
		</Replace>
		<!-- Generic kudos for random agendas -->
		<Replace Tag="LOC_DIPLO_KUDO_LEADER_YNL_KING_HASSAN_REASON_AGENDA_HIGH_CULTURE" Language="ja_JP">
			<Text>汝の民が作り出している他に類を見ない文化には感銘を受けた。</Text>
		</Replace>
		<Replace Tag="LOC_DIPLO_KUDO_LEADER_YNL_KING_HASSAN_REASON_AGENDA_HIGH_HAPPINESS" Language="ja_JP">
			<Text>貴国の民は汝の統治を祝福していると聞いた。民の幸福を維持するのは素晴らしきことだ。</Text>
		</Replace>
		<Replace Tag="LOC_DIPLO_KUDO_LEADER_YNL_KING_HASSAN_REASON_AGENDA_HIGH_INCOME" Language="ja_JP">
			<Text>貴国は実に豊かな富に恵まれているようだ。金はいくらあっても困るものではないというわけかな？</Text>
		</Replace>
		<Replace Tag="LOC_DIPLO_KUDO_LEADER_YNL_KING_HASSAN_REASON_AGENDA_HIGH_INDUSTRY" Language="ja_JP">
			<Text>汝の民の生産力はまったく賞賛に値する。</Text>
		</Replace>
		<Replace Tag="LOC_DIPLO_KUDO_LEADER_YNL_KING_HASSAN_REASON_AGENDA_MODIFIER_NOT_COMPETING_MINORS" Language="ja_JP">
			<Text>都市国家のような小国にとって、我が国ほどふさわしい友人はいない。貴国にもそれを理解してもらえているようでなによりだ。</Text>
		</Replace>
		<Replace Tag="LOC_DIPLO_KUDO_LEADER_YNL_KING_HASSAN_REASON_AGENDA_HIGH_POPULATION" Language="ja_JP">
			<Text>汝が抱える人口の多さは賞賛に値する。</Text>
		</Replace>
		<Replace Tag="LOC_DIPLO_KUDO_LEADER_YNL_KING_HASSAN_REASON_AGENDA_HIGH_SCIENCE" Language="ja_JP">
			<Text>汝の文明の科学研究に対する入れ込みようは大したものだ。</Text>
		</Replace>
		<Replace Tag="LOC_DIPLO_KUDO_LEADER_YNL_KING_HASSAN_REASON_AGENDA_HIGH_STANDING_ARMY" Language="ja_JP">
			<Text>我は強力な軍隊を持つ指導者を好む。</Text>
		</Replace>
		<Replace Tag="LOC_DIPLO_KUDO_LEADER_YNL_KING_HASSAN_REASON_AGENDA_ENJOYS_WAR" Language="ja_JP">
			<Text>文明の真価が発揮されるのは戦いにおいてである。どこが最強の文明か、はっきりさせようではないか。</Text>
		</Replace>
		<Replace Tag="LOC_DIPLO_KUDO_LEADER_YNL_KING_HASSAN_REASON_AGENDA_MODIFIER_GREAT_PERSON_ADVOCATE_LAG" Language="ja_JP">
			<Text>嬉しいことに、世の偉大な人物たちは、貴国よりも我が国のほうを高く評価してくれているようだ。</Text>
		</Replace>
		<Replace Tag="LOC_DIPLO_KUDO_LEADER_YNL_KING_HASSAN_REASON_AGENDA_MODIFIER_WONDER_ADVOCATE_LAG" Language="ja_JP">
			<Text>遺産の建設は我らに任せてもらえるとは、貴国の賢明な判断に感謝する。</Text>
		</Replace>
		<Replace Tag="LOC_DIPLO_KUDO_LEADER_YNL_KING_HASSAN_REASON_AGENDA_HIGH_PROTECT_CITY_STATES" Language="ja_JP">
			<Text>都市国家の権利を守ろうとする汝の姿勢は、全世界がならうべき手本となるだろう。</Text>
		</Replace>
		<Replace Tag="LOC_DIPLO_KUDO_LEADER_YNL_KING_HASSAN_REASON_AGENDA_MED_PROTECT_CITY_STATES" Language="ja_JP">
			<Text>強きは弱きを守るべき。賛同してくれて嬉しく思う。</Text>
		</Replace>
		<!--Kudos for future random agendas (not yet implemented)-->
		<Replace Tag="LOC_DIPLO_KUDO_LEADER_YNL_KING_HASSAN_REASON_AGENDA_HIGH_AIRPOWER" Language="ja_JP">
			<Text>汝の空軍の力はまったくもってあなどれない。いや、大したものだ。</Text>
		</Replace>
		<Replace Tag="LOC_DIPLO_KUDO_LEADER_YNL_KING_HASSAN_REASON_AGENDA_PROTECTS_CITY_STATES" Language="ja_JP">
			<Text>自らの面倒を見れない者を助けるのは、高貴なおこないだ。</Text>
		</Replace>
		<Replace Tag="LOC_DIPLO_KUDO_LEADER_YNL_KING_HASSAN_REASON_AGENDA_CLEARS_BARBARIAN_CAMPS" Language="ja_JP">
			<Text>あの蛮族どもには我々も大いに悩まされていた。手助けに感謝する。</Text>
		</Replace>
		<Replace Tag="LOC_DIPLO_KUDO_LEADER_YNL_KING_HASSAN_REASON_AGENDA_ENVIRONMENT" Language="ja_JP">
			<Text>このかけがえのない大地の貴さを知る人々が我らのほかにもいるとは嬉しい話だ。</Text>
		</Replace>
		<Replace Tag="LOC_DIPLO_KUDO_LEADER_YNL_KING_HASSAN_REASON_AGENDA_EXPLOITATION" Language="ja_JP">
			<Text>世界は人が活用するためにある。求めよ、さらば与えられん！</Text>
		</Replace>
		<Replace Tag="LOC_DIPLO_KUDO_LEADER_YNL_KING_HASSAN_REASON_AGENDA_SAME_GOVERNMENT" Language="ja_JP">
			<Text>われわれは志を同じくする仲間のようだ。そちらの政治体制を尊重するとしよう。</Text>
		</Replace>
		<Replace Tag="LOC_DIPLO_KUDO_LEADER_YNL_KING_HASSAN_REASON_AGENDA_HIGH_NUKE_LOVE" Language="ja_JP">
			<Text>偉大な指導者は同じことを考えるようだ。あの技術には多くの使い道があるからな…</Text>
		</Replace>
		<Replace Tag="LOC_DIPLO_KUDO_LEADER_YNL_KING_HASSAN_REASON_AGENDA_HIGH_FAITH" Language="ja_JP">
			<Text>貴国の民に平穏がもたらされんことを。自分と同じように信心深い者と出会えるのは喜ばしいことだ。</Text>
		</Replace>
		<Replace Tag="LOC_DIPLO_KUDO_LEADER_YNL_KING_HASSAN_REASON_AGENDA_LOW_EXPLORATION" Language="ja_JP">
			<Text>たいへん結構。探検はこちらに任せてくれ。</Text>
		</Replace>
		<Replace Tag="LOC_DIPLO_KUDO_LEADER_YNL_KING_HASSAN_REASON_AGENDA_PARANOID" Language="ja_JP">
			<Text>汝が我々に脅威を与えないと知り、安心した。</Text>
		</Replace>
		<!-- Generic warnings for random agendas -->
		<Replace Tag="LOC_DIPLO_WARNING_LEADER_YNL_KING_HASSAN_REASON_AGENDA_LOW_CULTURE" Language="ja_JP">
			<Text>貴国は偉大な文化を生みだそうという熱意に欠けている。これでは我々は、どうやって貴国の人々のことを記憶に留めればよいのだ？</Text>
		</Replace>
		<Replace Tag="LOC_DIPLO_WARNING_LEADER_YNL_KING_HASSAN_REASON_AGENDA_LOW_HAPPINESS" Language="ja_JP">
			<Text>市民たちのためにもう少し快適性を増やそうとは思わないのか？ 皆が貴公の統治に満足しているとは思えないのだが。</Text>
		</Replace>
		<Replace Tag="LOC_DIPLO_WARNING_LEADER_YNL_KING_HASSAN_REASON_AGENDA_LOW_INCOME" Language="ja_JP">
			<Text>貴国は今にも破産しそうではないか。借金にまみれて暮らしていくつもりなのか？</Text>
		</Replace>
		<Replace Tag="LOC_DIPLO_WARNING_LEADER_YNL_KING_HASSAN_REASON_AGENDA_MODIFIER_COMPETING_MINORS" Language="ja_JP">
			<Text>貴国は都市国家との関係が浅くないようだが、できればそうした振る舞いは控えてもらいたい。我が国こそが、ああした国々との友好を深めるにふさわしいと思うのだ。</Text>
		</Replace>
		<Replace Tag="LOC_DIPLO_WARNING_LEADER_YNL_KING_HASSAN_REASON_AGENDA_LOW_INDUSTRY" Language="ja_JP">
			<Text>貴国はずいぶんと怠惰な者が多いようだ。なにも生みだせない文明は、じきに人々の記憶から消えてしまうだろう。</Text>
		</Replace>
		<Replace Tag="LOC_DIPLO_WARNING_LEADER_YNL_KING_HASSAN_REASON_AGENDA_LOW_POPULATION" Language="ja_JP">
			<Text>貴国は極端な人口不足に陥っている。それではほとんどなにもすることができないだろう。</Text>
		</Replace>
		<Replace Tag="LOC_DIPLO_WARNING_LEADER_YNL_KING_HASSAN_REASON_AGENDA_LOW_SCIENCE" Language="ja_JP">
			<Text>貴国は技術研究に熱心ではないようだが、それでどうやって人々の暮らしを豊かにできるのだ？</Text>
		</Replace>
		<Replace Tag="LOC_DIPLO_WARNING_LEADER_YNL_KING_HASSAN_REASON_AGENDA_LOW_STANDING_ARMY" Language="ja_JP">
			<Text>そんなにささやかな軍隊しか持たずに、不安を感じることはないのか？</Text>
		</Replace>
		<Replace Tag="LOC_DIPLO_WARNING_LEADER_YNL_KING_HASSAN_REASON_AGENDA_PARANOID" Language="ja_JP">
			<Text>貴国の都市は我が国にあまりに近く、貴国の軍はあまりに強い。これではこちらも心穏やかではいられなくなると思わないか？</Text>
		</Replace>
		<Replace Tag="LOC_DIPLO_WARNING_LEADER_YNL_KING_HASSAN_REASON_AGENDA_MODIFIER_GREAT_PERSON_ADVOCATE_LEAD" Language="ja_JP">
			<Text>多くの偉人を集めているようだが、あまり余計なことはしないでもらいたいものだ。偉人は我が文明にこそふさわしい。</Text>
		</Replace>
		<Replace Tag="LOC_DIPLO_WARNING_LEADER_YNL_KING_HASSAN_REASON_AGENDA_MODIFIER_WONDER_ADVOCATE_LEAD" Language="ja_JP">
			<Text>遺産の建設にかけては我らの右に出る者はいないということをご存じないのだろうか？</Text>
		</Replace>
		<Replace Tag="LOC_DIPLO_WARNING_LEADER_YNL_KING_HASSAN_REASON_AGENDA_HIGH_ATTACK_CITY_STATES" Language="ja_JP">
			<Text>小国を襲うなど、臆病者のすること。我が国にとって貴国は何の価値もない。</Text>
		</Replace>
		<Replace Tag="LOC_DIPLO_WARNING_LEADER_YNL_KING_HASSAN_REASON_AGENDA_MED_ATACK_CITY_STATES" Language="ja_JP">
			<Text>これは警告だと思ってほしい。今後は二度と小国を襲わないことだ。</Text>
		</Replace>
		<!-- Generic warnings for random agendas -->
		<Replace Tag="LOC_DIPLO_WARNING_LEADER_YNL_KING_HASSAN_REASON_AGENDA_LOW_AIRPOWER" Language="ja_JP">
			<Text>地面を這い回るだけでは栄光をつかむことはできない。航空戦力の整備を急ぐことをおすすめする。</Text>
		</Replace>
		<Replace Tag="LOC_DIPLO_WARNING_LEADER_YNL_KING_HASSAN_REASON_AGENDA_ATTACKS_CITY_STATES" Language="ja_JP">
			<Text>弱者をいたぶるのは恥ずべきことだ。</Text>
		</Replace>
		<Replace Tag="LOC_DIPLO_WARNING_LEADER_YNL_KING_HASSAN_REASON_AGENDA_IGNORES_BARBARIAN_CAMPS" Language="ja_JP">
			<Text>自分の首都の近くであのように蛮族たちをのさばらせておいてよいのか？</Text>
		</Replace>
		<Replace Tag="LOC_DIPLO_WARNING_LEADER_YNL_KING_HASSAN_REASON_AGENDA_ENVIRONMENT" Language="ja_JP">
			<Text>これだけは言っておきたい。いたずらに自然を傷つければ、貴国のみならず誰もが報いを受けることになるのだ。</Text>
		</Replace>
		<Replace Tag="LOC_DIPLO_WARNING_LEADER_YNL_KING_HASSAN_REASON_AGENDA_EXPLOITATION" Language="ja_JP">
			<Text>見るがいい、周囲に広がる肥沃な大地を！なぜ手をつけようとせぬのだ？</Text>
		</Replace>
		<Replace Tag="LOC_DIPLO_WARNING_LEADER_YNL_KING_HASSAN_REASON_AGENDA_DIFFERENT_GOVERNMENT" Language="ja_JP">
			<Text>思想の違いもそうだが、汝の民を統治するやり方は我とって許容できるものではない。</Text>
		</Replace>
		<Replace Tag="LOC_DIPLO_WARNING_LEADER_YNL_KING_HASSAN_REASON_AGENDA_LOW_NUKE_LOVE" Language="ja_JP">
			<Text>核兵器こそが未来を切り開くのだ！なぜそれがわからぬのだ？</Text>
		</Replace>
		<Replace Tag="LOC_DIPLO_WARNING_LEADER_YNL_KING_HASSAN_REASON_AGENDA_LOW_FAITH" Language="ja_JP">
			<Text>汝はなにをしるべに道を歩むのだ？まさか信心を持たぬというわけではあるまい。人々に信仰の光を見せるのも統治者の務めだ。</Text>
		</Replace>
		<Replace Tag="LOC_DIPLO_WARNING_LEADER_YNL_KING_HASSAN_REASON_AGENDA_HIGH_EXPLORATION" Language="ja_JP">
			<Text>発見とは、早い者勝ちの競争だ。貴国はわが国をさしおいて探検隊を派遣した。そんな国に従うわけにはいかない。</Text>
		</Replace>
	</LocalizedText>
</GameData>
