<?xml version="1.0" encoding="utf-8"?>
<GameData>
	<Types>
		<Row Type="PROJECT_DAWA_JADIDA" Kind="KIND_PROJECT"/>
	</Types>
	<Projects>
		<Row ProjectType="PROJECT_DAWA_JADIDA" Name="LOC_PROJECT_DAWA_JADIDA_NAME" ShortName="LOC_PROJECT_DAWA_JADIDA_SHORT_NAME" Description="LOC_PROJECT_DAWA_JADIDA_DESCRIPTION" PrereqDistrict="DISTRICT_MAUSOLEUM_OF_THE_EVENING_BELL" Cost="25" AdvisorType="ADVISOR_GENERIC" CostProgressionModel="COST_PROGRESSION_GAME_PROGRESS" CostProgressionParam1="1500" />
	</Projects>
	<Project_GreatPersonPoints>
		<Row ProjectType="PROJECT_DAWA_JADIDA" GreatPersonClassType="GREAT_PERSON_CLASS_GENERAL" Points="5" PointProgressionModel="COST_PROGRESSION_GAME_PROGRESS" PointProgressionParam1="800"/>
		<Row ProjectType="PROJECT_DAWA_JADIDA" GreatPersonClassType="GREAT_PERSON_CLASS_ADMIRAL" Points="5" PointProgressionModel="COST_PROGRESSION_GAME_PROGRESS" PointProgressionParam1="800"/>
	</Project_GreatPersonPoints>
	<Project_YieldConversions>
		<Row ProjectType="PROJECT_DAWA_JADIDA" YieldType="YIELD_GOLD"    PercentOfProductionRate="10"/>
		<Row ProjectType="PROJECT_DAWA_JADIDA" YieldType="YIELD_FAITH"   PercentOfProductionRate="10"/>
		<Row ProjectType="PROJECT_DAWA_JADIDA" YieldType="YIELD_SCIENCE" PercentOfProductionRate="10"/>
		<Row ProjectType="PROJECT_DAWA_JADIDA" YieldType="YIELD_CULTURE" PercentOfProductionRate="10"/>
	</Project_YieldConversions>
</GameData>
