<?xml version="1.0" encoding="utf-8"?>
<GameData>
	<Players>
		<!-- バニラ(RaF専用なのでコメントアウト) -->
		<!--
		<Row>
			<Domain>StandardPlayers</Domain>
			<CivilizationType>CIVILIZATION_YNL_NIZARI</CivilizationType>
			<LeaderType>LEADER_YNL_KING_HASSAN</LeaderType>
			<CivilizationName>LOC_CIVILIZATION_YNL_NIZARI_NAME</CivilizationName>
			<CivilizationIcon>ICON_CIVILIZATION_YNL_NIZARI</CivilizationIcon>
			<LeaderName>LOC_LEADER_YNL_KING_HASSAN_NAME</LeaderName>
			<LeaderIcon>ICON_LEADER_YNL_KING_HASSAN</LeaderIcon>
			<CivilizationAbilityName>LOC_TRAIT_CIVILIZATION_YNL_NIZARI_NAME</CivilizationAbilityName>
			<CivilizationAbilityDescription>LOC_TRAIT_CIVILIZATION_YNL_NIZARI_DESCRIPTION</CivilizationAbilityDescription>
			<CivilizationAbilityIcon>ICON_CIVILIZATION_YNL_NIZARI</CivilizationAbilityIcon>
			<LeaderAbilityName>LOC_TRAIT_LEADER_YNL_KING_HASSAN_NAME</LeaderAbilityName>
			<LeaderAbilityDescription>LOC_TRAIT_LEADER_YNL_KING_HASSAN_DESCRIPTION</LeaderAbilityDescription>
			<LeaderAbilityIcon>ICON_LEADER_YNL_KING_HASSAN</LeaderAbilityIcon>
			<Portrait>PORTRAIT_LEADER_YNL_KING_HASSAN</Portrait>
		</Row>
		-->
		<!-- RaF -->
		<Row>
			<Domain>Players:Expansion1_Players</Domain>
			<CivilizationType>CIVILIZATION_YNL_NIZARI</CivilizationType>
			<LeaderType>LEADER_YNL_KING_HASSAN</LeaderType>
			<CivilizationName>LOC_CIVILIZATION_YNL_NIZARI_NAME</CivilizationName>
			<CivilizationIcon>ICON_CIVILIZATION_YNL_NIZARI</CivilizationIcon>
			<LeaderName>LOC_LEADER_YNL_KING_HASSAN_NAME</LeaderName>
			<LeaderIcon>ICON_LEADER_YNL_KING_HASSAN</LeaderIcon>
			<CivilizationAbilityName>LOC_TRAIT_CIVILIZATION_YNL_NIZARI_NAME</CivilizationAbilityName>
			<CivilizationAbilityDescription>LOC_TRAIT_CIVILIZATION_YNL_NIZARI_DESCRIPTION</CivilizationAbilityDescription>
			<CivilizationAbilityIcon>ICON_CIVILIZATION_YNL_NIZARI</CivilizationAbilityIcon>
			<LeaderAbilityName>LOC_TRAIT_LEADER_YNL_KING_HASSAN_NAME</LeaderAbilityName>
			<LeaderAbilityDescription>LOC_TRAIT_LEADER_YNL_KING_HASSAN_DESCRIPTION</LeaderAbilityDescription>
			<LeaderAbilityIcon>ICON_LEADER_YNL_KING_HASSAN</LeaderAbilityIcon>
			<Portrait>PORTRAIT_LEADER_YNL_KING_HASSAN</Portrait>
		</Row>
	</Players>
	<PlayerItems>
		<!-- バニラ -->
		<Row>
			<Domain>StandardPlayers</Domain>
			<CivilizationType>CIVILIZATION_YNL_NIZARI</CivilizationType>
			<LeaderType>LEADER_YNL_KING_HASSAN</LeaderType>
			<Type>DISTRICT_MAUSOLEUM_OF_THE_EVENING_BELL</Type>
			<Name>LOC_DISTRICT_MAUSOLEUM_OF_THE_EVENING_BELL_NAME</Name>
			<Description>LOC_DISTRICT_MAUSOLEUM_OF_THE_EVENING_BELL_DESCRIPTION</Description>
			<Icon>ICON_DISTRICT_MAUSOLEUM_OF_THE_EVENING_BELL</Icon>
			<SortIndex>10</SortIndex>
		</Row>
		<Row>
			<Domain>StandardPlayers</Domain>
			<CivilizationType>CIVILIZATION_YNL_NIZARI</CivilizationType>
			<LeaderType>LEADER_YNL_KING_HASSAN</LeaderType>
			<Type>UNIT_YNL_ASSASSIN</Type>
			<Name>LOC_UNIT_YNL_ASSASSIN_NAME</Name>
			<Description>LOC_UNIT_YNL_ASSASSIN_DESCRIPTION</Description>
			<Icon>ICON_UNIT_YNL_ASSASSIN</Icon>
			<SortIndex>20</SortIndex>
		</Row>
		<Row>
			<Domain>StandardPlayers</Domain>
			<CivilizationType>CIVILIZATION_YNL_NIZARI</CivilizationType>
			<LeaderType>LEADER_YNL_KING_HASSAN</LeaderType>
			<Type>IMPROVEMENT_YNL_KULLIYE</Type>
			<Name>LOC_IMPROVEMENT_YNL_KULLIYE_NAME</Name>
			<Description>LOC_IMPROVEMENT_YNL_KULLIYE_DESCRIPTION</Description>
			<Icon>ICON_IMPROVEMENT_YNL_KULLIYE</Icon>
			<SortIndex>30</SortIndex>
		</Row>
		<!-- RaF -->
		<Row>
			<Domain>Players:Expansion1_Players</Domain>
			<CivilizationType>CIVILIZATION_YNL_NIZARI</CivilizationType>
			<LeaderType>LEADER_YNL_KING_HASSAN</LeaderType>
			<Type>DISTRICT_MAUSOLEUM_OF_THE_EVENING_BELL</Type>
			<Name>LOC_DISTRICT_MAUSOLEUM_OF_THE_EVENING_BELL_NAME</Name>
			<Description>LOC_DISTRICT_MAUSOLEUM_OF_THE_EVENING_BELL_DESCRIPTION</Description>
			<Icon>ICON_DISTRICT_MAUSOLEUM_OF_THE_EVENING_BELL</Icon>
			<SortIndex>10</SortIndex>
		</Row>
		<Row>
			<Domain>Players:Expansion1_Players</Domain>
			<CivilizationType>CIVILIZATION_YNL_NIZARI</CivilizationType>
			<LeaderType>LEADER_YNL_KING_HASSAN</LeaderType>
			<Type>UNIT_YNL_ASSASSIN</Type>
			<Name>LOC_UNIT_YNL_ASSASSIN_NAME</Name>
			<Description>LOC_UNIT_YNL_ASSASSIN_DESCRIPTION</Description>
			<Icon>ICON_UNIT_YNL_ASSASSIN</Icon>
			<SortIndex>20</SortIndex>
		</Row>
		<Row>
			<Domain>Players:Expansion1_Players</Domain>
			<CivilizationType>CIVILIZATION_YNL_NIZARI</CivilizationType>
			<LeaderType>LEADER_YNL_KING_HASSAN</LeaderType>
			<Type>IMPROVEMENT_YNL_KULLIYE</Type>
			<Name>LOC_IMPROVEMENT_YNL_KULLIYE_NAME</Name>
			<Description>LOC_IMPROVEMENT_YNL_KULLIYE_DESCRIPTION</Description>
			<Icon>ICON_IMPROVEMENT_YNL_KULLIYE</Icon>
			<SortIndex>30</SortIndex>
		</Row>
	</PlayerItems>
</GameData>
