<GameInfo>
	<Types>
		<Row Type="DISTRICT_LIVERY_COMPANY" Kind="KIND_DISTRICT"/>
	</Types>
	<DistrictReplaces>
		<Row CivUniqueDistrictType="DISTRICT_LIVERY_COMPANY" ReplacesDistrictType="DISTRICT_COMMERCIAL_HUB"/>
	</DistrictReplaces>
	<Districts>
		<Row DistrictType="DISTRICT_LIVERY_COMPANY" Name="LOC_DISTRICT_LIVERY_COMPANY_NAME" Description="LOC_DISTRICT_LIVERY_COMPANY_DESCRIPTION" 
			 PrereqTech="TECH_CURRENCY" PlunderType="PLUNDER_GOLD" PlunderAmount="50" AdvisorType="ADVISOR_GENERIC" 
			 Cost="54" CostProgressionModel="COST_PROGRESSION_NUM_UNDER_AVG_PLUS_TECH" CostProgressionParam1="40" 
			 RequiresPlacement="true" RequiresPopulation="true" Aqueduct="false" NoAdjacentCity="false" InternalOnly="false" ZOC="false" 
			 CaptureRemovesBuildings="false" CaptureRemovesCityDefenses="false" MilitaryDomain="NO_DOMAIN" TravelTime="3" CityStrengthModifier="2"
			 TraitType="TRAIT_CIVILIZATION_DISTRICT_LIVERY_COMPANY" />
	</Districts>
	<District_Adjacencies>
		<Row DistrictType="DISTRICT_LIVERY_COMPANY" YieldChangeId="River_Gold"/>
		<Row DistrictType="DISTRICT_LIVERY_COMPANY" YieldChangeId="Harbor_Gold"/>
		<Row DistrictType="DISTRICT_LIVERY_COMPANY" YieldChangeId="RoyalDock_Gold"/>
		<Row DistrictType="DISTRICT_LIVERY_COMPANY" YieldChangeId="District_Gold"/>
		<Row DistrictType="DISTRICT_LIVERY_COMPANY" YieldChangeId="CityCenter_Gold_Mesugaki"/>
	</District_Adjacencies>
	<District_GreatPersonPoints>
		<Row DistrictType="DISTRICT_LIVERY_COMPANY" GreatPersonClassType="GREAT_PERSON_CLASS_MERCHANT" PointsPerTurn="2"/>
	</District_GreatPersonPoints>
	<District_TradeRouteYields>
		<Row DistrictType="DISTRICT_LIVERY_COMPANY" YieldType="YIELD_PRODUCTION" YieldChangeAsOrigin="0" YieldChangeAsDomesticDestination="2" YieldChangeAsInternationalDestination="0"/>
		<Row DistrictType="DISTRICT_LIVERY_COMPANY" YieldType="YIELD_GOLD"       YieldChangeAsOrigin="0" YieldChangeAsDomesticDestination="0" YieldChangeAsInternationalDestination="3"/>
	</District_TradeRouteYields>
	<District_CitizenYieldChanges>
		<Row DistrictType="DISTRICT_LIVERY_COMPANY" YieldType="YIELD_GOLD" YieldChange="4"/>
	</District_CitizenYieldChanges>
	<District_CitizenGreatPersonPoints/>
	<Adjacency_YieldChanges>
		<!-- これはドイツのハンザ用の記述だと思われる(どこからも参照されないことになるのでたぶん不要) -->
		<Row ID="Livery_Company_Production" Description="LOC_DISTRICT_LIVERY_COMPANY_PRODUCTION" YieldType="YIELD_PRODUCTION" YieldChange="2" TilesRequired="1" AdjacentDistrict="DISTRICT_LIVERY_COMPANY"/>
		<!-- 都心に隣接でゴールド+2、 -->
		<Row ID="CityCenter_Gold_Mesugaki"  Description="LOC_DISTRICT_CITY_CENTER_GOLD"          YieldType="YIELD_GOLD"       YieldChange="2" TilesRequired="1" AdjacentDistrict="DISTRICT_CITY_CENTER"/>
	</Adjacency_YieldChanges>
	<DistrictModifiers>
		<Row>
			<DistrictType>DISTRICT_LIVERY_COMPANY</DistrictType>
			<ModifierId>COMMERCIAL_HUB_TRADE_ROUTE_CAPACITY</ModifierId>
		</Row>
	</DistrictModifiers>
</GameInfo>
