<?xml version="1.0" encoding="utf-8"?>
<GameData>
	<LocalizedText>
		<!-- RaF専用アジェンダ（専用のファイルに書くこと） -->
		<!-- 堅物 -->
		<Replace Tag="LOC_DIPLO_KUDO_LEADER_YNL_KING_HASSAN_REASON_AGENDA_CURMUDGEON_POSITIVE" Language="ja_JP">
			<Text>偉大な指導者は、異性の手管に心を奪われたりはせぬものでは？</Text>
		</Replace>
		<Replace Tag="LOC_DIPLO_WARNING_LEADER_YNL_KING_HASSAN_REASON_AGENDA_CURMUDGEON_NEGATIVE" Language="ja_JP">
			<Text>よく回る口だが、他にやることはないのか？ 気が散って迷惑だし、非生産的だ。</Text>
		</Replace>
		<!-- 色好み -->
		<Replace Tag="LOC_DIPLO_KUDO_LEADER_YNL_KING_HASSAN_REASON_AGENDA_FLIRTATIOUS_POSITIVE" Language="ja_JP">
			<Text>汝には敬服している。多くの者がそうだろうが、我こそが最大にして最も重要な信奉者だ。</Text>
		</Replace>
		<Replace Tag="LOC_DIPLO_WARNING_LEADER_YNL_KING_HASSAN_REASON_AGENDA_FLIRTATIOUS_NEGATIVE" Language="ja_JP">
			<Text>「民の最善の利益のために交渉している」と言うが、はたしてそうかな？我の交友関係を妬んでいるだけに思えるが。</Text>
		</Replace>
		<!-- ゴシップ -->
		<Replace Tag="LOC_DIPLO_KUDO_LEADER_YNL_KING_HASSAN_REASON_AGENDA_GOSSIP_POSITIVE" Language="ja_JP">
			<Text>「知は力なり」と言うように、他国の秘密を知っている我々の関係は盤石だ。</Text>
		</Replace>
		<Replace Tag="LOC_DIPLO_WARNING_LEADER_YNL_KING_HASSAN_REASON_AGENDA_GOSSIP_NEGATIVE" Language="ja_JP">
			<Text>我はよく考えるのだ、汝の口数が少ないのはなぜだろうと。おそらく、興味を引けるような話をろくに知らぬではないか？</Text>
		</Replace>
		<!-- 追従 -->
		<Replace Tag="LOC_DIPLO_KUDO_LEADER_YNL_KING_HASSAN_REASON_AGENDA_SYCOPHANT_GOLDEN_AGE" Language="ja_JP">
			<Text>我が国の詩人や哲学者たちは、貴国の文明をこの世の光として称賛している。我も同じ意見だ。</Text>
		</Replace>
		<Replace Tag="LOC_DIPLO_WARNING_LEADER_YNL_KING_HASSAN_REASON_AGENDA_SYCOPHANT_DARK_AGE" Language="ja_JP">
			<Text>世界にとってより尊い手本となることを目指すのだ。汝が民を栄光に導けば、民は汝を愛するであろう。</Text>
		</Replace>
		<!-- 人情家 -->
		<Replace Tag="LOC_DIPLO_KUDO_LEADER_YNL_KING_HASSAN_REASON_AGENDA_SYMPATHIZER_DARK_AGE" Language="ja_JP">
			<Text>汝は我慢強く、強い意志で苦難に耐えている。我々としても感に堪えぬ。</Text>
		</Replace>
		<Replace Tag="LOC_DIPLO_WARNING_LEADER_YNL_KING_HASSAN_REASON_AGENDA_SYMPATHIZER_GOLDEN_AGE" Language="ja_JP">
			<Text>「栄光の時代」を満喫しているところを悪いが、どうにも鼻についてならぬな。汝の国が没落する日が今から楽しみだ。</Text>
		</Replace>

		<!-- 戦闘ボーナスの効果説明文 -->
		<Replace Tag="LOC_TRAIT_COMBAT_BONUS_VS_DARK_AGE_CIV_YNL_DESCRIPTION" Language="ja_JP">
			<Text>暗黒時代の文明に対し戦闘力+8</Text>
		</Replace>
		<Replace Tag="LOC_ABILITY_COMBAT_BONUS_VS_DARK_AGE_YNL_DESCRIPTION" Language="ja_JP">
			<Text>暗黒時代の文明との戦いで [ICON_Strength] 戦闘力+8。</Text>
		</Replace>
	</LocalizedText>
</GameData>
