<?xml version="1.0" encoding="utf-8"?>
<GameData>
	<!-- RaFで追加された効果などを使う場合はこちらにまとめて記載してある -->
	<!-- ユニットアビリティ -->
	<!-- (ラウタロのトキと同じように追加したものの、ユニットのツールチップに表示されていないので意味があるのか不明) -->
	<Types>
		<Row Type="ABILITY_COMBAT_BONUS_VS_DARK_AGE_YNL" Kind="KIND_ABILITY"/>
	</Types>
	<TypeTags>
		<Row Type="ABILITY_COMBAT_BONUS_VS_DARK_AGE_YNL" Tag="CLASS_RECON"/>
		<Row Type="ABILITY_COMBAT_BONUS_VS_DARK_AGE_YNL" Tag="CLASS_MELEE"/>
		<Row Type="ABILITY_COMBAT_BONUS_VS_DARK_AGE_YNL" Tag="CLASS_RANGED"/>
		<Row Type="ABILITY_COMBAT_BONUS_VS_DARK_AGE_YNL" Tag="CLASS_SIEGE"/>
		<Row Type="ABILITY_COMBAT_BONUS_VS_DARK_AGE_YNL" Tag="CLASS_HEAVY_CAVALRY"/>
		<Row Type="ABILITY_COMBAT_BONUS_VS_DARK_AGE_YNL" Tag="CLASS_LIGHT_CAVALRY"/>
		<Row Type="ABILITY_COMBAT_BONUS_VS_DARK_AGE_YNL" Tag="CLASS_RANGED_CAVALRY"/>
		<Row Type="ABILITY_COMBAT_BONUS_VS_DARK_AGE_YNL" Tag="CLASS_ANTI_CAVALRY"/>
		<Row Type="ABILITY_COMBAT_BONUS_VS_DARK_AGE_YNL" Tag="CLASS_HEAVY_CHARIOT"/>
		<Row Type="ABILITY_COMBAT_BONUS_VS_DARK_AGE_YNL" Tag="CLASS_LIGHT_CHARIOT"/>
		<Row Type="ABILITY_COMBAT_BONUS_VS_DARK_AGE_YNL" Tag="CLASS_NAVAL_MELEE"/>
		<Row Type="ABILITY_COMBAT_BONUS_VS_DARK_AGE_YNL" Tag="CLASS_NAVAL_RANGED"/>
		<Row Type="ABILITY_COMBAT_BONUS_VS_DARK_AGE_YNL" Tag="CLASS_NAVAL_RAIDER"/>
		<Row Type="ABILITY_COMBAT_BONUS_VS_DARK_AGE_YNL" Tag="CLASS_AIRCRAFT"/>
	</TypeTags>
	<UnitAbilities>
		<Row UnitAbilityType="ABILITY_COMBAT_BONUS_VS_DARK_AGE_YNL" Inactive="true"/>
	</UnitAbilities>
	<UnitAbilityModifiers>
		<Row>
			<UnitAbilityType>ABILITY_COMBAT_BONUS_VS_DARK_AGE_YNL</UnitAbilityType>
			<ModifierId>COMBAT_BONUS_VS_DARK_AGE_YNL</ModifierId>
		</Row>
	</UnitAbilityModifiers>
	<!-- 指導者特性 -->
	<TraitModifiers>
		<!-- 暗黒時代の文明に対し戦闘力+8 -->
		<Row TraitType="TRAIT_LEADER_YNL_KING_HASSAN" ModifierId="TRAIT_COMBAT_BONUS_VS_DARK_AGE_CIV_YNL"/>
		<!-- 敵都市の境界内で敵ユニットを倒すと、その都市の忠誠心が30低下 -->
		<Row TraitType="TRAIT_LEADER_YNL_KING_HASSAN" ModifierId="TRAIT_DIMINISH_LOYALTY_IN_ENEMY_CITY_YNL"/>
	</TraitModifiers>
	<Modifiers>
		<!-- 暗黒時代の文明に対し戦闘力+8 -->
		<Row>
			<ModifierId>TRAIT_COMBAT_BONUS_VS_DARK_AGE_CIV_YNL</ModifierId>
			<ModifierType>MODIFIER_PLAYER_UNITS_ADJUST_COMBAT_STRENGTH</ModifierType>
			<SubjectRequirementSetId>OPPONENT_IS_IN_DARK_AGE_FREE_CITY_REQUIREMENTS_YNL</SubjectRequirementSetId>
		</Row>
		<Row>
			<ModifierId>COMBAT_BONUS_VS_DARK_AGE_YNL</ModifierId>
			<ModifierType>MODIFIER_PLAYER_UNITS_ADJUST_COMBAT_STRENGTH</ModifierType>
			<SubjectRequirementSetId>OPPONENT_IS_IN_DARK_AGE_FREE_CITY_REQUIREMENTS_YNL</SubjectRequirementSetId>
		</Row>
		<!-- 敵都市の境界内で敵ユニットを倒すと、その都市の忠誠心が30低下 -->
		<Row>
			<ModifierId>TRAIT_DIMINISH_LOYALTY_IN_ENEMY_CITY_YNL</ModifierId>
			<ModifierType>MODIFIER_PLAYER_ADJUST_POST_COMBAT_LOYALTY</ModifierType>
		</Row>
	</Modifiers>
	<ModifierArguments>
		<Row>
			<!-- 暗黒時代の文明に対し戦闘力+8 -->
			<ModifierId>TRAIT_COMBAT_BONUS_VS_DARK_AGE_CIV_YNL</ModifierId>
			<Name>Amount</Name>
			<Value>8</Value>
		</Row>
		<Row>
			<ModifierId>COMBAT_BONUS_VS_DARK_AGE_YNL</ModifierId>
			<Name>Amount</Name>
			<Value>8</Value>
		</Row>
		<!-- 敵都市の境界内で敵ユニットを倒すと、その都市の忠誠心が30低下 -->
		<Row>
			<ModifierId>TRAIT_DIMINISH_LOYALTY_IN_ENEMY_CITY_YNL</ModifierId>
			<Name>Amount</Name>
			<Value>-30</Value>
		</Row>
		<Row>
			<ModifierId>TRAIT_DIMINISH_LOYALTY_IN_ENEMY_CITY_YNL</ModifierId>
			<Name>AdditionalGoldenAge</Name>
			<Value>-0</Value>
		</Row>
		<Row>
			<ModifierId>TRAIT_DIMINISH_LOYALTY_IN_ENEMY_CITY_YNL</ModifierId>
			<Name>AffectLocal</Name>
			<Value>false</Value>
		</Row>
	</ModifierArguments>
	<!-- 戦闘プレビューの説明 -->
	<ModifierStrings>
		<!-- 暗黒時代の文明に対し戦闘力+8 -->
		<Row ModifierId="COMBAT_BONUS_VS_DARK_AGE_YNL"           Context="Preview" Text="LOC_ABILITY_COMBAT_BONUS_VS_DARK_AGE_YNL_DESCRIPTION"/>
		<Row ModifierId="TRAIT_COMBAT_BONUS_VS_DARK_AGE_CIV_YNL" Context="Preview" Text="LOC_TRAIT_COMBAT_BONUS_VS_DARK_AGE_CIV_YNL_DESCRIPTION"/>
	</ModifierStrings>
	<!-- 効果発動条件 -->
	<RequirementSets>
		<Row>
			<RequirementSetId>OPPONENT_IS_IN_DARK_AGE_FREE_CITY_REQUIREMENTS_YNL</RequirementSetId>
			<RequirementSetType>REQUIREMENTSET_TEST_ANY</RequirementSetType>
		</Row>
	</RequirementSets>
	<RequirementSetRequirements>
		<Row>
			<RequirementSetId>OPPONENT_IS_IN_DARK_AGE_FREE_CITY_REQUIREMENTS_YNL</RequirementSetId>
			<RequirementId>OPPONENT_IS_IN_DARK_AGE_REQUIREMENT_YNL</RequirementId>
		</Row>
		<Row>
			<RequirementSetId>OPPONENT_IS_IN_DARK_AGE_FREE_CITY_REQUIREMENTS_YNL</RequirementSetId>
			<RequirementId>OPPONENT_IS_FREE_CITY_REQUIREMENT_YNL</RequirementId>
		</Row>
	</RequirementSetRequirements>
	<Requirements>
		<Row>
			<RequirementId>OPPONENT_IS_IN_DARK_AGE_REQUIREMENT_YNL</RequirementId>
			<RequirementType>REQUIREMENT_OPPONENT_ERA_AGE_MATCHES</RequirementType>
		</Row>
		<Row>
			<RequirementId>OPPONENT_IS_FREE_CITY_REQUIREMENT_YNL</RequirementId>
			<RequirementType>REQUIREMENT_OPPONENT_IS_FREE_CITY</RequirementType>
		</Row>
	</Requirements>
	<RequirementArguments>
		<Row>
			<RequirementId>OPPONENT_IS_IN_DARK_AGE_REQUIREMENT_YNL</RequirementId>
			<Name>Type</Name>
			<Value>DARK</Value>
		</Row>
		<!-- REQUIREMENT_OPPONENT_IS_FREE_CITY にはArgumentがない -->
	</RequirementArguments>
	
	<!-- 歴史年表 -->
	<MomentIllustrations>
		<!-- 晩鐘廟 -->
		<Row MomentIllustrationType="MOMENT_ILLUSTRATION_UNIQUE_DISTRICT"
			 MomentDataType="MOMENT_DATA_DISTRICT"
			 GameDataType="DISTRICT_MAUSOLEUM_OF_THE_EVENING_BELL"
			 Texture="YNL_MOMENT_DISTRICT_BANSYOBYO.dds"/>
		<!-- アサシン -->
		<Row MomentIllustrationType="MOMENT_ILLUSTRATION_UNIQUE_UNIT"
			 MomentDataType="MOMENT_DATA_UNIT"
			 GameDataType="UNIT_YNL_ASSASSIN"
			 Texture="YNL_MOMENT_UNIT_ASSASSIN.dds"/>
		<!-- キュッリイェ -->
		<Row MomentIllustrationType="MOMENT_ILLUSTRATION_UNIQUE_IMPROVEMENT"
			 MomentDataType="MOMENT_DATA_IMPROVEMENT"
			 GameDataType="IMPROVEMENT_YNL_KULLIYE"
			 Texture="YNL_MOMENT_IMPROVEMENT_YNL_KULLIYE.dds"/>
	</MomentIllustrations>
	
	<!-- AIの好み -->
	<AiFavoredItems>
		<Row ListType="YNL_KingHassanWonders" Item="BUILDING_KOTOKU_IN"/>		<!-- 高徳院 -->
	</AiFavoredItems>

	<!-- 指導者固有の性格(アジェンダ) -->
	<HistoricalAgendas>
		<Row LeaderType="LEADER_YNL_KING_HASSAN"   AgendaType="AGENDA_SPIRIT_OF_TUCAPEL"/>
	</HistoricalAgendas>
	
	<!-- 区域の隣接ボーナス -->
	<District_Adjacencies>
		<Row DistrictType="DISTRICT_MAUSOLEUM_OF_THE_EVENING_BELL" YieldChangeId="Government_Faith"/>
	</District_Adjacencies>
</GameData>
