<?xml version="1.0" encoding="utf-8"?>
<GameInfo>
	<Types>
		<Row Type="TRAIT_AGENDA_YNL_DARK_WATER" Kind="KIND_TRAIT"/>
	</Types>
	<Traits>
		<Row TraitType="TRAIT_AGENDA_YNL_DARK_WATER"/>
	</Traits>
	<Agendas>
		<Row AgendaType="AGENDA_YNL_DARK_WATER" Name="LOC_AGENDA_YNL_DARK_WATER_NAME" Description="LOC_AGENDA_YNL_DARK_WATER_DESCRIPTION"/>
	</Agendas>
	<ExclusiveAgendas>
		<Row AgendaOne="AGENDA_YNL_DARK_WATER" AgendaTwo="AGENDA_STANDING_ARMY"/>
		<Row AgendaOne="AGENDA_YNL_DARK_WATER" AgendaTwo="AGENDA_PARANOID"/>
	</ExclusiveAgendas>
	<AgendaTraits>
		<Row AgendaType="AGENDA_YNL_DARK_WATER" TraitType="TRAIT_AGENDA_YNL_DARK_WATER"/>
	</AgendaTraits>
	<TraitModifiers>
		<Row TraitType="TRAIT_AGENDA_YNL_DARK_WATER" ModifierId="AGENDA_YNL_DARK_WATER_DIPLOMACY"/>
	</TraitModifiers>
	<Modifiers>
		<Row>
			<ModifierId>AGENDA_YNL_DARK_WATER_DIPLOMACY</ModifierId>
			<ModifierType>MODIFIER_PLAYER_DIPLOMACY_AGENDA_QUEEN_OF_NILE</ModifierType>
			<OwnerRequirementSetId>ON_TURN_STARTED</OwnerRequirementSetId>
			<SubjectRequirementSetId>PLAYER_IS_MAJOR_CIV_KNOWN_10_TURNS</SubjectRequirementSetId>
		</Row>
	</Modifiers>
	<ModifierArguments>
		<Row>
			<ModifierId>AGENDA_YNL_DARK_WATER_DIPLOMACY</ModifierId>
			<Name>StatementKey</Name>
			<!-- Note: Value not actually used, just has to have something so we know this is a kudo/warning -->
			<Value>AGENDA_YNL_DARK_WATER_WARNING</Value>
		</Row>
	</ModifierArguments>
	<ModifierStrings>
		<Row ModifierId="AGENDA_YNL_DARK_WATER_DIPLOMACY" Context="Sample" Text="LOC_TOOLTIP_SAMPLE_DIPLOMACY_ALL"/>
	</ModifierStrings>
</GameInfo>
