<?xml version="1.0" encoding="utf-8"?>
<GameData>
	<LocalizedText>
		<!-- 隠しアジェンダ 感心 -->
		<Replace Tag="LOC_DIPLO_KUDO_LEADER_HARBOUR_PRINCESS_REASON_AGENDA_HIGH_CULTURE" Language="ja_JP">
			<Text>アナタノ民ガ作リ出シテイル他ニ類ヲ見ナイ文化ニハ感銘ヲ受ケタ。</Text>
		</Replace>
		<Replace Tag="LOC_DIPLO_KUDO_LEADER_HARBOUR_PRINCESS_REASON_AGENDA_HIGH_HAPPINESS" Language="ja_JP">
			<Text>アナタノ民ハアナタノ統治ヲ祝福シテイルト聞イタ。民ノ幸福ヲ維持スルノハ素晴ラシイコトダ。</Text>
		</Replace>
		<Replace Tag="LOC_DIPLO_KUDO_LEADER_HARBOUR_PRINCESS_REASON_AGENDA_HIGH_INCOME" Language="ja_JP">
			<Text>貴国ハ実ニ豊カナ富ニ恵マレテイルヨウダ。金ハイクラアッテモ困ルモノデハナイトイウワケカナ?</Text>
		</Replace>
		<Replace Tag="LOC_DIPLO_KUDO_LEADER_HARBOUR_PRINCESS_REASON_AGENDA_HIGH_INDUSTRY" Language="ja_JP">
			<Text>アナタノ民ノ生産力ハマッタク賞賛ニ値スル。</Text>
		</Replace>
		<Replace Tag="LOC_DIPLO_KUDO_LEADER_HARBOUR_PRINCESS_REASON_AGENDA_MODIFIER_NOT_COMPETING_MINORS" Language="ja_JP">
			<Text>都市国家ノヨウナ小国ニトッテ、我ガ国ホドフサワシイ友人ハイナイ。貴国ニモソレヲ理解シテモラエテイルヨウデナニヨリダ。</Text>
		</Replace>
		<Replace Tag="LOC_DIPLO_KUDO_LEADER_HARBOUR_PRINCESS_REASON_AGENDA_HIGH_POPULATION" Language="ja_JP">
			<Text>アナタガ抱エル人口ノ多サハ賞賛ニ値スル。</Text>
		</Replace>
		<Replace Tag="LOC_DIPLO_KUDO_LEADER_HARBOUR_PRINCESS_REASON_AGENDA_HIGH_SCIENCE" Language="ja_JP">
			<Text>アナタノ文明ノ科学研究ニ対スル入レ込ミヨウハ大シタモノダ。</Text>
		</Replace>
		<Replace Tag="LOC_DIPLO_KUDO_LEADER_HARBOUR_PRINCESS_REASON_AGENDA_HIGH_STANDING_ARMY" Language="ja_JP">
			<Text>私ハ強力ナ軍隊ヲ持ツ指導者ヲ好ム。</Text>
		</Replace>
		<Replace Tag="LOC_DIPLO_KUDO_LEADER_HARBOUR_PRINCESS_REASON_AGENDA_ENJOYS_WAR" Language="ja_JP">
			<Text>文明ノ真価ガ発揮サレルノハ戦イニオイテデアル。ドコガ最強ノ文明カ、ハッキリサセヨウデハナイカ。</Text>
		</Replace>
		<Replace Tag="LOC_DIPLO_KUDO_LEADER_HARBOUR_PRINCESS_REASON_AGENDA_MODIFIER_GREAT_PERSON_ADVOCATE_LAG" Language="ja_JP">
			<Text>嬉シイコトニ、世ノ偉大ナ人物タチハ、貴国ヨリモ我ガ国ノホウヲ高ク評価シテクレテイルヨウダ。</Text>
		</Replace>
		<Replace Tag="LOC_DIPLO_KUDO_LEADER_HARBOUR_PRINCESS_REASON_AGENDA_MODIFIER_WONDER_ADVOCATE_LAG" Language="ja_JP">
			<Text>遺産ノ建設ハ我ラニ任セテモラエルトハ、貴国ノ賢明ナ判断ニ感謝スル。</Text>
		</Replace>
		<Replace Tag="LOC_DIPLO_KUDO_LEADER_HARBOUR_PRINCESS_REASON_AGENDA_HIGH_PROTECT_CITY_STATES" Language="ja_JP">
			<Text>都市国家ノ権利ヲ守ロウトスルアナタノ姿勢ハ、全世界ガナラウベキ手本トナルダロウ。</Text>
		</Replace>
		<Replace Tag="LOC_DIPLO_KUDO_LEADER_HARBOUR_PRINCESS_REASON_AGENDA_MED_PROTECT_CITY_STATES" Language="ja_JP">
			<Text>強キハ弱キヲ守ルベキ。賛同シテクレテ嬉シク思ウ。</Text>
		</Replace>
		<Replace Tag="LOC_DIPLO_KUDO_LEADER_HARBOUR_PRINCESS_REASON_AGENDA_HIGH_AIRPOWER" Language="ja_JP">
			<Text>アナタノ空軍ノ力ハマッタクモッテアナドレナイ。イヤ、大シタモノダ。</Text>
		</Replace>
		<Replace Tag="LOC_DIPLO_KUDO_LEADER_HARBOUR_PRINCESS_REASON_AGENDA_PROTECTS_CITY_STATES" Language="ja_JP">
			<Text>自ラノ面倒ヲ見レナイ者ヲ助ケルノハ、高貴ナオコナイダ。</Text>
		</Replace>
		<Replace Tag="LOC_DIPLO_KUDO_LEADER_HARBOUR_PRINCESS_REASON_AGENDA_CLEARS_BARBARIAN_CAMPS" Language="ja_JP">
			<Text>アノ蛮族ドモニハ我々モ大イニ悩マサレテイタ。手助ケニ感謝スル。</Text>
		</Replace>
		<Replace Tag="LOC_DIPLO_KUDO_LEADER_HARBOUR_PRINCESS_REASON_AGENDA_ENVIRONMENT" Language="ja_JP">
			<Text>コノカケガエノナイ大地ノ貴サヲ知ル人々ガ我ラノホカニモイルトハ嬉シイ話ダ。</Text>
		</Replace>
		<Replace Tag="LOC_DIPLO_KUDO_LEADER_HARBOUR_PRINCESS_REASON_AGENDA_EXPLOITATION" Language="ja_JP">
			<Text>世界ハ人ガ活用スルタメニアル。求メヨ、サラバ与エラレン!</Text>
		</Replace>
		<Replace Tag="LOC_DIPLO_KUDO_LEADER_HARBOUR_PRINCESS_REASON_AGENDA_SAME_GOVERNMENT" Language="ja_JP">
			<Text>ワレワレハ志ヲ同ジクスル仲間ノヨウダ。ソチラノ政治体制ヲ尊重スルトシヨウ。</Text>
		</Replace>
		<Replace Tag="LOC_DIPLO_KUDO_LEADER_HARBOUR_PRINCESS_REASON_AGENDA_HIGH_NUKE_LOVE" Language="ja_JP">
			<Text>偉大ナ指導者ハ同ジコトヲ考エルヨウダ。アノ技術ニハ多クノ使イ道ガアルカラナ…</Text>
		</Replace>
		<Replace Tag="LOC_DIPLO_KUDO_LEADER_HARBOUR_PRINCESS_REASON_AGENDA_HIGH_FAITH" Language="ja_JP">
			<Text>アナタトアナタノ民ニ平穏ガモタラサレンコトヲ。自分ト同ジヨウニ信心深イ者ト出会エルノハ喜バシイコトダ。</Text>
		</Replace>
		<Replace Tag="LOC_DIPLO_KUDO_LEADER_HARBOUR_PRINCESS_REASON_AGENDA_LOW_EXPLORATION" Language="ja_JP">
			<Text>タイヘン結構。探検ハコチラニ任セテクレ。</Text>
		</Replace>
		<Replace Tag="LOC_DIPLO_KUDO_LEADER_HARBOUR_PRINCESS_REASON_AGENDA_PARANOID" Language="ja_JP">
			<Text>アナタガ我々ニ脅威ヲ与エナイト知リ、安心シタ。</Text>
		</Replace>
		<!-- 隠しアジェンダ 非難 -->
		<Replace Tag="LOC_DIPLO_WARNING_LEADER_HARBOUR_PRINCESS_REASON_AGENDA_LOW_CULTURE" Language="ja_JP">
			<Text>貴国ハ偉大ナ文化ヲ生ミダソウトイウ熱意ニ欠ケテイル。コレデハ我々ハ、ドウヤッテ貴国ノ人々ノコトヲ記憶ニ留メレバヨイノダ?</Text>
		</Replace>
		<Replace Tag="LOC_DIPLO_WARNING_LEADER_HARBOUR_PRINCESS_REASON_AGENDA_LOW_HAPPINESS" Language="ja_JP">
			<Text>市民タチノタメニモウ少シ快適性ヲ増ヤソウトハ思ワナイノカ? 皆ガ貴公ノ統治ニ満足シテイルトハ思エナイノダガ。</Text>
		</Replace>
		<Replace Tag="LOC_DIPLO_WARNING_LEADER_HARBOUR_PRINCESS_REASON_AGENDA_LOW_INCOME" Language="ja_JP">
			<Text>貴国ハ今ニモ破産シソウデハナイカ。借金ニマミレテ暮ラシテイクツモリナノカ?</Text>
		</Replace>
		<Replace Tag="LOC_DIPLO_WARNING_LEADER_HARBOUR_PRINCESS_REASON_AGENDA_MODIFIER_COMPETING_MINORS" Language="ja_JP">
			<Text>貴国ハ都市国家トノ関係ガ浅クナイヨウダガ、デキレバソウシタ振ル舞イハ控エテモライタイ。我ガ国コソガ、アアシタ国々トノ友好ヲ深メルニフサワシイト思ウノダ。</Text>
		</Replace>
		<Replace Tag="LOC_DIPLO_WARNING_LEADER_HARBOUR_PRINCESS_REASON_AGENDA_LOW_INDUSTRY" Language="ja_JP">
			<Text>貴国ハズイブント怠惰ナ者ガ多イヨウダ。ナニモ生ミダセナイ文明ハ、ジキニ人々ノ記憶カラ消エテシマウダロウ。</Text>
		</Replace>
		<Replace Tag="LOC_DIPLO_WARNING_LEADER_HARBOUR_PRINCESS_REASON_AGENDA_LOW_POPULATION" Language="ja_JP">
			<Text>貴国ハ極端ナ人口不足ニ陥ッテイル。ソレデハホトンドナニモスルコトガデキナイダロウ。</Text>
		</Replace>
		<Replace Tag="LOC_DIPLO_WARNING_LEADER_HARBOUR_PRINCESS_REASON_AGENDA_LOW_SCIENCE" Language="ja_JP">
			<Text>貴国ハ技術研究ニ熱心デハナイヨウダガ、ソレデドウヤッテ人々ノ暮ラシヲ豊カニデキルノダ?</Text>
		</Replace>
		<Replace Tag="LOC_DIPLO_WARNING_LEADER_HARBOUR_PRINCESS_REASON_AGENDA_LOW_STANDING_ARMY" Language="ja_JP">
			<Text>ソンナニササヤカナ軍隊シカ持タズニ、不安ヲ感ジルコトハナイノカ?</Text>
		</Replace>
		<Replace Tag="LOC_DIPLO_WARNING_LEADER_HARBOUR_PRINCESS_REASON_AGENDA_PARANOID" Language="ja_JP">
			<Text>貴国ノ都市ハ我ガ国ニアマリニ近ク、貴国ノ軍ハアマリニ強イ。コレデハコチラモ心穏ヤカデハイラレナクナルト思ワナイカ?</Text>
		</Replace>
		<Replace Tag="LOC_DIPLO_WARNING_LEADER_HARBOUR_PRINCESS_REASON_AGENDA_MODIFIER_GREAT_PERSON_ADVOCATE_LEAD" Language="ja_JP">
			<Text>多クノ偉人ヲ集メテイルヨウダガ、アマリ余計ナコトハシナイデモライタイモノダ。偉人ハ我ガ文明ニコソフサワシイ。</Text>
		</Replace>
		<Replace Tag="LOC_DIPLO_WARNING_LEADER_HARBOUR_PRINCESS_REASON_AGENDA_MODIFIER_WONDER_ADVOCATE_LEAD" Language="ja_JP">
			<Text>遺産ノ建設ニカケテハ我ラノ右ニ出ル者ハイナイトイウコトヲゴ存ジナイノダロウカ?</Text>
		</Replace>
		<Replace Tag="LOC_DIPLO_WARNING_LEADER_HARBOUR_PRINCESS_REASON_AGENDA_HIGH_ATTACK_CITY_STATES" Language="ja_JP">
			<Text>小国ヲ襲ウナド、臆病者ノスルコト。我ガ国ニトッテ貴国ハ何ノ価値モナイ。</Text>
		</Replace>
		<Replace Tag="LOC_DIPLO_WARNING_LEADER_HARBOUR_PRINCESS_REASON_AGENDA_MED_ATACK_CITY_STATES" Language="ja_JP">
			<Text>コレハ警告ダト思ッテホシイ。今後ハ二度ト小国ヲ襲ワナイコトダ。</Text>
		</Replace>
		<Replace Tag="LOC_DIPLO_WARNING_LEADER_HARBOUR_PRINCESS_REASON_AGENDA_LOW_AIRPOWER" Language="ja_JP">
			<Text>地面ヲ這イ回ルダケデハ栄光ヲツカムコトハデキナイ。航空戦力ノ整備ヲ急グコトヲオススメスル。</Text>
		</Replace>
		<Replace Tag="LOC_DIPLO_WARNING_LEADER_HARBOUR_PRINCESS_REASON_AGENDA_ATTACKS_CITY_STATES" Language="ja_JP">
			<Text>弱者ヲイタブルノハ恥ズベキコトダ。</Text>
		</Replace>
		<Replace Tag="LOC_DIPLO_WARNING_LEADER_HARBOUR_PRINCESS_REASON_AGENDA_IGNORES_BARBARIAN_CAMPS" Language="ja_JP">
			<Text>自分ノ首都ノ近クデアノヨウニ蛮族タチヲノサバラセテオイテヨイノカ?</Text>
		</Replace>
		<Replace Tag="LOC_DIPLO_WARNING_LEADER_HARBOUR_PRINCESS_REASON_AGENDA_ENVIRONMENT" Language="ja_JP">
			<Text>コレダケハ言ッテオキタイ。イタズラニ自然ヲ傷ツケレバ、貴国ノミナラズ誰モガ報イヲ受ケルコトニナルノダ。</Text>
		</Replace>
		<Replace Tag="LOC_DIPLO_WARNING_LEADER_HARBOUR_PRINCESS_REASON_AGENDA_EXPLOITATION" Language="ja_JP">
			<Text>見ルガイイ、周囲ニ広ガル肥沃ナ大地ヲ! ナゼ手ヲツケヨウトシナイノダ?</Text>
		</Replace>
		<Replace Tag="LOC_DIPLO_WARNING_LEADER_HARBOUR_PRINCESS_REASON_AGENDA_DIFFERENT_GOVERNMENT" Language="ja_JP">
			<Text>思想ノ違イモソウダガ、アナタノ民ヲ統治スルヤリ方ハ私ニトッテ許容デキルモノデハナイ。</Text>
		</Replace>
		<Replace Tag="LOC_DIPLO_WARNING_LEADER_HARBOUR_PRINCESS_REASON_AGENDA_LOW_NUKE_LOVE" Language="ja_JP">
			<Text>核兵器コソガ未来ヲ切リ開クノダ! ナゼソレガワカラナイ?</Text>
		</Replace>
		<Replace Tag="LOC_DIPLO_WARNING_LEADER_HARBOUR_PRINCESS_REASON_AGENDA_LOW_FAITH" Language="ja_JP">
			<Text>アナタハナニヲシルベニ道ヲ歩ムノダ? マサカ信心ヲ持タナイトイウワケデハアルマイ。人々ニ信仰ノ光ヲ見セルノモ統治者ノ務メダ。</Text>
		</Replace>
		<Replace Tag="LOC_DIPLO_WARNING_LEADER_HARBOUR_PRINCESS_REASON_AGENDA_HIGH_EXPLORATION" Language="ja_JP">
			<Text>発見トハ、早イ者勝チノ競争ダ。貴国ハワガ国ヲサシオイテ探検隊ヲ派遣シタ。ソンナ国ニ従ウワケニハイカナイ。</Text>
		</Replace>

		<!-- 隠しアジェンダ(GS) -->
		<Replace Tag="LOC_DIPLO_KUDO_LEADER_HARBOUR_PRINCESS_REASON_AGENDA_EXPANSIONIST" Language="ja_JP">
			<Text>版図ヲ拡ゲヨウトイウ野心ヲ持タナイノハヨイコトダ。土地ヲ手ニ入レテモ、手元ニ留メテオク才覚ガナケレバ意味ガナイ。</Text>
		</Replace>
		<Replace Tag="LOC_DIPLO_WARNING_LEADER_HARBOUR_PRINCESS_REASON_AGENDA_EXPANSIONIST" Language="ja_JP">
			<Text>民ハ弱ク、指導者ハ頼リナイ。ナノニヨク他人ノ土地ヲ手ニ入レヨウナドト思エルモノダナ？</Text>
		</Replace>
		<Replace Tag="LOC_DIPLO_KUDO_LEADER_HARBOUR_PRINCESS_REASON_AGENDA_FLAT_EARTHER" Language="ja_JP">
			<Text>同感ダ。地球ハ差シ迫ッタ問題ヲ数多ク抱エテイル。宇宙ニ希望ヲ託シテイル場合デハナイ。</Text>
		</Replace>
		<Replace Tag="LOC_DIPLO_WARNING_LEADER_HARBOUR_PRINCESS_REASON_AGENDA_FLAT_EARTHER" Language="ja_JP">
			<Text>地球ノ問題ニ全力デ取リ組マナケレバナラナイコノ時ニ、何ガ宇宙ヘノ進出ダ！</Text>
		</Replace>
		<Replace Tag="LOC_DIPLO_KUDO_LEADER_HARBOUR_PRINCESS_REASON_AGENDA_GREAT_WHITE_FLEET" Language="ja_JP">
			<Text>圧倒的ナ海軍力ヲ誇ル我ガ文明ハ、全世界ニ意ヲ知ラシメルコトガデキル。我々コソガ大海原ノ真ノ覇者ナノダ。</Text>
		</Replace>
		<Replace Tag="LOC_DIPLO_WARNING_LEADER_HARBOUR_PRINCESS_REASON_AGENDA_GREAT_WHITE_FLEET" Language="ja_JP">
			<Text>貴国モ艦隊ヲ築キ、大海原ニアマネク進出スル努力ヲスルベキダ。サモナクバ、イカナル国モ貴国ニ一目置クコトハナイダロウ。</Text>
		</Replace>
		<Replace Tag="LOC_DIPLO_KUDO_LEADER_HARBOUR_PRINCESS_REASON_AGENDA_LOW_FAVOR" Language="ja_JP">
			<Text>私ヲコノ星ノ最高指導者トシテ受ケ入レル意思ヲ固メテクレタヨウデ嬉シク思ウ。スデニ他ノ者タチハ、私ノ時代ハモウ目前ダト噂シ合ッテイルヨウダ。</Text>
		</Replace>
		<Replace Tag="LOC_DIPLO_WARNING_LEADER_HARBOUR_PRINCESS_REASON_AGENDA_HIGH_FAVOR" Language="ja_JP">
			<Text>ソノ甘言トオモネリノ裏ニアルモノハオ見通シダ。自分自身ガ至高ノ存在トナリ、他ノ国々カラ自由意志ヲ奪オウトイウノダロウ。</Text>
		</Replace>
		<Replace Tag="LOC_DIPLO_KUDO_LEADER_HARBOUR_PRINCESS_REASON_AGENDA_LOW_TOURISM" Language="ja_JP">
			<Text>貴方ノ民ガ世界最高ノ休暇ヲ望ンデイルト聞キ、旅行ツアーヲ用意サセテモラッタ。貴国ニコンナモノハアルマイ。</Text>
		</Replace>
		<Replace Tag="LOC_DIPLO_WARNING_LEADER_HARBOUR_PRINCESS_REASON_AGENDA_HIGH_TOURISM" Language="ja_JP">
			<Text>世界中ノ観光客ガ貴国ノ観光地ヲ目指シテイルソウダガ、アマリイイ気ニナラナイコトダ。我ガ国ニハジーンズトロックガアル。必要ナラソノ力ガドレホドノモノカ見セテヤロウ。</Text>
		</Replace>
		<Replace Tag="LOC_DIPLO_KUDO_LEADER_HARBOUR_PRINCESS_REASON_AGENDA_INTOLERANT_SAME_RELIGION" Language="ja_JP">
			<Text>国ノ指導者ガ唯一ニシテマコトノ宗教ヲ奉リ、民ノ魂ヲ守ッテイル。ナント幸福ナ土地デアルダロウ！</Text>
		</Replace>
		<Replace Tag="LOC_DIPLO_WARNING_LEADER_HARBOUR_PRINCESS_REASON_AGENDA_INTOLERANT_ENCROACHING_RELIGION" Language="ja_JP">
			<Text>貴国ノ民ハ、冒涜ト異端ノ言葉ヲマキ散ラシテイル！　今コソ真ノ教エヲ復活サセ、民ノ魂ヲ救済シナクテドウスル！</Text>
		</Replace>
		<Replace Tag="LOC_DIPLO_KUDO_LEADER_HARBOUR_PRINCESS_REASON_AGENDA_LOW_DIPLOVP" Language="ja_JP">
			<Text>最大限ノ自由ハ、己ノ利益ヲ追求スル文明ニヨッテノミモタラサレル。ソウ思ワナイダロウカ？</Text>
		</Replace>
		<Replace Tag="LOC_DIPLO_WARNING_LEADER_HARBOUR_PRINCESS_REASON_AGENDA_HIGH_DIPLOVP" Language="ja_JP">
			<Text>イッタイ何ノ権利ガアッテ我ガ国ニ政治信条ヲ押シツケル？　意ニ反スルコトヲ強イラレル謂ワレハナイナイ。</Text>
		</Replace>
		<Replace Tag="LOC_DIPLO_KUDO_LEADER_HARBOUR_PRINCESS_REASON_AGENDA_HIGH_PILLAGE" Language="ja_JP">
			<Text>貴方ハ敵ニトッテ炎ト恐怖ノ象徴ダ。ソノ怒リカラ逃レヨウト祈ッテモ、天ハ黙シテ答エマイ。</Text>
		</Replace>
		<Replace Tag="LOC_DIPLO_WARNING_LEADER_HARBOUR_PRINCESS_REASON_AGENDA_LOW_PILLAGE" Language="ja_JP">
			<Text>戦イヲシカケラレタノニ、報復トシテ敵ノ土地ヲ略奪シナイ。ソレハ臆病ダカラカ？　ソレトモ行キスギタ礼儀正シサ故カ？</Text>
		</Replace>
		<Replace Tag="LOC_DIPLO_KUDO_LEADER_HARBOUR_PRINCESS_REASON_AGENDA_TURTLER" Language="ja_JP">
			<Text>良キ柵ハ良キ隣人ヲ作リ、堅キ守リハ平和ナ王国ヲモタラストイウ。自国ノ防衛ニ専念スルトハ立派ナ心ガケダ。</Text>
		</Replace>
		<Replace Tag="LOC_DIPLO_WARNING_LEADER_HARBOUR_PRINCESS_REASON_AGENDA_TURTLER" Language="ja_JP">
			<Text>戦争ト征服ヲ急グアマリ、予期デキナカッタ結果ヲ招イタヨウダナ。守リヲ固メタ方ガイイ。他国ヲ攻メテイル場合デハナイゾ。</Text>
		</Replace>
		<Replace Tag="LOC_DIPLO_KUDO_LEADER_HARBOUR_PRINCESS_REASON_AGENDA_ZEALOT" Language="ja_JP">
			<Text>我々ハデキル限リノコトヲシタガ、ソレデモマダ救イヲ求メテイナイ者ガイルノデハナイカト心配ダ。</Text>
		</Replace>
		<Replace Tag="LOC_DIPLO_WARNING_LEADER_HARBOUR_PRINCESS_REASON_AGENDA_ZEALOT" Language="ja_JP">
			<Text>望ムト望マザルトニカカワラズ、ソノ魂ヲ救済シテ進ゼヨウ！</Text>
		</Replace>
		<Replace Tag="LOC_DIPLO_KUDO_LEADER_HARBOUR_PRINCESS_REASON_AGENDA_MONEY_GRUBBER" Language="ja_JP">
			<Text>貴国ハ実ニ豊カナ富ニメグマレテイルヨウダ。金ハイクラアッテモ困ルモノデハナイトイウワケカナ？</Text>
		</Replace>
		<Replace Tag="LOC_DIPLO_WARNING_LEADER_HARBOUR_PRINCESS_REASON_AGENDA_MONEY_GRUBBER" Language="ja_JP">
			<Text>貴国ハ今ニモ破産シソウデハナイカ。借金ニマミレテ暮ラシテイクツモリナノカ？</Text>
		</Replace>
	</LocalizedText>
</GameData>