<?xml version="1.0" encoding="utf-8"?>
<GameData>
	<!-- RaFで追加された効果などを使う場合はこちらにまとめて記載してある -->

	<!-- 指導者特性 -->
	<TraitModifiers>
		<!-- 暗黒時代の文明に対し戦闘力+8 -->
		<Row TraitType="TRAIT_LEADER_YNL_KING_HASSAN" ModifierId="TRAIT_COMBAT_BONUS_VS_DARK_AGE_CIV_YNL"/>
		<!-- 敵都市の境界内で敵ユニットを倒すと、その都市の忠誠心が20低下(ラウタロと同じ) -->
		<Row TraitType="TRAIT_LEADER_YNL_KING_HASSAN" ModifierId="TRAIT_DIMINISH_LOYALTY_IN_ENEMY_CITY"/>
	</TraitModifiers>
	<Modifiers>
		<Row>
			<!-- 暗黒時代の文明に対し戦闘力+8 -->
			<ModifierId>TRAIT_COMBAT_BONUS_VS_DARK_AGE_CIV_YNL</ModifierId>
			<ModifierType>MODIFIER_PLAYER_UNITS_ADJUST_COMBAT_STRENGTH</ModifierType>
			<SubjectRequirementSetId>OPPONENT_IS_IN_DARK_AGE_REQUIREMENTS_YNL</SubjectRequirementSetId>
		</Row>
	</Modifiers>
	<ModifierArguments>
		<Row>
			<!-- 暗黒時代の文明に対し戦闘力+8 -->
			<ModifierId>TRAIT_COMBAT_BONUS_VS_DARK_AGE_CIV_YNL</ModifierId>
			<Name>Amount</Name>
			<Value>8</Value>
		</Row>
	</ModifierArguments>
	<!-- 戦闘プレビューの説明 -->
	<ModifierStrings>
		<!-- 暗黒時代の文明に対し戦闘力+8 -->
		<Row ModifierId="TRAIT_COMBAT_BONUS_VS_DARK_AGE_CIV_YNL" Context="Preview" Text="LOC_TRAIT_COMBAT_BONUS_VS_DARK_AGE_CIV_YNL_DESCRIPTION"/>
	</ModifierStrings>
	<!-- 効果発動条件 -->
	<RequirementSets>
		<Row>
			<RequirementSetId>OPPONENT_IS_IN_DARK_AGE_REQUIREMENTS_YNL</RequirementSetId>
			<RequirementSetType>REQUIREMENTSET_TEST_ALL</RequirementSetType>
		</Row>
	</RequirementSets>
	<RequirementSetRequirements>
		<Row>
			<RequirementSetId>OPPONENT_IS_IN_DARK_AGE_REQUIREMENTS_YNL</RequirementSetId>
			<RequirementId>OPPONENT_IS_IN_DARK_AGE_REQUIREMENT_YNL</RequirementId>
		</Row>
	</RequirementSetRequirements>
	<Requirements>
		<Row>
			<RequirementId>OPPONENT_IS_IN_DARK_AGE_REQUIREMENT_YNL</RequirementId>
			<RequirementType>REQUIREMENT_OPPONENT_ERA_AGE_MATCHES</RequirementType>
		</Row>
	</Requirements>
	<RequirementArguments>
		<Row>
			<RequirementId>OPPONENT_IS_IN_DARK_AGE_REQUIREMENT_YNL</RequirementId>
			<Name>Type</Name>
			<Value>DARK</Value>
		</Row>
	</RequirementArguments>
	
	<!-- 歴史年表 -->
	<MomentIllustrations>
		<!-- 晩鐘廟 -->
		<Row MomentIllustrationType="MOMENT_ILLUSTRATION_UNIQUE_DISTRICT"
			 MomentDataType="MOMENT_DATA_DISTRICT"
			 GameDataType="DISTRICT_MAUSOLEUM_OF_THE_EVENING_BELL"
			 Texture="YNL_MOMENT_DISTRICT_BANSYOBYO.dds"/>
		<!-- アサシン -->
		<Row MomentIllustrationType="MOMENT_ILLUSTRATION_UNIQUE_UNIT"
			 MomentDataType="MOMENT_DATA_UNIT"
			 GameDataType="UNIT_YNL_ASSASSIN"
			 Texture="YNL_MOMENT_UNIT_ASSASSIN.dds"/>
		<!-- キュッリイェ -->
		<Row MomentIllustrationType="MOMENT_ILLUSTRATION_UNIQUE_IMPROVEMENT"
			 MomentDataType="MOMENT_DATA_IMPROVEMENT"
			 GameDataType="IMPROVEMENT_YNL_KULLIYE"
			 Texture="YNL_MOMENT_IMPROVEMENT_YNL_KULLIYE.dds"/>
	</MomentIllustrations>
	
	<!-- AIの好み -->
	<AiFavoredItems>
		<Row ListType="YNL_KingHassanWonders" Item="BUILDING_KOTOKU_IN"/>		<!-- 高徳院 -->
	</AiFavoredItems>

	<!-- 指導者固有の性格(アジェンダ) -->
	<HistoricalAgendas>
		<Row LeaderType="LEADER_YNL_KING_HASSAN"   AgendaType="AGENDA_SPIRIT_OF_TUCAPEL"/>
	</HistoricalAgendas>
</GameData>
