<?xml version="1.0" encoding="utf-8"?>
<GameData>
	<IconTextureAtlases>
		<!-- 指導者 -->
		<!-- 田所 -->
		<Row Name="ICON_ATLAS_YNL_LEADER_YZSP" IconSize="32"  IconsPerRow="1" IconsPerColumn="1" Filename="ICON_YNL_LEADER_YZSP32.DDS"/>
		<Row Name="ICON_ATLAS_YNL_LEADER_YZSP" IconSize="45"  IconsPerRow="1" IconsPerColumn="1" Filename="ICON_YNL_LEADER_YZSP45.DDS"/>
		<Row Name="ICON_ATLAS_YNL_LEADER_YZSP" IconSize="50"  IconsPerRow="1" IconsPerColumn="1" Filename="ICON_YNL_LEADER_YZSP50.DDS"/>
		<Row Name="ICON_ATLAS_YNL_LEADER_YZSP" IconSize="55"  IconsPerRow="1" IconsPerColumn="1" Filename="ICON_YNL_LEADER_YZSP55.DDS"/>
		<Row Name="ICON_ATLAS_YNL_LEADER_YZSP" IconSize="64"  IconsPerRow="1" IconsPerColumn="1" Filename="ICON_YNL_LEADER_YZSP64.DDS"/>
		<Row Name="ICON_ATLAS_YNL_LEADER_YZSP" IconSize="80"  IconsPerRow="1" IconsPerColumn="1" Filename="ICON_YNL_LEADER_YZSP80.DDS"/>
		<Row Name="ICON_ATLAS_YNL_LEADER_YZSP" IconSize="256" IconsPerRow="1" IconsPerColumn="1" Filename="ICON_YNL_LEADER_YZSP256.DDS"/>
		<!-- 豪 -->
		<Row Name="ICON_ATLAS_YNL_LEADER_GO_IS_GOD" IconSize="32"  IconsPerRow="1" IconsPerColumn="1" Filename="ICON_YNL_LEADER_GO32.DDS"/>
		<Row Name="ICON_ATLAS_YNL_LEADER_GO_IS_GOD" IconSize="45"  IconsPerRow="1" IconsPerColumn="1" Filename="ICON_YNL_LEADER_GO45.DDS"/>
		<Row Name="ICON_ATLAS_YNL_LEADER_GO_IS_GOD" IconSize="50"  IconsPerRow="1" IconsPerColumn="1" Filename="ICON_YNL_LEADER_GO50.DDS"/>
		<Row Name="ICON_ATLAS_YNL_LEADER_GO_IS_GOD" IconSize="55"  IconsPerRow="1" IconsPerColumn="1" Filename="ICON_YNL_LEADER_GO55.DDS"/>
		<Row Name="ICON_ATLAS_YNL_LEADER_GO_IS_GOD" IconSize="64"  IconsPerRow="1" IconsPerColumn="1" Filename="ICON_YNL_LEADER_GO64.DDS"/>
		<Row Name="ICON_ATLAS_YNL_LEADER_GO_IS_GOD" IconSize="80"  IconsPerRow="1" IconsPerColumn="1" Filename="ICON_YNL_LEADER_GO80.DDS"/>
		<Row Name="ICON_ATLAS_YNL_LEADER_GO_IS_GOD" IconSize="256" IconsPerRow="1" IconsPerColumn="1" Filename="ICON_YNL_LEADER_GO256.DDS"/>
		<!-- 虐待おじさん -->
		<Row Name="ICON_ATLAS_YNL_LEADER_VIOLENCE" IconSize="32"  IconsPerRow="1" IconsPerColumn="1" Filename="ICON_YNL_LEADER_VIOLENCE32.DDS"/>
		<Row Name="ICON_ATLAS_YNL_LEADER_VIOLENCE" IconSize="45"  IconsPerRow="1" IconsPerColumn="1" Filename="ICON_YNL_LEADER_VIOLENCE45.DDS"/>
		<Row Name="ICON_ATLAS_YNL_LEADER_VIOLENCE" IconSize="50"  IconsPerRow="1" IconsPerColumn="1" Filename="ICON_YNL_LEADER_VIOLENCE50.DDS"/>
		<Row Name="ICON_ATLAS_YNL_LEADER_VIOLENCE" IconSize="55"  IconsPerRow="1" IconsPerColumn="1" Filename="ICON_YNL_LEADER_VIOLENCE55.DDS"/>
		<Row Name="ICON_ATLAS_YNL_LEADER_VIOLENCE" IconSize="64"  IconsPerRow="1" IconsPerColumn="1" Filename="ICON_YNL_LEADER_VIOLENCE64.DDS"/>
		<Row Name="ICON_ATLAS_YNL_LEADER_VIOLENCE" IconSize="80"  IconsPerRow="1" IconsPerColumn="1" Filename="ICON_YNL_LEADER_VIOLENCE80.DDS"/>
		<Row Name="ICON_ATLAS_YNL_LEADER_VIOLENCE" IconSize="256" IconsPerRow="1" IconsPerColumn="1" Filename="ICON_YNL_LEADER_VIOLENCE256.DDS"/>
		<!-- TNOK -->
		<Row Name="ICON_ATLAS_YNL_LEADER_TNOK" IconSize="32"  IconsPerRow="1" IconsPerColumn="1" Filename="ICON_YNL_LEADER_TNOK32.DDS"/>
		<Row Name="ICON_ATLAS_YNL_LEADER_TNOK" IconSize="45"  IconsPerRow="1" IconsPerColumn="1" Filename="ICON_YNL_LEADER_TNOK45.DDS"/>
		<Row Name="ICON_ATLAS_YNL_LEADER_TNOK" IconSize="50"  IconsPerRow="1" IconsPerColumn="1" Filename="ICON_YNL_LEADER_TNOK50.DDS"/>
		<Row Name="ICON_ATLAS_YNL_LEADER_TNOK" IconSize="55"  IconsPerRow="1" IconsPerColumn="1" Filename="ICON_YNL_LEADER_TNOK55.DDS"/>
		<Row Name="ICON_ATLAS_YNL_LEADER_TNOK" IconSize="64"  IconsPerRow="1" IconsPerColumn="1" Filename="ICON_YNL_LEADER_TNOK64.DDS"/>
		<Row Name="ICON_ATLAS_YNL_LEADER_TNOK" IconSize="80"  IconsPerRow="1" IconsPerColumn="1" Filename="ICON_YNL_LEADER_TNOK80.DDS"/>
		<Row Name="ICON_ATLAS_YNL_LEADER_TNOK" IconSize="256" IconsPerRow="1" IconsPerColumn="1" Filename="ICON_YNL_LEADER_TNOK256.DDS"/>
		<!-- TDN -->
		<Row Name="ICON_ATLAS_YNL_LEADER_TDN" IconSize="32"  IconsPerRow="1" IconsPerColumn="1" Filename="ICON_YNL_LEADER_TDN32.DDS"/>
		<Row Name="ICON_ATLAS_YNL_LEADER_TDN" IconSize="45"  IconsPerRow="1" IconsPerColumn="1" Filename="ICON_YNL_LEADER_TDN45.DDS"/>
		<Row Name="ICON_ATLAS_YNL_LEADER_TDN" IconSize="50"  IconsPerRow="1" IconsPerColumn="1" Filename="ICON_YNL_LEADER_TDN50.DDS"/>
		<Row Name="ICON_ATLAS_YNL_LEADER_TDN" IconSize="55"  IconsPerRow="1" IconsPerColumn="1" Filename="ICON_YNL_LEADER_TDN55.DDS"/>
		<Row Name="ICON_ATLAS_YNL_LEADER_TDN" IconSize="64"  IconsPerRow="1" IconsPerColumn="1" Filename="ICON_YNL_LEADER_TDN64.DDS"/>
		<Row Name="ICON_ATLAS_YNL_LEADER_TDN" IconSize="80"  IconsPerRow="1" IconsPerColumn="1" Filename="ICON_YNL_LEADER_TDN80.DDS"/>
		<Row Name="ICON_ATLAS_YNL_LEADER_TDN" IconSize="256" IconsPerRow="1" IconsPerColumn="1" Filename="ICON_YNL_LEADER_TDN256.DDS"/>
		<!-- MUR -->
		<Row Name="ICON_ATLAS_YNL_LEADER_MUR" IconSize="32"  IconsPerRow="1" IconsPerColumn="1" Filename="ICON_YNL_LEADER_MUR32.DDS"/>
		<Row Name="ICON_ATLAS_YNL_LEADER_MUR" IconSize="45"  IconsPerRow="1" IconsPerColumn="1" Filename="ICON_YNL_LEADER_MUR45.DDS"/>
		<Row Name="ICON_ATLAS_YNL_LEADER_MUR" IconSize="50"  IconsPerRow="1" IconsPerColumn="1" Filename="ICON_YNL_LEADER_MUR50.DDS"/>
		<Row Name="ICON_ATLAS_YNL_LEADER_MUR" IconSize="55"  IconsPerRow="1" IconsPerColumn="1" Filename="ICON_YNL_LEADER_MUR55.DDS"/>
		<Row Name="ICON_ATLAS_YNL_LEADER_MUR" IconSize="64"  IconsPerRow="1" IconsPerColumn="1" Filename="ICON_YNL_LEADER_MUR64.DDS"/>
		<Row Name="ICON_ATLAS_YNL_LEADER_MUR" IconSize="80"  IconsPerRow="1" IconsPerColumn="1" Filename="ICON_YNL_LEADER_MUR80.DDS"/>
		<Row Name="ICON_ATLAS_YNL_LEADER_MUR" IconSize="256" IconsPerRow="1" IconsPerColumn="1" Filename="ICON_YNL_LEADER_MUR256.DDS"/>
		
		<!-- 文明 -->
		<Row Name="ICON_ATLAS_CIVILIZATION_YNL_AMLD" IconSize="22"  IconsPerRow="1" IconsPerColumn="1" Filename="ICON_YNL_CIV_AMLD22.dds"/>
		<Row Name="ICON_ATLAS_CIVILIZATION_YNL_AMLD" IconSize="30"  IconsPerRow="1" IconsPerColumn="1" Filename="ICON_YNL_CIV_AMLD30.dds"/>
		<Row Name="ICON_ATLAS_CIVILIZATION_YNL_AMLD" IconSize="36"  IconsPerRow="1" IconsPerColumn="1" Filename="ICON_YNL_CIV_AMLD36.dds"/>
		<Row Name="ICON_ATLAS_CIVILIZATION_YNL_AMLD" IconSize="44"  IconsPerRow="1" IconsPerColumn="1" Filename="ICON_YNL_CIV_AMLD44.dds"/>
		<Row Name="ICON_ATLAS_CIVILIZATION_YNL_AMLD" IconSize="45"  IconsPerRow="1" IconsPerColumn="1" Filename="ICON_YNL_CIV_AMLD45.dds"/>
		<Row Name="ICON_ATLAS_CIVILIZATION_YNL_AMLD" IconSize="48"  IconsPerRow="1" IconsPerColumn="1" Filename="ICON_YNL_CIV_AMLD48.dds"/>
		<Row Name="ICON_ATLAS_CIVILIZATION_YNL_AMLD" IconSize="50"  IconsPerRow="1" IconsPerColumn="1" Filename="ICON_YNL_CIV_AMLD50.dds"/>
		<Row Name="ICON_ATLAS_CIVILIZATION_YNL_AMLD" IconSize="64"  IconsPerRow="1" IconsPerColumn="1" Filename="ICON_YNL_CIV_AMLD64.dds"/>
		<Row Name="ICON_ATLAS_CIVILIZATION_YNL_AMLD" IconSize="80"  IconsPerRow="1" IconsPerColumn="1" Filename="ICON_YNL_CIV_AMLD80.dds"/>
		<Row Name="ICON_ATLAS_CIVILIZATION_YNL_AMLD" IconSize="256" IconsPerRow="1" IconsPerColumn="1" Filename="ICON_YNL_CIV_AMLD256.dds"/>
		
		<!-- UU:迫真空手部員 -->
		<Row Name="ICON_ATLAS_UNIT_YNL_HAKUSHIN_KARATE"                    IconSize="256" IconsPerRow="1" IconsPerColumn="1" Filename="ICON_YNL_HAKUSHIN_KARATE256.dds"/>
		<Row Name="ICON_ATLAS_UNIT_YNL_HAKUSHIN_KARATE"                    IconSize="80"  IconsPerRow="1" IconsPerColumn="1" Filename="ICON_YNL_HAKUSHIN_KARATE80.dds"/>
		<Row Name="ICON_ATLAS_UNIT_YNL_HAKUSHIN_KARATE"                    IconSize="50"  IconsPerRow="1" IconsPerColumn="1" Filename="ICON_YNL_HAKUSHIN_KARATE50.dds"/>
		<Row Name="ICON_ATLAS_UNIT_YNL_HAKUSHIN_KARATE"                    IconSize="38"  IconsPerRow="1" IconsPerColumn="1" Filename="ICON_YNL_HAKUSHIN_KARATE38.dds"/>
		<Row Name="ICON_ATLAS_UNIT_YNL_HAKUSHIN_KARATE"                    IconSize="32"  IconsPerRow="1" IconsPerColumn="1" Filename="ICON_YNL_HAKUSHIN_KARATE32.dds"/>
		<Row Name="ICON_ATLAS_UNIT_YNL_HAKUSHIN_KARATE"                    IconSize="22"  IconsPerRow="1" IconsPerColumn="1" Filename="ICON_YNL_HAKUSHIN_KARATE22.dds"/>
		<Row Name="ICON_ATLAS_UNIT_YNL_HAKUSHIN_KARATE_FOW"                IconSize="32"  IconsPerRow="1" IconsPerColumn="1" Filename="ICON_YNL_HAKUSHIN_KARATE32.dds"/>
		<Row Name="ICON_ATLAS_UNIT_YNL_HAKUSHIN_KARATE_FLAG_SYMBOLS_WHITE" IconSize="22"  IconsPerRow="1" IconsPerColumn="1" Filename="ICON_YNL_HAKUSHIN_KARATE22.dds"/>
		<Row Name="ICON_ATLAS_UNIT_YNL_HAKUSHIN_KARATE_FLAG_SYMBOLS_WHITE" IconSize="32"  IconsPerRow="1" IconsPerColumn="1" Filename="ICON_YNL_HAKUSHIN_KARATE32.dds"/>
		<Row Name="ICON_ATLAS_UNIT_YNL_HAKUSHIN_KARATE_FLAG_SYMBOLS_WHITE" IconSize="80"  IconsPerRow="1" IconsPerColumn="1" Filename="ICON_YNL_HAKUSHIN_KARATE80.dds"/>
		<Row Name="ICON_ATLAS_UNIT_YNL_HAKUSHIN_KARATE_FLAG_SYMBOLS_BLACK" IconSize="32"  IconsPerRow="1" IconsPerColumn="1" Filename="ICON_YNL_HAKUSHIN_KARATE32.dds"/>
		<!-- UU:極道の黒備え -->
		<Row Name="ICON_ATLAS_UNIT_YNL_BLACK_CAVALRY"                    IconSize="256" IconsPerRow="1" IconsPerColumn="1" Filename="ICON_YNL_BLACK_CAVALRY256.dds"/>
		<Row Name="ICON_ATLAS_UNIT_YNL_BLACK_CAVALRY"                    IconSize="80"  IconsPerRow="1" IconsPerColumn="1" Filename="ICON_YNL_BLACK_CAVALRY80.dds"/>
		<Row Name="ICON_ATLAS_UNIT_YNL_BLACK_CAVALRY"                    IconSize="50"  IconsPerRow="1" IconsPerColumn="1" Filename="ICON_YNL_BLACK_CAVALRY50.dds"/>
		<Row Name="ICON_ATLAS_UNIT_YNL_BLACK_CAVALRY"                    IconSize="38"  IconsPerRow="1" IconsPerColumn="1" Filename="ICON_YNL_BLACK_CAVALRY38.dds"/>
		<Row Name="ICON_ATLAS_UNIT_YNL_BLACK_CAVALRY"                    IconSize="32"  IconsPerRow="1" IconsPerColumn="1" Filename="ICON_YNL_BLACK_CAVALRY32.dds"/>
		<Row Name="ICON_ATLAS_UNIT_YNL_BLACK_CAVALRY"                    IconSize="22"  IconsPerRow="1" IconsPerColumn="1" Filename="ICON_YNL_BLACK_CAVALRY22.dds"/>
		<Row Name="ICON_ATLAS_UNIT_YNL_BLACK_CAVALRY_FOW"                IconSize="32"  IconsPerRow="1" IconsPerColumn="1" Filename="ICON_YNL_BLACK_CAVALRY32.dds"/>
		<Row Name="ICON_ATLAS_UNIT_YNL_BLACK_CAVALRY_FLAG_SYMBOLS_WHITE" IconSize="22"  IconsPerRow="1" IconsPerColumn="1" Filename="ICON_YNL_BLACK_CAVALRY22.dds"/>
		<Row Name="ICON_ATLAS_UNIT_YNL_BLACK_CAVALRY_FLAG_SYMBOLS_WHITE" IconSize="32"  IconsPerRow="1" IconsPerColumn="1" Filename="ICON_YNL_BLACK_CAVALRY32.dds"/>
		<Row Name="ICON_ATLAS_UNIT_YNL_BLACK_CAVALRY_FLAG_SYMBOLS_WHITE" IconSize="80"  IconsPerRow="1" IconsPerColumn="1" Filename="ICON_YNL_BLACK_CAVALRY80.dds"/>
		<Row Name="ICON_ATLAS_UNIT_YNL_BLACK_CAVALRY_FLAG_SYMBOLS_BLACK" IconSize="32"  IconsPerRow="1" IconsPerColumn="1" Filename="ICON_YNL_BLACK_CAVALRY32.dds"/>
		<!-- UU:黒塗りの高級車 -->
		<Row Name="ICON_ATLAS_UNIT_YNL_BLACK_CAR"                          IconSize="256" IconsPerRow="1" IconsPerColumn="1" Filename="ICON_UNIT_YNL_BLACK_CAR256.dds"/>
		<Row Name="ICON_ATLAS_UNIT_YNL_BLACK_CAR"                          IconSize="80"  IconsPerRow="1" IconsPerColumn="1" Filename="ICON_UNIT_YNL_BLACK_CAR80.dds"/>
		<Row Name="ICON_ATLAS_UNIT_YNL_BLACK_CAR"                          IconSize="50"  IconsPerRow="1" IconsPerColumn="1" Filename="ICON_UNIT_YNL_BLACK_CAR50.dds"/>
		<Row Name="ICON_ATLAS_UNIT_YNL_BLACK_CAR"                          IconSize="38"  IconsPerRow="1" IconsPerColumn="1" Filename="ICON_UNIT_YNL_BLACK_CAR38.dds"/>
		<Row Name="ICON_ATLAS_UNIT_YNL_BLACK_CAR"                          IconSize="32"  IconsPerRow="1" IconsPerColumn="1" Filename="ICON_UNIT_YNL_BLACK_CAR32.dds"/>
		<Row Name="ICON_ATLAS_UNIT_YNL_BLACK_CAR_FOW"                      IconSize="32"  IconsPerRow="1" IconsPerColumn="1" Filename="ICON_UNIT_YNL_BLACK_CAR32.dds"/>
		<Row Name="ICON_ATLAS_UNIT_YNL_BLACK_CAR_FLAG_SYMBOLS_WHITE"       IconSize="22"  IconsPerRow="1" IconsPerColumn="1" Filename="ICON_UNIT_YNL_BLACK_CAR22.dds"/>
		<Row Name="ICON_ATLAS_UNIT_YNL_BLACK_CAR_FLAG_SYMBOLS_WHITE"       IconSize="32"  IconsPerRow="1" IconsPerColumn="1" Filename="ICON_UNIT_YNL_BLACK_CAR32.dds"/>
		<Row Name="ICON_ATLAS_UNIT_YNL_BLACK_CAR_FLAG_SYMBOLS_WHITE"       IconSize="80"  IconsPerRow="1" IconsPerColumn="1" Filename="ICON_UNIT_YNL_BLACK_CAR80.dds"/>
		<Row Name="ICON_ATLAS_UNIT_YNL_BLACK_CAR_FLAG_SYMBOLS_BLACK"       IconSize="32"  IconsPerRow="1" IconsPerColumn="1" Filename="ICON_UNIT_YNL_BLACK_CAR32.dds"/>
		<Row Name="ICON_ATLAS_UNIT_YNL_BLACK_CAR_PORTRAITS"                IconSize="256" IconsPerRow="1" IconsPerColumn="1" Filename="ICON_PORTRAIT_UNIT_YNL_BLACK_CAR256.dds"/>
		<Row Name="ICON_ATLAS_UNIT_YNL_BLACK_CAR_PORTRAITS"                IconSize="200" IconsPerRow="1" IconsPerColumn="1" Filename="ICON_PORTRAIT_UNIT_YNL_BLACK_CAR200.dds"/>
		<Row Name="ICON_ATLAS_UNIT_YNL_BLACK_CAR_PORTRAITS"                IconSize="95"  IconsPerRow="1" IconsPerColumn="1" Filename="ICON_PORTRAIT_UNIT_YNL_BLACK_CAR95.dds"/>
		<Row Name="ICON_ATLAS_UNIT_YNL_BLACK_CAR_PORTRAITS"                IconSize="50"  IconsPerRow="1" IconsPerColumn="1" Filename="ICON_PORTRAIT_UNIT_YNL_BLACK_CAR50.dds"/>
		<Row Name="ICON_ATLAS_UNIT_YNL_BLACK_CAR_PORTRAITS"                IconSize="38"  IconsPerRow="1" IconsPerColumn="1" Filename="ICON_PORTRAIT_UNIT_YNL_BLACK_CAR38.dds"/>
		<Row Name="ICON_ATLAS_ASIAN_UNIT_YNL_BLACK_CAR_PORTRAITS"          IconSize="70"  IconsPerRow="1" IconsPerColumn="1" Filename="ICON_PORTRAIT_UNIT_YNL_BLACK_CAR70.dds"/>
		<Row Name="ICON_ATLAS_ASIAN_UNIT_YNL_BLACK_CAR_PORTRAITS"          IconSize="95"  IconsPerRow="1" IconsPerColumn="1" Filename="ICON_PORTRAIT_UNIT_YNL_BLACK_CAR95.dds"/>
		<Row Name="ICON_ATLAS_MEDITERRANEAN_UNIT_YNL_BLACK_CAR_PORTRAITS"  IconSize="70"  IconsPerRow="1" IconsPerColumn="1" Filename="ICON_PORTRAIT_UNIT_YNL_BLACK_CAR70.dds"/>
		<Row Name="ICON_ATLAS_MEDITERRANEAN_UNIT_YNL_BLACK_CAR_PORTRAITS"  IconSize="95"  IconsPerRow="1" IconsPerColumn="1" Filename="ICON_PORTRAIT_UNIT_YNL_BLACK_CAR95.dds"/>
		<Row Name="ICON_ATLAS_SOUTH_AMERICAN_UNIT_YNL_BLACK_CAR_PORTRAITS" IconSize="70"  IconsPerRow="1" IconsPerColumn="1" Filename="ICON_PORTRAIT_UNIT_YNL_BLACK_CAR70.dds"/>
		<Row Name="ICON_ATLAS_SOUTH_AMERICAN_UNIT_YNL_BLACK_CAR_PORTRAITS" IconSize="95"  IconsPerRow="1" IconsPerColumn="1" Filename="ICON_PORTRAIT_UNIT_YNL_BLACK_CAR95.dds"/>
		<Row Name="ICON_ATLAS_AFRICAN_UNIT_YNL_BLACK_CAR_PORTRAITS"        IconSize="70"  IconsPerRow="1" IconsPerColumn="1" Filename="ICON_PORTRAIT_UNIT_YNL_BLACK_CAR70.dds"/>
		<Row Name="ICON_ATLAS_AFRICAN_UNIT_YNL_BLACK_CAR_PORTRAITS"        IconSize="95"  IconsPerRow="1" IconsPerColumn="1" Filename="ICON_PORTRAIT_UNIT_YNL_BLACK_CAR95.dds"/>
		<!-- UU:オナガー -->
		<Row Name="ICON_ATLAS_UNIT_ICON_YNL_ONAGER"                    IconSize="256" IconsPerRow="1" IconsPerColumn="1" Filename="ICON_YNL_ONAGER256.dds"/>
		<Row Name="ICON_ATLAS_UNIT_ICON_YNL_ONAGER"                    IconSize="80"  IconsPerRow="1" IconsPerColumn="1" Filename="ICON_YNL_ONAGER80.dds"/>
		<Row Name="ICON_ATLAS_UNIT_ICON_YNL_ONAGER"                    IconSize="50"  IconsPerRow="1" IconsPerColumn="1" Filename="ICON_YNL_ONAGER50.dds"/>
		<Row Name="ICON_ATLAS_UNIT_ICON_YNL_ONAGER"                    IconSize="38"  IconsPerRow="1" IconsPerColumn="1" Filename="ICON_YNL_ONAGER38.dds"/>
		<Row Name="ICON_ATLAS_UNIT_ICON_YNL_ONAGER"                    IconSize="32"  IconsPerRow="1" IconsPerColumn="1" Filename="ICON_YNL_ONAGER32.dds"/>
		<Row Name="ICON_ATLAS_UNIT_ICON_YNL_ONAGER"                    IconSize="22"  IconsPerRow="1" IconsPerColumn="1" Filename="ICON_YNL_ONAGER22.dds"/>
		<Row Name="ICON_ATLAS_UNIT_ICON_YNL_ONAGER_FOW"                IconSize="32"  IconsPerRow="1" IconsPerColumn="1" Filename="ICON_YNL_ONAGER32.dds"/>
		<Row Name="ICON_ATLAS_UNIT_ICON_YNL_ONAGER_FLAG_SYMBOLS_WHITE" IconSize="22"  IconsPerRow="1" IconsPerColumn="1" Filename="ICON_YNL_ONAGER22.dds"/>
		<Row Name="ICON_ATLAS_UNIT_ICON_YNL_ONAGER_FLAG_SYMBOLS_WHITE" IconSize="32"  IconsPerRow="1" IconsPerColumn="1" Filename="ICON_YNL_ONAGER32.dds"/>
		<Row Name="ICON_ATLAS_UNIT_ICON_YNL_ONAGER_FLAG_SYMBOLS_WHITE" IconSize="80"  IconsPerRow="1" IconsPerColumn="1" Filename="ICON_YNL_ONAGER80.dds"/>
		<Row Name="ICON_ATLAS_UNIT_ICON_YNL_ONAGER_FLAG_SYMBOLS_BLACK" IconSize="32"  IconsPerRow="1" IconsPerColumn="1" Filename="ICON_YNL_ONAGER32.dds"/>
		<!-- UU:国崩し -->
		<Row Name="ICON_ATLAS_UNIT_ICON_YNL_KUNIKUZUSHI"                    IconSize="256" IconsPerRow="1" IconsPerColumn="1" Filename="ICON_YNL_KUNIKUZUSHI256.dds"/>
		<Row Name="ICON_ATLAS_UNIT_ICON_YNL_KUNIKUZUSHI"                    IconSize="80"  IconsPerRow="1" IconsPerColumn="1" Filename="ICON_YNL_KUNIKUZUSHI80.dds"/>
		<Row Name="ICON_ATLAS_UNIT_ICON_YNL_KUNIKUZUSHI"                    IconSize="50"  IconsPerRow="1" IconsPerColumn="1" Filename="ICON_YNL_KUNIKUZUSHI50.dds"/>
		<Row Name="ICON_ATLAS_UNIT_ICON_YNL_KUNIKUZUSHI"                    IconSize="38"  IconsPerRow="1" IconsPerColumn="1" Filename="ICON_YNL_KUNIKUZUSHI38.dds"/>
		<Row Name="ICON_ATLAS_UNIT_ICON_YNL_KUNIKUZUSHI"                    IconSize="32"  IconsPerRow="1" IconsPerColumn="1" Filename="ICON_YNL_KUNIKUZUSHI32.dds"/>
		<Row Name="ICON_ATLAS_UNIT_ICON_YNL_KUNIKUZUSHI"                    IconSize="22"  IconsPerRow="1" IconsPerColumn="1" Filename="ICON_YNL_KUNIKUZUSHI22.dds"/>
		<Row Name="ICON_ATLAS_UNIT_ICON_YNL_KUNIKUZUSHI_FOW"                IconSize="32"  IconsPerRow="1" IconsPerColumn="1" Filename="ICON_YNL_KUNIKUZUSHI32.dds"/>
		<Row Name="ICON_ATLAS_UNIT_ICON_YNL_KUNIKUZUSHI_FLAG_SYMBOLS_WHITE" IconSize="22"  IconsPerRow="1" IconsPerColumn="1" Filename="ICON_YNL_KUNIKUZUSHI22.dds"/>
		<Row Name="ICON_ATLAS_UNIT_ICON_YNL_KUNIKUZUSHI_FLAG_SYMBOLS_WHITE" IconSize="32"  IconsPerRow="1" IconsPerColumn="1" Filename="ICON_YNL_KUNIKUZUSHI32.dds"/>
		<Row Name="ICON_ATLAS_UNIT_ICON_YNL_KUNIKUZUSHI_FLAG_SYMBOLS_WHITE" IconSize="80"  IconsPerRow="1" IconsPerColumn="1" Filename="ICON_YNL_KUNIKUZUSHI80.dds"/>
		<Row Name="ICON_ATLAS_UNIT_ICON_YNL_KUNIKUZUSHI_FLAG_SYMBOLS_BLACK" IconSize="32"  IconsPerRow="1" IconsPerColumn="1" Filename="ICON_YNL_KUNIKUZUSHI32.dds"/>
		<!-- UU:クリバナリウス -->
		<Row Name="ICON_ATLAS_UNIT_ICON_YNL_CLIBANARIUS"                    IconSize="256" IconsPerRow="1" IconsPerColumn="1" Filename="ICON_YNL_CLIBANARIUS256.dds"/>
		<Row Name="ICON_ATLAS_UNIT_ICON_YNL_CLIBANARIUS"                    IconSize="80"  IconsPerRow="1" IconsPerColumn="1" Filename="ICON_YNL_CLIBANARIUS80.dds"/>
		<Row Name="ICON_ATLAS_UNIT_ICON_YNL_CLIBANARIUS"                    IconSize="50"  IconsPerRow="1" IconsPerColumn="1" Filename="ICON_YNL_CLIBANARIUS50.dds"/>
		<Row Name="ICON_ATLAS_UNIT_ICON_YNL_CLIBANARIUS"                    IconSize="38"  IconsPerRow="1" IconsPerColumn="1" Filename="ICON_YNL_CLIBANARIUS38.dds"/>
		<Row Name="ICON_ATLAS_UNIT_ICON_YNL_CLIBANARIUS"                    IconSize="32"  IconsPerRow="1" IconsPerColumn="1" Filename="ICON_YNL_CLIBANARIUS32.dds"/>
		<Row Name="ICON_ATLAS_UNIT_ICON_YNL_CLIBANARIUS"                    IconSize="22"  IconsPerRow="1" IconsPerColumn="1" Filename="ICON_YNL_CLIBANARIUS22.dds"/>
		<Row Name="ICON_ATLAS_UNIT_ICON_YNL_CLIBANARIUS_FOW"                IconSize="32"  IconsPerRow="1" IconsPerColumn="1" Filename="ICON_YNL_CLIBANARIUS32.dds"/>
		<Row Name="ICON_ATLAS_UNIT_ICON_YNL_CLIBANARIUS_FLAG_SYMBOLS_WHITE" IconSize="22"  IconsPerRow="1" IconsPerColumn="1" Filename="ICON_YNL_CLIBANARIUS22.dds"/>
		<Row Name="ICON_ATLAS_UNIT_ICON_YNL_CLIBANARIUS_FLAG_SYMBOLS_WHITE" IconSize="32"  IconsPerRow="1" IconsPerColumn="1" Filename="ICON_YNL_CLIBANARIUS32.dds"/>
		<Row Name="ICON_ATLAS_UNIT_ICON_YNL_CLIBANARIUS_FLAG_SYMBOLS_WHITE" IconSize="80"  IconsPerRow="1" IconsPerColumn="1" Filename="ICON_YNL_CLIBANARIUS80.dds"/>
		<Row Name="ICON_ATLAS_UNIT_ICON_YNL_CLIBANARIUS_FLAG_SYMBOLS_BLACK" IconSize="32"  IconsPerRow="1" IconsPerColumn="1" Filename="ICON_YNL_CLIBANARIUS32.dds"/>
		<Row Name="ICON_ATLAS_UNIT_YNL_CLIBANARIUS_PORTRAITS"                IconSize="256" IconsPerRow="1" IconsPerColumn="1" Filename="ICON_PORTRAIT_UNIT_YNL_CLIBANARIUS256.dds"/>
		<Row Name="ICON_ATLAS_UNIT_YNL_CLIBANARIUS_PORTRAITS"                IconSize="200" IconsPerRow="1" IconsPerColumn="1" Filename="ICON_PORTRAIT_UNIT_YNL_CLIBANARIUS200.dds"/>
		<Row Name="ICON_ATLAS_UNIT_YNL_CLIBANARIUS_PORTRAITS"                IconSize="95"  IconsPerRow="1" IconsPerColumn="1" Filename="ICON_PORTRAIT_UNIT_YNL_CLIBANARIUS95.dds"/>
		<Row Name="ICON_ATLAS_UNIT_YNL_CLIBANARIUS_PORTRAITS"                IconSize="50"  IconsPerRow="1" IconsPerColumn="1" Filename="ICON_PORTRAIT_UNIT_YNL_CLIBANARIUS50.dds"/>
		<Row Name="ICON_ATLAS_UNIT_YNL_CLIBANARIUS_PORTRAITS"                IconSize="38"  IconsPerRow="1" IconsPerColumn="1" Filename="ICON_PORTRAIT_UNIT_YNL_CLIBANARIUS38.dds"/>
		<Row Name="ICON_ATLAS_ASIAN_UNIT_YNL_CLIBANARIUS_PORTRAITS"          IconSize="70"  IconsPerRow="1" IconsPerColumn="1" Filename="ICON_PORTRAIT_UNIT_YNL_CLIBANARIUS70.dds"/>
		<Row Name="ICON_ATLAS_ASIAN_UNIT_YNL_CLIBANARIUS_PORTRAITS"          IconSize="95"  IconsPerRow="1" IconsPerColumn="1" Filename="ICON_PORTRAIT_UNIT_YNL_CLIBANARIUS95.dds"/>
		<Row Name="ICON_ATLAS_MEDITERRANEAN_UNIT_YNL_CLIBANARIUS_PORTRAITS"  IconSize="70"  IconsPerRow="1" IconsPerColumn="1" Filename="ICON_PORTRAIT_UNIT_YNL_CLIBANARIUS70.dds"/>
		<Row Name="ICON_ATLAS_MEDITERRANEAN_UNIT_YNL_CLIBANARIUS_PORTRAITS"  IconSize="95"  IconsPerRow="1" IconsPerColumn="1" Filename="ICON_PORTRAIT_UNIT_YNL_CLIBANARIUS95.dds"/>
		<Row Name="ICON_ATLAS_SOUTH_AMERICAN_UNIT_YNL_CLIBANARIUS_PORTRAITS" IconSize="70"  IconsPerRow="1" IconsPerColumn="1" Filename="ICON_PORTRAIT_UNIT_YNL_CLIBANARIUS70.dds"/>
		<Row Name="ICON_ATLAS_SOUTH_AMERICAN_UNIT_YNL_CLIBANARIUS_PORTRAITS" IconSize="95"  IconsPerRow="1" IconsPerColumn="1" Filename="ICON_PORTRAIT_UNIT_YNL_CLIBANARIUS95.dds"/>
		<Row Name="ICON_ATLAS_AFRICAN_UNIT_YNL_CLIBANARIUS_PORTRAITS"        IconSize="70"  IconsPerRow="1" IconsPerColumn="1" Filename="ICON_PORTRAIT_UNIT_YNL_CLIBANARIUS70.dds"/>
		<Row Name="ICON_ATLAS_AFRICAN_UNIT_YNL_CLIBANARIUS_PORTRAITS"        IconSize="95"  IconsPerRow="1" IconsPerColumn="1" Filename="ICON_PORTRAIT_UNIT_YNL_CLIBANARIUS95.dds"/>
		<!-- UU:フランキスカ -->
		<Row Name="ICON_ATLAS_UNIT_ICON_YNL_FRANCISCA"                    IconSize="256" IconsPerRow="1" IconsPerColumn="1" Filename="ICON_UNIT_YNL_FRANCISCA256.dds"/>
		<Row Name="ICON_ATLAS_UNIT_ICON_YNL_FRANCISCA"                    IconSize="80"  IconsPerRow="1" IconsPerColumn="1" Filename="ICON_UNIT_YNL_FRANCISCA80.dds"/>
		<Row Name="ICON_ATLAS_UNIT_ICON_YNL_FRANCISCA"                    IconSize="50"  IconsPerRow="1" IconsPerColumn="1" Filename="ICON_UNIT_YNL_FRANCISCA50.dds"/>
		<Row Name="ICON_ATLAS_UNIT_ICON_YNL_FRANCISCA"                    IconSize="38"  IconsPerRow="1" IconsPerColumn="1" Filename="ICON_UNIT_YNL_FRANCISCA38.dds"/>
		<Row Name="ICON_ATLAS_UNIT_ICON_YNL_FRANCISCA"                    IconSize="32"  IconsPerRow="1" IconsPerColumn="1" Filename="ICON_UNIT_YNL_FRANCISCA32.dds"/>
		<Row Name="ICON_ATLAS_UNIT_ICON_YNL_FRANCISCA"                    IconSize="22"  IconsPerRow="1" IconsPerColumn="1" Filename="ICON_UNIT_YNL_FRANCISCA22.dds"/>
		<Row Name="ICON_ATLAS_UNIT_ICON_YNL_FRANCISCA_FOW"                IconSize="32"  IconsPerRow="1" IconsPerColumn="1" Filename="ICON_UNIT_YNL_FRANCISCA32.dds"/>
		<Row Name="ICON_ATLAS_UNIT_ICON_YNL_FRANCISCA_FLAG_SYMBOLS_WHITE" IconSize="22"  IconsPerRow="1" IconsPerColumn="1" Filename="ICON_UNIT_YNL_FRANCISCA22.dds"/>
		<Row Name="ICON_ATLAS_UNIT_ICON_YNL_FRANCISCA_FLAG_SYMBOLS_WHITE" IconSize="32"  IconsPerRow="1" IconsPerColumn="1" Filename="ICON_UNIT_YNL_FRANCISCA32.dds"/>
		<Row Name="ICON_ATLAS_UNIT_ICON_YNL_FRANCISCA_FLAG_SYMBOLS_WHITE" IconSize="80"  IconsPerRow="1" IconsPerColumn="1" Filename="ICON_UNIT_YNL_FRANCISCA80.dds"/>
		<Row Name="ICON_ATLAS_UNIT_ICON_YNL_FRANCISCA_FLAG_SYMBOLS_BLACK" IconSize="32"  IconsPerRow="1" IconsPerColumn="1" Filename="ICON_UNIT_YNL_FRANCISCA32.dds"/>
		<!-- 総督:KMR -->
		<Row Name="ICON_ATLAS_GOVERNOR_YNL_KMR_PROMOTIONS"              IconSize="24" IconsPerRow="1" IconsPerColumn="1" Filename="YNL_KMR_GovernorPromotions24.dds"/>
		<Row Name="ICON_ATLAS_GOVERNORS_YNL_KMR"                        IconSize="32" IconsPerRow="8" IconsPerColumn="1" Filename="YNL_KMR_Governors32.dds"/>
		<Row Name="ICON_ATLAS_GOVERNORS_YNL_KMR"                        IconSize="64" IconsPerRow="8" IconsPerColumn="1" Filename="YNL_KMR_Governors64.dds"/>
		<Row Name="ICON_ATLAS_GOVERNORS_YNL_KMR_FILL"                   IconSize="32" IconsPerRow="8" IconsPerColumn="2" Filename="YNL_KMR_GovernorsCityBannerFill32.dds"/>
		<Row Name="ICON_ATLAS_GOVERNORS_YNL_KMR_FILL"      Baseline="6" IconSize="22" IconsPerRow="8" IconsPerColumn="2" Filename="YNL_KMR_GovernorsCityBannerFill22.dds"/>
		<Row Name="ICON_ATLAS_GOVERNORS_YNL_KMR_SLOT"                   IconSize="32" IconsPerRow="8" IconsPerColumn="2" Filename="YNL_KMR_GovernorsCityBannerSlot32.dds"/>
		<Row Name="ICON_ATLAS_GOVERNORS_YNL_KMR_SLOT"      Baseline="6" IconSize="22" IconsPerRow="8" IconsPerColumn="2" Filename="YNL_KMR_GovernorsCityBannerSlot22.dds"/>
		<!-- UI:野獣先輩BB -->
		<Row Name="ICON_ATLAS_IMPROVEMENT_YNL_YZSP_BB" IconSize="38"  IconsPerRow="8" IconsPerColumn="12" Filename="ICON_IMPROVEMENT_YNL_YZSP_BB38.dds"/>
		<Row Name="ICON_ATLAS_IMPROVEMENT_YNL_YZSP_BB" IconSize="50"  IconsPerRow="8" IconsPerColumn="12" Filename="ICON_IMPROVEMENT_YNL_YZSP_BB50.dds"/>
		<Row Name="ICON_ATLAS_IMPROVEMENT_YNL_YZSP_BB" IconSize="80"  IconsPerRow="8" IconsPerColumn="12" Filename="ICON_IMPROVEMENT_YNL_YZSP_BB80.dds"/>
		<Row Name="ICON_ATLAS_IMPROVEMENT_YNL_YZSP_BB" IconSize="256" IconsPerRow="8" IconsPerColumn="12" Filename="ICON_IMPROVEMENT_YNL_YZSP_BB256.dds"/>
		<!-- 高級資源:タピオカミルクティー -->
		<Row Name="ICON_ATLAS_YNL_RESOURCES"     IconSize="64"  IconsPerRow="1" IconsPerColumn="1" Filename="ICON_RESOURCE_YNL_TAPIOCA_MILKTEA64.dds"/>
		<Row Name="ICON_ATLAS_YNL_RESOURCES"     IconSize="38"  IconsPerRow="1" IconsPerColumn="1" Filename="ICON_RESOURCE_YNL_TAPIOCA_MILKTEA38.dds"/>
		<Row Name="ICON_ATLAS_YNL_RESOURCES"     IconSize="50"  IconsPerRow="1" IconsPerColumn="1" Filename="ICON_RESOURCE_YNL_TAPIOCA_MILKTEA50.dds"/>
		<Row Name="ICON_ATLAS_YNL_RESOURCES"     IconSize="256" IconsPerRow="1" IconsPerColumn="1" Filename="ICON_RESOURCE_YNL_TAPIOCA_MILKTEA256.dds"/>
		<Row Name="ICON_ATLAS_YNL_RESOURCES_FOW" IconSize="64"  IconsPerRow="1" IconsPerColumn="1" Filename="ICON_RESOURCE_YNL_TAPIOCA_MILKTEA64.dds"/>
		<Row Name="ICON_ATLAS_YNL_RESOURCES_FOW" IconSize="256" IconsPerRow="1" IconsPerColumn="1" Filename="ICON_RESOURCE_YNL_TAPIOCA_MILKTEA256.dds"/>
	</IconTextureAtlases>
	<IconDefinitions>
		<!-- 文明 -->
		<Row Name="ICON_CIVILIZATION_YNL_AMLD"    Atlas="ICON_ATLAS_CIVILIZATION_YNL_AMLD" Index="0"/>
		<!-- 指導者 -->
		<Row Name="ICON_LEADER_YNL_KOJI_TADOKORO" Atlas="ICON_ATLAS_YNL_LEADER_YZSP"       Index="0"/>
		<Row Name="ICON_LEADER_YNL_GO_IS_GOD"     Atlas="ICON_ATLAS_YNL_LEADER_GO_IS_GOD"  Index="0"/>
		<Row Name="ICON_LEADER_YNL_VIOLENCE_MAN"  Atlas="ICON_ATLAS_YNL_LEADER_VIOLENCE"   Index="0"/>
		<Row Name="ICON_LEADER_YNL_TNOK"          Atlas="ICON_ATLAS_YNL_LEADER_TNOK"       Index="0"/>
		<Row Name="ICON_LEADER_YNL_TDN"           Atlas="ICON_ATLAS_YNL_LEADER_TDN"        Index="0"/>
		<Row Name="ICON_LEADER_YNL_MUR"           Atlas="ICON_ATLAS_YNL_LEADER_MUR"        Index="0"/>
		<!-- UI:野獣先輩BB -->
		<Row Name="ICON_IMPROVEMENT_YNL_YZSP_BB"  Atlas="ICON_ATLAS_IMPROVEMENT_YNL_YZSP_BB" Index="0"/>
		<!-- UU:迫真空手部員(ポートレイトは武僧の使いまわし) -->
		<Row Name="ICON_UNIT_YNL_HAKUSHIN_KARATE"                            Atlas="ICON_ATLAS_UNIT_YNL_HAKUSHIN_KARATE"                    Index="0"/>
		<Row Name="ICON_UNIT_YNL_HAKUSHIN_KARATE_FOW"                        Atlas="ICON_ATLAS_UNIT_YNL_HAKUSHIN_KARATE_FOW"                Index="0"/>
		<Row Name="ICON_UNIT_YNL_HAKUSHIN_KARATE_WHITE"                      Atlas="ICON_ATLAS_UNIT_YNL_HAKUSHIN_KARATE_FLAG_SYMBOLS_WHITE" Index="0"/>
		<Row Name="ICON_UNIT_YNL_HAKUSHIN_KARATE_BLACK"                      Atlas="ICON_ATLAS_UNIT_YNL_HAKUSHIN_KARATE_FLAG_SYMBOLS_BLACK" Index="0"/>
		<Row Name="ICON_UNIT_YNL_HAKUSHIN_KARATE_PORTRAIT"                   Atlas="ICON_ATLAS_UNIT_PORTRAITS_2"                            Index="35"/>
		<Row Name="ICON_ETHNICITY_ASIAN_UNIT_YNL_HAKUSHIN_KARATE_PORTRAIT"   Atlas="ICON_ATLAS_ASIAN_UNIT_PORTRAITS_2"                      Index="35"/>
		<Row Name="ICON_ETHNICITY_MEDIT_UNIT_YNL_HAKUSHIN_KARATE_PORTRAIT"   Atlas="ICON_ATLAS_MEDITERRANEAN_UNIT_PORTRAITS_2"              Index="35"/>
		<Row Name="ICON_ETHNICITY_SOUTHAM_UNIT_YNL_HAKUSHIN_KARATE_PORTRAIT" Atlas="ICON_ATLAS_SOUTH_AMERICAN_UNIT_PORTRAITS_2"             Index="35"/>
		<Row Name="ICON_ETHNICITY_AFRICAN_UNIT_YNL_HAKUSHIN_KARATE_PORTRAIT" Atlas="ICON_ATLAS_AFRICAN_UNIT_PORTRAITS_2"                    Index="35"/>
		<!-- UU:オナガー(ポートレイトはカタパルトの使いまわし) -->
		<Row Name="ICON_UNIT_YNL_ONAGER"                            Atlas="ICON_ATLAS_UNIT_ICON_YNL_ONAGER"                    Index="0"/>
		<Row Name="ICON_UNIT_YNL_ONAGER_FOW"                        Atlas="ICON_ATLAS_UNIT_ICON_YNL_ONAGER_FOW"                Index="0"/>
		<Row Name="ICON_UNIT_YNL_ONAGER_WHITE"                      Atlas="ICON_ATLAS_UNIT_ICON_YNL_ONAGER_FLAG_SYMBOLS_WHITE" Index="0"/>
		<Row Name="ICON_UNIT_YNL_ONAGER_BLACK"                      Atlas="ICON_ATLAS_UNIT_ICON_YNL_ONAGER_FLAG_SYMBOLS_BLACK" Index="0"/>
		<Row Name="ICON_UNIT_YNL_ONAGER_PORTRAIT"                   Atlas="ICON_ATLAS_UNIT_PORTRAITS"                          Index="37"/>
		<Row Name="ICON_ETHNICITY_ASIAN_UNIT_YNL_ONAGER_PORTRAIT"   Atlas="ICON_ATLAS_ASIAN_UNIT_PORTRAITS"                    Index="37"/>
		<Row Name="ICON_ETHNICITY_MEDIT_UNIT_YNL_ONAGER_PORTRAIT"   Atlas="ICON_ATLAS_MEDITERRANEAN_UNIT_PORTRAITS"            Index="37"/>
		<Row Name="ICON_ETHNICITY_SOUTHAM_UNIT_YNL_ONAGER_PORTRAIT" Atlas="ICON_ATLAS_SOUTH_AMERICAN_UNIT_PORTRAITS"           Index="37"/>
		<Row Name="ICON_ETHNICITY_AFRICAN_UNIT_YNL_ONAGER_PORTRAIT" Atlas="ICON_ATLAS_AFRICAN_UNIT_PORTRAITS"                  Index="37"/>
		<!-- UU:極道の黒備え(ポートレイトは軽騎兵の使いまわし) -->
		<Row Name="ICON_UNIT_YNL_BLACK_CAVALRY"                            Atlas="ICON_ATLAS_UNIT_YNL_BLACK_CAVALRY"                    Index="0"/>
		<Row Name="ICON_UNIT_YNL_BLACK_CAVALRY_FOW"                        Atlas="ICON_ATLAS_UNIT_YNL_BLACK_CAVALRY_FOW"                Index="0"/>
		<Row Name="ICON_UNIT_YNL_BLACK_CAVALRY_WHITE"                      Atlas="ICON_ATLAS_UNIT_YNL_BLACK_CAVALRY_FLAG_SYMBOLS_WHITE" Index="0" />
		<Row Name="ICON_UNIT_YNL_BLACK_CAVALRY_BLACK"                      Atlas="ICON_ATLAS_UNIT_YNL_BLACK_CAVALRY_FLAG_SYMBOLS_BLACK" Index="0" />
		<Row Name="ICON_UNIT_YNL_BLACK_CAVALRY_PORTRAIT"                   Atlas="ICON_ATLAS_UNIT_PORTRAITS"                            Index="33"/>
		<Row Name="ICON_ETHNICITY_ASIAN_UNIT_YNL_BLACK_CAVALRY_PORTRAIT"   Atlas="ICON_ATLAS_ASIAN_UNIT_PORTRAITS"                      Index="33"/>
		<Row Name="ICON_ETHNICITY_MEDIT_UNIT_YNL_BLACK_CAVALRY_PORTRAIT"   Atlas="ICON_ATLAS_MEDITERRANEAN_UNIT_PORTRAITS"              Index="33"/>
		<Row Name="ICON_ETHNICITY_SOUTHAM_UNIT_YNL_BLACK_CAVALRY_PORTRAIT" Atlas="ICON_ATLAS_SOUTH_AMERICAN_UNIT_PORTRAITS"             Index="33"/>
		<Row Name="ICON_ETHNICITY_AFRICAN_UNIT_YNL_BLACK_CAVALRY_PORTRAIT" Atlas="ICON_ATLAS_AFRICAN_UNIT_PORTRAITS"                    Index="33"/>
		<!-- UU:黒塗りの高級車 -->
		<Row Name="ICON_UNIT_YNL_BLACK_CAR"                            Atlas="ICON_ATLAS_UNIT_YNL_BLACK_CAR"                          Index="0"/>
		<Row Name="ICON_UNIT_YNL_BLACK_CAR_FOW"                        Atlas="ICON_ATLAS_UNIT_YNL_BLACK_CAR_FOW"                      Index="0"/>
		<Row Name="ICON_UNIT_YNL_BLACK_CAR_WHITE"                      Atlas="ICON_ATLAS_UNIT_YNL_BLACK_CAR_FLAG_SYMBOLS_WHITE"       Index="0"/>
		<Row Name="ICON_UNIT_YNL_BLACK_CAR_BLACK"                      Atlas="ICON_ATLAS_UNIT_YNL_BLACK_CAR_FLAG_SYMBOLS_BLACK"       Index="0"/>
		<Row Name="ICON_UNIT_YNL_BLACK_CAR_PORTRAIT"                   Atlas="ICON_ATLAS_UNIT_YNL_BLACK_CAR_PORTRAITS"                Index="0"/>
		<Row Name="ICON_ETHNICITY_ASIAN_UNIT_YNL_BLACK_CAR_PORTRAIT"   Atlas="ICON_ATLAS_ASIAN_UNIT_YNL_BLACK_CAR_PORTRAITS"          Index="0"/>
		<Row Name="ICON_ETHNICITY_MEDIT_UNIT_YNL_BLACK_CAR_PORTRAIT"   Atlas="ICON_ATLAS_MEDITERRANEAN_UNIT_YNL_BLACK_CAR_PORTRAITS"  Index="0"/>
		<Row Name="ICON_ETHNICITY_SOUTHAM_UNIT_YNL_BLACK_CAR_PORTRAIT" Atlas="ICON_ATLAS_SOUTH_AMERICAN_UNIT_YNL_BLACK_CAR_PORTRAITS" Index="0"/>
		<Row Name="ICON_ETHNICITY_AFRICAN_UNIT_YNL_BLACK_CAR_PORTRAIT" Atlas="ICON_ATLAS_AFRICAN_UNIT_YNL_BLACK_CAR_PORTRAITS"        Index="0"/>
		<!-- UU:国崩し(ポートレイトは虎蹲砲の使いまわし) -->
		<Row Name="ICON_UNIT_YNL_KUNIKUZUSHI"                             Atlas="ICON_ATLAS_UNIT_ICON_YNL_KUNIKUZUSHI"                    Index="0"/>
		<Row Name="ICON_UNIT_YNL_KUNIKUZUSHI_FOW"                         Atlas="ICON_ATLAS_UNIT_ICON_YNL_KUNIKUZUSHI_FOW"                Index="0"/>
		<Row Name="ICON_UNIT_YNL_KUNIKUZUSHI_WHITE"                       Atlas="ICON_ATLAS_UNIT_ICON_YNL_KUNIKUZUSHI_FLAG_SYMBOLS_WHITE" Index="0"/>
		<Row Name="ICON_UNIT_YNL_KUNIKUZUSHI_BLACK"                       Atlas="ICON_ATLAS_UNIT_ICON_YNL_KUNIKUZUSHI_FLAG_SYMBOLS_BLACK" Index="0"/>
		<Row Name="ICON_UNIT_YNL_KUNIKUZUSHI_PORTRAIT"                    Atlas="ICON_ATLAS_UNIT_PORTRAITS"                               Index="48"/>
		<Row Name="ICON_ETHNICITY_ASIAN_UNIT_YNL_KUNIKUZUSHI_PORTRAIT"    Atlas="ICON_ATLAS_ASIAN_UNIT_PORTRAITS"                         Index="48"/>
		<Row Name="ICON_ETHNICITY_MEDIT_UNIT_YNL_KUNIKUZUSHI_PORTRAIT"    Atlas="ICON_ATLAS_MEDITERRANEAN_UNIT_PORTRAITS"                 Index="48"/>
		<Row Name="ICON_ETHNICITY_SOUTHAM_UNIT_YNL_KUNIKUZUSHI_PORTRAIT"  Atlas="ICON_ATLAS_SOUTH_AMERICAN_UNIT_PORTRAITS"                Index="48"/>
		<Row Name="ICON_ETHNICITY_AFRICAN_UNIT_YNL_KUNIKUZUSHI_PORTRAIT"  Atlas="ICON_ATLAS_AFRICAN_UNIT_PORTRAITS"                       Index="48"/>
		<!-- UU:クリバナリウス(ポートレイトはヘタイロイの使いまわし) -->
		<Row Name="ICON_UNIT_YNL_CLIBANARIUS"                             Atlas="ICON_ATLAS_UNIT_ICON_YNL_CLIBANARIUS"                     Index="0"/>
		<Row Name="ICON_UNIT_YNL_CLIBANARIUS_FOW"                         Atlas="ICON_ATLAS_UNIT_ICON_YNL_CLIBANARIUS_FOW"                 Index="0"/>
		<Row Name="ICON_UNIT_YNL_CLIBANARIUS_WHITE"                       Atlas="ICON_ATLAS_UNIT_ICON_YNL_CLIBANARIUS_FLAG_SYMBOLS_WHITE"  Index="0"/>
		<Row Name="ICON_UNIT_YNL_CLIBANARIUS_BLACK"                       Atlas="ICON_ATLAS_UNIT_ICON_YNL_CLIBANARIUS_FLAG_SYMBOLS_BLACK"  Index="0"/>
		<Row Name="ICON_UNIT_YNL_CLIBANARIUS_PORTRAIT"                    Atlas="ICON_ATLAS_UNIT_YNL_CLIBANARIUS_PORTRAITS"                Index="0"/>
		<Row Name="ICON_ETHNICITY_ASIAN_UNIT_YNL_CLIBANARIUS_PORTRAIT"    Atlas="ICON_ATLAS_ASIAN_UNIT_YNL_CLIBANARIUS_PORTRAITS"          Index="0"/>
		<Row Name="ICON_ETHNICITY_MEDIT_UNIT_YNL_CLIBANARIUS_PORTRAIT"    Atlas="ICON_ATLAS_MEDITERRANEAN_UNIT_YNL_CLIBANARIUS_PORTRAITS"  Index="0"/>
		<Row Name="ICON_ETHNICITY_SOUTHAM_UNIT_YNL_CLIBANARIUS_PORTRAIT"  Atlas="ICON_ATLAS_SOUTH_AMERICAN_UNIT_YNL_CLIBANARIUS_PORTRAITS" Index="0"/>
		<Row Name="ICON_ETHNICITY_AFRICAN_UNIT_YNL_CLIBANARIUS_PORTRAIT"  Atlas="ICON_ATLAS_AFRICAN_UNIT_YNL_CLIBANARIUS_PORTRAITS"        Index="0"/>
		<!-- UU:フランキスカ(ポートレイトはバーサーカーの使いまわし) -->
		<Row Name="ICON_UNIT_YNL_FRANCISCA"                            Atlas="ICON_ATLAS_UNIT_ICON_YNL_FRANCISCA"                    Index="0"/>
		<Row Name="ICON_UNIT_YNL_FRANCISCA_FOW"                        Atlas="ICON_ATLAS_UNIT_ICON_YNL_FRANCISCA_FOW"                Index="0"/>
		<Row Name="ICON_UNIT_YNL_FRANCISCA_WHITE"                      Atlas="ICON_ATLAS_UNIT_ICON_YNL_FRANCISCA_FLAG_SYMBOLS_WHITE" Index="0"/>
		<Row Name="ICON_UNIT_YNL_FRANCISCA_BLACK"                      Atlas="ICON_ATLAS_UNIT_ICON_YNL_FRANCISCA_FLAG_SYMBOLS_BLACK" Index="0"/>
		<Row Name="ICON_UNIT_YNL_FRANCISCA_PORTRAIT"                   Atlas="ICON_ATLAS_UNIT_PORTRAITS"                             Index="42"/>
		<Row Name="ICON_ETHNICITY_ASIAN_UNIT_YNL_FRANCISCA_PORTRAIT"   Atlas="ICON_ATLAS_ASIAN_UNIT_PORTRAITS"                       Index="42"/>
		<Row Name="ICON_ETHNICITY_MEDIT_UNIT_YNL_FRANCISCA_PORTRAIT"   Atlas="ICON_ATLAS_MEDITERRANEAN_UNIT_PORTRAITS"               Index="42"/>
		<Row Name="ICON_ETHNICITY_SOUTHAM_UNIT_YNL_FRANCISCA_PORTRAIT" Atlas="ICON_ATLAS_SOUTH_AMERICAN_UNIT_PORTRAITS"              Index="42"/>
		<Row Name="ICON_ETHNICITY_AFRICAN_UNIT_YNL_FRANCISCA_PORTRAIT" Atlas="ICON_ATLAS_AFRICAN_UNIT_PORTRAITS"                     Index="42"/>

		<!-- UB:屋上(研究所の使いまわし) -->
		<Row Name="ICON_BUILDING_YNL_ROOFTOP"                Atlas="ICON_ATLAS_BUILDINGS" Index="37"/>
		<!-- UB:娼館(トラクトリの使いまわし) -->
		<Row Name="ICON_BUILDING_YNL_BROTHEL"                Atlas="ICON_ATLAS_BUILDINGS" Index="9"/>
		<!-- UB:拷問器具工房(工房の使いまわし) -->
		<Row Name="ICON_BUILDING_YNL_TORTURE_WORKSHOP"       Atlas="ICON_ATLAS_BUILDINGS" Index="20"/>
		<!-- UB:立教大学(マドラサの使いまわし) -->
		<Row Name="ICON_BUILDING_YNL_SAINT_PAULS_UNIVERSITY" Atlas="ICON_ATLAS_BUILDINGS" Index="19"/>
		<!-- UB:ドーム球場(スタジアムの使いまわし) -->
		<Row Name="ICON_BUILDING_YNL_DOMED_STADIUM"          Atlas="ICON_ATLAS_BUILDINGS" Index="39"/>
		<!-- UD:組事務所(兵営の使いまわし) -->
		<Row Name="ICON_DISTRICT_YNL_OUTLAW_OFFICE"          Atlas="ICON_ATLAS_DISTRICTS"     Index="3"/>
		<Row Name="ICON_DISTRICT_YNL_OUTLAW_OFFICE_FOW"      Atlas="ICON_ATLAS_DISTRICTS_FOW" Index="3"/>
		<!-- UD:ハンマーム(浴場の使いまわし) -->
		<Row Name="ICON_DISTRICT_YNL_HAMAM"                  Atlas="ICON_ATLAS_DISTRICTS"     Index="11"/>
		<Row Name="ICON_DISTRICT_YNL_HAMAM_FOW"              Atlas="ICON_ATLAS_DISTRICTS_FOW" Index="11"/>

		<!-- 総督:KMR -->
		<Row Name="ICON_GOVERNOR_YNL_KMR_PROMOTION" Atlas="ICON_ATLAS_GOVERNOR_YNL_KMR_PROMOTIONS" Index="0"/>
		<Row Name="ICON_GOVERNOR_YNL_KMR"           Atlas="ICON_ATLAS_GOVERNORS_YNL_KMR"           Index="0"/>
		<Row Name="ICON_GOVERNOR_YNL_KMR_FILL"      Atlas="ICON_ATLAS_GOVERNORS_YNL_KMR_FILL"      Index="0"/>
		<Row Name="ICON_GOVERNOR_YNL_KMR_SLOT"      Atlas="ICON_ATLAS_GOVERNORS_YNL_KMR_SLOT"      Index="0"/>
		
		<!-- 高級資源:タピオカミルクティー -->
		<Row Name="ICON_RESOURCE_YNL_TAPIOCA_MILKTEA"     Atlas="ICON_ATLAS_YNL_RESOURCES"     Index="0"/>
		<Row Name="ICON_RESOURCE_YNL_TAPIOCA_MILKTEA_FOW" Atlas="ICON_ATLAS_YNL_RESOURCES_FOW" Index="0"/>
	</IconDefinitions>
	<IconAliases>
		<Row Name="GOVERNOR_YNL_KMR_SLOT" OtherName="ICON_GOVERNOR_YNL_KMR_SLOT" />
		<Row Name="GOVERNOR_YNL_KMR_FILL" OtherName="ICON_GOVERNOR_YNL_KMR_FILL" />
	</IconAliases>
</GameData>
