<?xml version="1.0" encoding="utf-8"?>
<GameData>
	<!-- 親定義 -->
	<Types>
		<!-- 指導者そのものの定義 -->
		<Row Type="LEADER_YNL_KOJI_TADOKORO" Kind="KIND_LEADER" />
		<Row Type="LEADER_YNL_GO_IS_GOD"     Kind="KIND_LEADER" />
		<Row Type="LEADER_YNL_VIOLENCE_MAN"  Kind="KIND_LEADER" />
		<Row Type="LEADER_YNL_TNOK"          Kind="KIND_LEADER" />
		<Row Type="LEADER_YNL_TDN"           Kind="KIND_LEADER" />
		<Row Type="LEADER_YNL_MUR"           Kind="KIND_LEADER" />
		<!-- 指導者特性(田所) -->
		<Row Type="TRAIT_LEADER_YNL_KOJI_TADOKORO"                   Kind="KIND_TRAIT"/>
		<Row Type="TRAIT_LEADER_BUILDING_YNL_ROOFTOP"                Kind="KIND_TRAIT"/>
		<Row Type="TRAIT_LEADER_UNIT_YNL_HAKUSHIN_KARATE"            Kind="KIND_TRAIT"/>
		<!-- 指導者特性(豪) -->
		<Row Type="TRAIT_LEADER_YNL_GO_IS_GOD"                       Kind="KIND_TRAIT"/>
		<Row Type="TRAIT_LEADER_BUILDING_YNL_BROTHEL"                Kind="KIND_TRAIT"/>
		<Row Type="TRAIT_LEADER_UNIT_YNL_ONAGER"                     Kind="KIND_TRAIT"/>
		<!-- 指導者特性(虐待おじさん) -->	
		<Row Type="TRAIT_LEADER_YNL_VIOLENCE_MAN"                    Kind="KIND_TRAIT"/>
		<Row Type="TRAIT_LEADER_BUILDING_YNL_TORTURE_WORKSHOP"       Kind="KIND_TRAIT"/>
		<Row Type="TRAIT_LEADER_UNIT_YNL_KUNIKUZUSHI"                Kind="KIND_TRAIT"/>
		<!-- 指導者特性(TNOK) -->
		<Row Type="TRAIT_LEADER_YNL_TNOK"                            Kind="KIND_TRAIT"/>
		<Row Type="TRAIT_LEADER_DISTRICT_YNL_OUTLAW_OFFICE"          Kind="KIND_TRAIT"/>
		<Row Type="TRAIT_LEADER_UNIT_YNL_BLACK_CAR"                  Kind="KIND_TRAIT"/>
		<Row Type="TRAIT_LEADER_UNIT_YNL_BLACK_CAVALRY"              Kind="KIND_TRAIT"/>
		<!-- 指導者特性(TDN) -->	
		<Row Type="TRAIT_LEADER_YNL_TDN"                             Kind="KIND_TRAIT"/>
		<Row Type="TRAIT_LEADER_BUILDING_YNL_SAINT_PAULS_UNIVERSITY" Kind="KIND_TRAIT"/>
		<Row Type="TRAIT_LEADER_BUILDING_YNL_DOMED_STADIUM"          Kind="KIND_TRAIT"/>
		<Row Type="TRAIT_LEADER_UNIT_YNL_CLIBANARIUS"                Kind="KIND_TRAIT"/>
		<!-- 指導者特性(MUR) -->
		<Row Type="TRAIT_LEADER_YNL_MUR"                             Kind="KIND_TRAIT"/>
		<Row Type="TRAIT_LEADER_DISTRICT_YNL_HAMAM"                  Kind="KIND_TRAIT"/>
		<Row Type="TRAIT_LEADER_UNIT_YNL_FRANCISCA"                  Kind="KIND_TRAIT"/>
	</Types>

	<!-- 主設定 -->
	<Leaders>
		<Row>
			<LeaderType>LEADER_YNL_KOJI_TADOKORO</LeaderType>
			<Name>LOC_LEADER_YNL_KOJI_TADOKORO_NAME</Name>
			<InheritFrom>LEADER_DEFAULT</InheritFrom>
		</Row>
		<Row>
			<LeaderType>LEADER_YNL_GO_IS_GOD</LeaderType>
			<Name>LOC_LEADER_YNL_GO_IS_GOD_NAME</Name>
			<InheritFrom>LEADER_DEFAULT</InheritFrom>
		</Row>
		<Row>
			<LeaderType>LEADER_YNL_VIOLENCE_MAN</LeaderType>
			<Name>LOC_LEADER_YNL_VIOLENCE_MAN_NAME</Name>
			<InheritFrom>LEADER_DEFAULT</InheritFrom>
		</Row>
		<Row>
			<LeaderType>LEADER_YNL_TNOK</LeaderType>
			<Name>LOC_LEADER_YNL_TNOK_NAME</Name>
			<InheritFrom>LEADER_DEFAULT</InheritFrom>
		</Row>
		<Row>
			<LeaderType>LEADER_YNL_TDN</LeaderType>
			<Name>LOC_LEADER_YNL_TDN_NAME</Name>
			<InheritFrom>LEADER_DEFAULT</InheritFrom>
		</Row>
		<Row>
			<LeaderType>LEADER_YNL_MUR</LeaderType>
			<Name>LOC_LEADER_YNL_MUR_NAME</Name>
			<InheritFrom>LEADER_DEFAULT</InheritFrom>
		</Row>
	</Leaders>

	<!-- 指導者の一言メッセージ(Civilopedia) -->
	<LeaderQuotes>
		<Row LeaderType="LEADER_YNL_KOJI_TADOKORO" Quote="LOC_LEADER_YNL_KOJI_TADOKORO_QUOTE"/>
		<Row LeaderType="LEADER_YNL_GO_IS_GOD"     Quote="LOC_LEADER_YNL_GO_IS_GOD_QUOTE"/>
		<Row LeaderType="LEADER_YNL_VIOLENCE_MAN"  Quote="LOC_LEADER_YNL_VIOLENCE_MAN_QUOTE"/>
		<Row LeaderType="LEADER_YNL_TNOK"          Quote="LOC_LEADER_YNL_TNOK_QUOTE"/>
		<Row LeaderType="LEADER_YNL_TDN"           Quote="LOC_LEADER_YNL_TDN_QUOTE"/>
		<Row LeaderType="LEADER_YNL_MUR"           Quote="LOC_LEADER_YNL_MUR_QUOTE"/>
	</LeaderQuotes>

	<!-- 指導者が持つ特性 -->
	<LeaderTraits>
		<!-- 田所 -->
		<Row LeaderType="LEADER_YNL_KOJI_TADOKORO" TraitType="TRAIT_LEADER_YNL_KOJI_TADOKORO"/>
		<Row LeaderType="LEADER_YNL_KOJI_TADOKORO" TraitType="TRAIT_LEADER_BUILDING_YNL_ROOFTOP"/>
		<Row LeaderType="LEADER_YNL_KOJI_TADOKORO" TraitType="TRAIT_LEADER_UNIT_YNL_HAKUSHIN_KARATE"/>
		<Row LeaderType="LEADER_YNL_KOJI_TADOKORO" TraitType="TRAIT_LEADER_CULTURAL_MAJOR_CIV"/><!-- AI:文化志向 -->
		<!-- 豪 -->
		<Row LeaderType="LEADER_YNL_GO_IS_GOD"     TraitType="TRAIT_LEADER_YNL_GO_IS_GOD"/>
		<Row LeaderType="LEADER_YNL_GO_IS_GOD"     TraitType="TRAIT_LEADER_BUILDING_YNL_BROTHEL"/>
		<Row LeaderType="LEADER_YNL_GO_IS_GOD"     TraitType="TRAIT_LEADER_UNIT_YNL_ONAGER"/>
		<Row LeaderType="LEADER_YNL_GO_IS_GOD"     TraitType="TRAIT_LEADER_CULTURAL_MAJOR_CIV"/><!-- AI:文化志向 -->
		<!-- 虐待おじさん -->
		<Row LeaderType="LEADER_YNL_VIOLENCE_MAN"  TraitType="TRAIT_LEADER_YNL_VIOLENCE_MAN"/>
		<Row LeaderType="LEADER_YNL_VIOLENCE_MAN"  TraitType="TRAIT_LEADER_BUILDING_YNL_TORTURE_WORKSHOP"/>
		<Row LeaderType="LEADER_YNL_VIOLENCE_MAN"  TraitType="TRAIT_LEADER_UNIT_YNL_KUNIKUZUSHI"/>
		<Row LeaderType="LEADER_YNL_VIOLENCE_MAN"  TraitType="TRAIT_LEADER_SCIENCE_MAJOR_CIV"/><!-- AI:科学志向 -->
		<!-- TNOK -->
		<Row LeaderType="LEADER_YNL_TNOK"          TraitType="TRAIT_LEADER_YNL_TNOK"/>
		<Row LeaderType="LEADER_YNL_TNOK"          TraitType="TRAIT_LEADER_DISTRICT_YNL_OUTLAW_OFFICE"/>
		<Row LeaderType="LEADER_YNL_TNOK"          TraitType="TRAIT_LEADER_UNIT_YNL_BLACK_CAR"/>
		<Row LeaderType="LEADER_YNL_TNOK"          TraitType="TRAIT_LEADER_UNIT_YNL_BLACK_CAVALRY"/>
		<Row LeaderType="LEADER_YNL_TNOK"          TraitType="TRAIT_LEADER_EXPANSIONIST"/><!-- AI:領土拡張志向 -->
		<!-- TDN -->
		<Row LeaderType="LEADER_YNL_TDN"           TraitType="TRAIT_LEADER_YNL_TDN"/>
		<Row LeaderType="LEADER_YNL_TDN"           TraitType="TRAIT_LEADER_BUILDING_YNL_SAINT_PAULS_UNIVERSITY"/>
		<Row LeaderType="LEADER_YNL_TDN"           TraitType="TRAIT_LEADER_BUILDING_YNL_DOMED_STADIUM"/>
		<Row LeaderType="LEADER_YNL_TDN"           TraitType="TRAIT_LEADER_UNIT_YNL_CLIBANARIUS"/>
		<Row LeaderType="LEADER_YNL_TDN"           TraitType="TRAIT_LEADER_RELIGIOUS_MAJOR_CIV"/><!-- AI:宗教志向 -->
		<!-- MUR -->
		<Row LeaderType="LEADER_YNL_MUR"           TraitType="TRAIT_LEADER_YNL_MUR"/>
		<Row LeaderType="LEADER_YNL_MUR"           TraitType="TRAIT_LEADER_DISTRICT_YNL_HAMAM"/>
		<Row LeaderType="LEADER_YNL_MUR"           TraitType="TRAIT_LEADER_UNIT_YNL_FRANCISCA"/>
		<Row LeaderType="LEADER_YNL_MUR"           TraitType="TRAIT_LEADER_EXPANSIONIST"/><!-- AI:領土拡張志向 -->
	</LeaderTraits>

	<!-- 特性の親定義(特性の名称と説明文) -->
	<Traits>
		<!-- 田所 -->
		<Row TraitType="TRAIT_LEADER_YNL_KOJI_TADOKORO"                   Name="LOC_TRAIT_LEADER_YNL_KOJI_TADOKORO_NAME" Description="LOC_TRAIT_LEADER_YNL_KOJI_TADOKORO_DESCRIPTION"/>
		<Row TraitType="TRAIT_LEADER_BUILDING_YNL_ROOFTOP"                Name="LOC_TRAIT_LEADER_BUILDING_YNL_ROOFTOP_NAME"/>
		<Row TraitType="TRAIT_LEADER_UNIT_YNL_HAKUSHIN_KARATE"            Name="LOC_TRAIT_LEADER_UNIT_YNL_HAKUSHIN_KARATE_NAME"/>
		<!-- 豪 -->
		<Row TraitType="TRAIT_LEADER_YNL_GO_IS_GOD"                       Name="LOC_TRAIT_LEADER_YNL_GO_IS_GOD_NAME"     Description="LOC_TRAIT_LEADER_YNL_GO_IS_GOD_DESCRIPTION"/>
		<Row TraitType="TRAIT_LEADER_BUILDING_YNL_BROTHEL"                Name="LOC_TRAIT_LEADER_BUILDING_YNL_BROTHEL_NAME"/>
		<Row TraitType="TRAIT_LEADER_UNIT_YNL_ONAGER"                     Name="LOC_TRAIT_LEADER_UNIT_YNL_ONAGER_NAME"/>
		<!-- 虐待おじさん -->
		<Row TraitType="TRAIT_LEADER_YNL_VIOLENCE_MAN"                    Name="LOC_TRAIT_LEADER_YNL_VIOLENCE_MAN_NAME"  Description="LOC_TRAIT_LEADER_YNL_VIOLENCE_MAN_DESCRIPTION"/>
		<Row TraitType="TRAIT_LEADER_BUILDING_YNL_TORTURE_WORKSHOP"       Name="LOC_TRAIT_LEADER_BUILDING_YNL_TORTURE_WORKSHOP_NAME"/>
		<Row TraitType="TRAIT_LEADER_UNIT_YNL_KUNIKUZUSHI"                Name="LOC_TRAIT_LEADER_TRAIT_LEADER_UNIT_YNL_KUNIKUZUSHI_NAME"/>
		<!-- TNOK -->
		<Row TraitType="TRAIT_LEADER_YNL_TNOK"                            Name="LOC_TRAIT_LEADER_YNL_TNOK_NAME"          Description="LOC_TRAIT_LEADER_YNL_TNOK_DESCRIPTION"/>
		<Row TraitType="TRAIT_LEADER_DISTRICT_YNL_OUTLAW_OFFICE"          Name="LOC_TRAIT_LEADER_DISTRICT_YNL_OUTLAW_OFFICE_NAME"/>
		<Row TraitType="TRAIT_LEADER_UNIT_YNL_BLACK_CAR"                  Name="LOC_TRAIT_LEADER_UNIT_YNL_BLACK_CAR_NAME"/>
		<Row TraitType="TRAIT_LEADER_UNIT_YNL_BLACK_CAVALRY"              Name="LOC_TRAIT_LEADER_UNIT_YNL_BLACK_CAVALRY_NAME"/>
		<!-- TDN -->
		<Row TraitType="TRAIT_LEADER_YNL_TDN"                             Name="LOC_TRAIT_LEADER_YNL_TDN_NAME"           Description="LOC_TRAIT_LEADER_YNL_TDN_DESCRIPTION"/>
		<Row TraitType="TRAIT_LEADER_BUILDING_YNL_SAINT_PAULS_UNIVERSITY" Name="LOC_TRAIT_LEADER_BUILDING_YNL_SAINT_PAULS_UNIVERSITY_NAME"/>
		<Row TraitType="TRAIT_LEADER_BUILDING_YNL_DOMED_STADIUM"          Name="LOC_TRAIT_LEADER_BUILDING_YNL_DOMED_STADIUM_NAME"/>
		<Row TraitType="TRAIT_LEADER_UNIT_YNL_CLIBANARIUS"                Name="LOC_TRAIT_LEADER_UNIT_YNL_CLIBANARIUS_NAME"/>
		<!-- MUR -->
		<Row TraitType="TRAIT_LEADER_YNL_MUR"                             Name="LOC_TRAIT_LEADER_YNL_MUR_NAME"           Description="LOC_TRAIT_LEADER_YNL_MUR_DESCRIPTION"/>
		<Row TraitType="TRAIT_LEADER_DISTRICT_YNL_HAMAM"                  Name="LOC_TRAIT_LEADER_DISTRICT_YNL_HAMAM_NAME"/>
		<Row TraitType="TRAIT_LEADER_UNIT_YNL_FRANCISCA"                  Name="LOC_TRAIT_LEADER_UNIT_YNL_FRANCISCA_NAME"/>
	</Traits>

	<!-- 指導者特性 -->
	<TraitModifiers>
		<!-- 田所 -->
		<!-- 軍事スロット+1(バニラのドイツ) -->
		<Row>
			<TraitType>TRAIT_LEADER_YNL_KOJI_TADOKORO</TraitType>
			<ModifierId>TRAIT_MILITARY_GOVERNMENT_SLOT</ModifierId>
		</Row>
		<!-- 兵営から生産力+3 -->
		<Row>
			<TraitType>TRAIT_LEADER_YNL_KOJI_TADOKORO</TraitType>
			<ModifierId>TRAIT_ENCAMPMENT_PRODUCTION_YZSP</ModifierId>
		</Row>
		<!-- ダムのある都市に快適性+1、文化力+2 -->
		<Row>
			<TraitType>TRAIT_LEADER_YNL_KOJI_TADOKORO</TraitType>
			<ModifierId>TRAIT_DAM_AMENITY_YZSP</ModifierId>
		</Row>
		<Row>
			<TraitType>TRAIT_LEADER_YNL_KOJI_TADOKORO</TraitType>
			<ModifierId>TRAIT_DAM_CULTURE_YZSP</ModifierId>
		</Row>
		<!-- 豪 -->
		<!-- 徴兵いろいろ(GSのハンガリー) -->
		<Row>
			<TraitType>TRAIT_LEADER_YNL_GO_IS_GOD</TraitType>
			<ModifierId>LEVY_MILITARY_TWO_FREE_ENVOYS</ModifierId>
		</Row>
		<Row>
			<TraitType>TRAIT_LEADER_YNL_GO_IS_GOD</TraitType>
			<ModifierId>LEVY_UNITS_GRANT_ABILITY</ModifierId>
		</Row>
		<Row>
			<TraitType>TRAIT_LEADER_YNL_GO_IS_GOD</TraitType>
			<ModifierId>LEVY_UNITUPGRADEDISCOUNT</ModifierId>
		</Row>
		<!-- ユニット撃破で科学力取得 -->
		<Row>
			<TraitType>TRAIT_LEADER_YNL_GO_IS_GOD</TraitType>
			<ModifierId>UNIQUE_LEADER_SCIENCE_KILLS_YNL_GO_IS_GOD</ModifierId>
		</Row>
		<!-- ユニット撃破で文化力取得 -->
		<Row>
			<TraitType>TRAIT_LEADER_YNL_GO_IS_GOD</TraitType>
			<ModifierId>UNIQUE_LEADER_CULTURE_KILLS_YNL_GO_IS_GOD</ModifierId>
		</Row>
		<!-- ユニット撃破で信仰力取得 -->
		<!--
		<Row>
			<TraitType>TRAIT_LEADER_YNL_GO_IS_GOD</TraitType>
			<ModifierId>UNIQUE_LEADER_FAITH_KILLS_YNL_GO_IS_GOD</ModifierId>
		</Row>
		-->
		<!-- ユニット撃破でゴールド取得 -->
		<!--
		<Row>
			<TraitType>TRAIT_LEADER_YNL_GO_IS_GOD</TraitType>
			<ModifierId>UNIQUE_LEADER_GOLD_KILLS_YNL_GO_IS_GOD</ModifierId>
		</Row>
		-->
		<!-- 虐待おじさん -->
		<!-- 傷ついたユニットへの戦闘力+5(バニラのトミュリス) -->
		<Row>
			<TraitType>TRAIT_LEADER_YNL_VIOLENCE_MAN</TraitType>
			<ModifierId>BONUS_VS_WOUNDED_UNITS</ModifierId>
		</Row>
		<!-- 電力が供給されると産出量が増える建造物の産出量+2(GSのイギリス) -->
		<Row>
			<TraitType>TRAIT_LEADER_YNL_VIOLENCE_MAN</TraitType>
			<ModifierId>TRAIT_POWERED_BUILDINGS_MORE_CULTURE</ModifierId>
		</Row>
		<Row>
			<TraitType>TRAIT_LEADER_YNL_VIOLENCE_MAN</TraitType>
			<ModifierId>TRAIT_POWERED_BUILDINGS_MORE_GOLD</ModifierId>
		</Row>
		<Row>
			<TraitType>TRAIT_LEADER_YNL_VIOLENCE_MAN</TraitType>
			<ModifierId>TRAIT_POWERED_BUILDINGS_MORE_PRODUCTION</ModifierId>
		</Row>
		<Row>
			<TraitType>TRAIT_LEADER_YNL_VIOLENCE_MAN</TraitType>
			<ModifierId>TRAIT_POWERED_BUILDINGS_MORE_SCIENCE</ModifierId>
		</Row>
		<Row>
			<TraitType>TRAIT_LEADER_YNL_VIOLENCE_MAN</TraitType>
			<ModifierId>TRAIT_POWERED_BUILDINGS_MORE_FOOD</ModifierId>
		</Row>
		<!-- キャンパスに接している鉱山から科学力+1 -->
		<Row>
			<TraitType>TRAIT_LEADER_YNL_VIOLENCE_MAN</TraitType>
			<ModifierId>TRAIT_MINES_SCIENCE_CAMPUS_YNL_VIOLENCE_MAN</ModifierId>
		</Row>
		<!-- キャンパスに接している採石場から科学力+1 -->
		<Row>
			<TraitType>TRAIT_LEADER_YNL_VIOLENCE_MAN</TraitType>
			<ModifierId>TRAIT_QUARRY_SCIENCE_CAMPUS_YNL_VIOLENCE_MAN</ModifierId>
		</Row>
		<!-- TNOK -->
		<!-- 高級資源からの快適性増加(バニラのモンテスマと同じ) -->
		<Row>
			<TraitType>TRAIT_LEADER_YNL_TNOK</TraitType>
			<ModifierId>TRAIT_OWNED_LUXURY_EXTRA_AMENITIES</ModifierId>
		</Row>
		<!-- 都市の生産力とゴールドが3%x着任している総督のレベル分向上 -->
		<Row>
			<TraitType>TRAIT_LEADER_YNL_TNOK</TraitType>
			<ModifierId>TRAIT_ADJUST_CITY_PRODUCTION_PER_GOVERNOR_TITLE_MODIFIER_YNL</ModifierId>
		</Row>
		<Row>
			<TraitType>TRAIT_LEADER_YNL_TNOK</TraitType>
			<ModifierId>TRAIT_ADJUST_CITY_GOLD_PER_GOVERNOR_TITLE_MODIFIER_YNL</ModifierId>
		</Row>
		<!-- TDN -->
		<!-- 全ユニットの遠隔防御+7 -->
		<Row>
			<TraitType>TRAIT_LEADER_YNL_TDN</TraitType>
			<ModifierId>YNL_TDN_RANGED_DEFENSE</ModifierId>
		</Row>
		<!-- 山岳に市民を配置できる(GSのインカと同じ) -->
		<Row>
			<TraitType>TRAIT_LEADER_YNL_TDN</TraitType>
			<ModifierId>TRAIT_WORK_GRASS_MOUNTAIN</ModifierId>
		</Row>
		<Row>
			<TraitType>TRAIT_LEADER_YNL_TDN</TraitType>
			<ModifierId>TRAIT_WORK_PLAINS_MOUNTAIN</ModifierId>
		</Row>
		<Row>
			<TraitType>TRAIT_LEADER_YNL_TDN</TraitType>
			<ModifierId>TRAIT_WORK_DESERT_MOUNTAIN</ModifierId>
		</Row>
		<Row>
			<TraitType>TRAIT_LEADER_YNL_TDN</TraitType>
			<ModifierId>TRAIT_WORK_TUNDRA_MOUNTAIN</ModifierId>
		</Row>
		<Row>
			<TraitType>TRAIT_LEADER_YNL_TDN</TraitType>
			<ModifierId>TRAIT_WORK_SNOW_MOUNTAIN</ModifierId>
		</Row>
		<!-- 山岳から信仰力+2 -->
		<Row>
			<TraitType>TRAIT_LEADER_YNL_TDN</TraitType>
			<ModifierId>TRAIT_FAITH_MOUNTAIN_YNL</ModifierId>
		</Row>
		<!-- 山岳から食料+1 -->
		<Row>
			<TraitType>TRAIT_LEADER_YNL_TDN</TraitType>
			<ModifierId>TRAIT_FOOD_MOUNTAIN_YNL</ModifierId>
		</Row>
		<!-- 山岳に隣接した鉱山1つにつき山岳の信仰力+1 -->
		<Row>
			<TraitType>TRAIT_LEADER_YNL_TDN</TraitType>
			<ModifierId>TRAIT_FAITH_MINE_GRASS_MOUNTAIN_YNL</ModifierId>
		</Row>
		<Row>
			<TraitType>TRAIT_LEADER_YNL_TDN</TraitType>
			<ModifierId>TRAIT_FAITH_MINE_PLAINS_MOUNTAIN_YNL</ModifierId>
		</Row>
		<Row>
			<TraitType>TRAIT_LEADER_YNL_TDN</TraitType>
			<ModifierId>TRAIT_FAITH_MINE_DESERT_MOUNTAIN_YNL</ModifierId>
		</Row>
		<Row>
			<TraitType>TRAIT_LEADER_YNL_TDN</TraitType>
			<ModifierId>TRAIT_FAITH_MINE_TUNDRA_MOUNTAIN_YNL</ModifierId>
		</Row>
		<Row>
			<TraitType>TRAIT_LEADER_YNL_TDN</TraitType>
			<ModifierId>TRAIT_FAITH_MINE_SNOW_MOUNTAIN_YNL</ModifierId>
		</Row>
		<!-- MUR -->
		<!-- 政府複合施設の建造物や区域1つにつき交易路+1(ディードーと同じ) -->
		<Row>
			<TraitType>TRAIT_LEADER_YNL_MUR</TraitType>
			<ModifierId>TRADE_ROUTE_GOVERNMENT_DISTRICT</ModifierId>
		</Row>
		<Row>
			<TraitType>TRAIT_LEADER_YNL_MUR</TraitType>
			<ModifierId>TRADE_ROUTE_GOVERNMENT_TIER_1_BUILDING</ModifierId>
		</Row>
		<Row>
			<TraitType>TRAIT_LEADER_YNL_MUR</TraitType>
			<ModifierId>TRADE_ROUTE_GOVERNMENT_TIER_2_BUILDING</ModifierId>
		</Row>
		<Row>
			<TraitType>TRAIT_LEADER_YNL_MUR</TraitType>
			<ModifierId>TRADE_ROUTE_GOVERNMENT_TIER_3_BUILDING</ModifierId>
		</Row>
		<!-- 野獣先輩BBが設置されたタイルに食料+1 -->
		<Row>
			<TraitType>TRAIT_LEADER_YNL_MUR</TraitType>
			<ModifierId>TRAIT_YNL_MUR_BB_FOOD</ModifierId>
		</Row>
		<!-- 神秘主義、公務員制度、外交官で総督ポイント+1 -->
		<Row>
			<TraitType>TRAIT_LEADER_YNL_MUR</TraitType>
			<ModifierId>TRAIT_YNL_MUR_GOVERNOR_POINTS_CIVIC_MYSTICISM</ModifierId>
		</Row>
		<Row>
			<TraitType>TRAIT_LEADER_YNL_MUR</TraitType>
			<ModifierId>TRAIT_YNL_MUR_GOVERNOR_POINTS_CIVIC_CIVIL_SERVICE</ModifierId>
		</Row>
		<Row>
			<TraitType>TRAIT_LEADER_YNL_MUR</TraitType>
			<ModifierId>TRAIT_YNL_MUR_GOVERNOR_POINTS_CIVIC_DIPLOMATIC_SERVICE</ModifierId>
		</Row>
	</TraitModifiers>
	<Modifiers>
		<!-- 田所 -->
		<!-- 兵営から生産力+3 -->
		<Row>
			<ModifierId>TRAIT_ENCAMPMENT_PRODUCTION_YZSP</ModifierId>
			<ModifierType>MODIFIER_PLAYER_DISTRICTS_ADJUST_YIELD_CHANGE</ModifierType>
			<SubjectRequirementSetId>DISTRICT_IS_ENCAMPMENT_PRODUCTION_YZSP</SubjectRequirementSetId>
		</Row>
		<!-- ダムのある都市に快適性+1、文化力+2 -->
		<Row>
			<ModifierId>TRAIT_DAM_AMENITY_YZSP</ModifierId>
			<ModifierType>MODIFIER_PLAYER_DISTRICTS_ADJUST_EXTRA_ENTERTAINMENT</ModifierType>
			<SubjectRequirementSetId>DISTRICT_IS_DAM</SubjectRequirementSetId><!-- GSにある -->
		</Row>
		<Row>
			<ModifierId>TRAIT_DAM_CULTURE_YZSP</ModifierId>
			<ModifierType>MODIFIER_PLAYER_DISTRICTS_ADJUST_YIELD_CHANGE</ModifierType>
			<SubjectRequirementSetId>DISTRICT_IS_DAM</SubjectRequirementSetId><!-- GSにある -->
		</Row>
		<!-- 豪 -->
		<!-- ユニット撃破で科学力取得 -->
		<Row>
			<ModifierId>UNIQUE_LEADER_SCIENCE_KILLS_YNL_GO_IS_GOD</ModifierId>
			<ModifierType>MODIFIER_PLAYER_UNITS_ADJUST_POST_COMBAT_YIELD</ModifierType>
		</Row>
		<!-- ユニット撃破で文化力取得 -->
		<Row>
			<ModifierId>UNIQUE_LEADER_CULTURE_KILLS_YNL_GO_IS_GOD</ModifierId>
			<ModifierType>MODIFIER_PLAYER_UNITS_ADJUST_POST_COMBAT_YIELD</ModifierType>
		</Row>
		<!-- ユニット撃破で信仰力取得 -->
		<Row>
			<ModifierId>UNIQUE_LEADER_FAITH_KILLS_YNL_GO_IS_GOD</ModifierId>
			<ModifierType>MODIFIER_PLAYER_UNITS_ADJUST_POST_COMBAT_YIELD</ModifierType>
		</Row>
		<!-- ユニット撃破でゴールド取得 -->
		<Row>
			<ModifierId>UNIQUE_LEADER_GOLD_KILLS_YNL_GO_IS_GOD</ModifierId>
			<ModifierType>MODIFIER_PLAYER_UNITS_ADJUST_POST_COMBAT_YIELD</ModifierType>
		</Row>
		<!-- 虐待おじさん -->
		<!-- キャンパスに接している鉱山から科学力+1 -->
		<Row>
			<ModifierId>TRAIT_MINES_SCIENCE_CAMPUS_YNL_VIOLENCE_MAN</ModifierId>
			<ModifierType>MODIFIER_PLAYER_ADJUST_PLOT_YIELD</ModifierType>
			<SubjectRequirementSetId>PLOT_ADJACENT_TO_CAMPUS_MINES_REQUIREMENTS_YNL_VIOLENCE_MAN</SubjectRequirementSetId>
		</Row>
		<!-- キャンパスに接している採石場から科学力+1 -->
		<Row>
			<ModifierId>TRAIT_QUARRY_SCIENCE_CAMPUS_YNL_VIOLENCE_MAN</ModifierId>
			<ModifierType>MODIFIER_PLAYER_ADJUST_PLOT_YIELD</ModifierType>
			<SubjectRequirementSetId>PLOT_ADJACENT_TO_CAMPUS_QUARRY_REQUIREMENTS_YNL_VIOLENCE_MAN</SubjectRequirementSetId>
		</Row>
		<!-- TNOK -->
		<!-- 都市の生産力とゴールドが3%x着任している総督のレベル分向上 -->
		<Row>
			<ModifierId>TRAIT_ADJUST_CITY_PRODUCTION_PER_GOVERNOR_TITLE_MODIFIER_YNL</ModifierId>
			<ModifierType>MODIFIER_PLAYER_CITIES_ADJUST_CITY_YIELD_MODIFIER_PER_GOVERNOR_TITLE</ModifierType>
		</Row>
		<Row>
			<ModifierId>TRAIT_ADJUST_CITY_GOLD_PER_GOVERNOR_TITLE_MODIFIER_YNL</ModifierId>
			<ModifierType>MODIFIER_PLAYER_CITIES_ADJUST_CITY_YIELD_MODIFIER_PER_GOVERNOR_TITLE</ModifierType>
		</Row>
		<!-- TDN -->
		<!-- 全ユニットの遠隔防御+7 -->
		<Row>
			<ModifierId>YNL_TDN_RANGED_DEFENSE</ModifierId>
			<ModifierType>MODIFIER_PLAYER_UNITS_ADJUST_COMBAT_STRENGTH</ModifierType>
			<SubjectRequirementSetId>YNL_TDN_RANGED_DEFENSE_REQUIREMENTS</SubjectRequirementSetId>
		</Row>
		<!-- 山岳から信仰力+2 -->
		<Row>
			<ModifierId>TRAIT_FAITH_MOUNTAIN_YNL</ModifierId>
			<ModifierType>MODIFIER_PLAYER_ADJUST_PLOT_YIELD</ModifierType>
			<SubjectRequirementSetId>REQUIREMENTS_PLOT_IS_MOUNTAIN</SubjectRequirementSetId><!-- GSにある -->
		</Row>
		<!-- 山岳から食料+1 -->
		<Row>
			<ModifierId>TRAIT_FOOD_MOUNTAIN_YNL</ModifierId>
			<ModifierType>MODIFIER_PLAYER_ADJUST_PLOT_YIELD</ModifierType>
			<SubjectRequirementSetId>REQUIREMENTS_PLOT_IS_MOUNTAIN</SubjectRequirementSetId><!-- GSにある -->
		</Row>
		<!-- 山岳に隣接した鉱山1つにつき山岳の信仰力+1 -->
		<Row>
			<ModifierId>TRAIT_FAITH_MINE_GRASS_MOUNTAIN_YNL</ModifierId>
			<ModifierType>MODIFIER_PLAYER_CITIES_ADJUST_TERRAIN_YIELD_FROM_ADJACENT_IMPROVEMENTS</ModifierType>
		</Row>
		<Row>
			<ModifierId>TRAIT_FAITH_MINE_PLAINS_MOUNTAIN_YNL</ModifierId>
			<ModifierType>MODIFIER_PLAYER_CITIES_ADJUST_TERRAIN_YIELD_FROM_ADJACENT_IMPROVEMENTS</ModifierType>
		</Row>
		<Row>
			<ModifierId>TRAIT_FAITH_MINE_DESERT_MOUNTAIN_YNL</ModifierId>
			<ModifierType>MODIFIER_PLAYER_CITIES_ADJUST_TERRAIN_YIELD_FROM_ADJACENT_IMPROVEMENTS</ModifierType>
		</Row>
		<Row>
			<ModifierId>TRAIT_FAITH_MINE_TUNDRA_MOUNTAIN_YNL</ModifierId>
			<ModifierType>MODIFIER_PLAYER_CITIES_ADJUST_TERRAIN_YIELD_FROM_ADJACENT_IMPROVEMENTS</ModifierType>
		</Row>
		<Row>
			<ModifierId>TRAIT_FAITH_MINE_SNOW_MOUNTAIN_YNL</ModifierId>
			<ModifierType>MODIFIER_PLAYER_CITIES_ADJUST_TERRAIN_YIELD_FROM_ADJACENT_IMPROVEMENTS</ModifierType>
		</Row>
		<!-- MUR -->
		<!-- 野獣先輩BBが設置されたタイルに食料+1 -->
		<Row>
			<ModifierId>TRAIT_YNL_MUR_BB_FOOD</ModifierId>
			<ModifierType>MODIFIER_PLAYER_ADJUST_PLOT_YIELD</ModifierType>
			<SubjectRequirementSetId>PLOT_HAS_YZSP_BB_REQUIREMENTS</SubjectRequirementSetId>
		</Row>
		<!-- 神秘主義、公務員制度、外交官で総督ポイント+1 -->
		<Row>
			<ModifierId>TRAIT_YNL_MUR_GOVERNOR_POINTS_CIVIC_MYSTICISM</ModifierId>
			<ModifierType>MODIFIER_PLAYER_ADJUST_GOVERNOR_POINTS</ModifierType>
			<RunOnce>true</RunOnce>
			<SubjectRequirementSetId>PLAYER_HAS_MYSTICISM_YNL_MUR</SubjectRequirementSetId>
		</Row>
		<Row>
			<ModifierId>TRAIT_YNL_MUR_GOVERNOR_POINTS_CIVIC_CIVIL_SERVICE</ModifierId>
			<ModifierType>MODIFIER_PLAYER_ADJUST_GOVERNOR_POINTS</ModifierType>
			<RunOnce>true</RunOnce>
			<SubjectRequirementSetId>PLAYER_HAS_CIVIL_SERVICE_YNL_MUR</SubjectRequirementSetId>
		</Row>
		<Row>
			<ModifierId>TRAIT_YNL_MUR_GOVERNOR_POINTS_CIVIC_DIPLOMATIC_SERVICE</ModifierId>
			<ModifierType>MODIFIER_PLAYER_ADJUST_GOVERNOR_POINTS</ModifierType>
			<RunOnce>true</RunOnce>
			<SubjectRequirementSetId>PLAYER_HAS_DIPLOMATIC_SERVICE_YNL_MUR</SubjectRequirementSetId>
		</Row>
	</Modifiers>
	<ModifierArguments>
		<!-- 田所 -->
		<!-- 兵営から生産力+3 -->
		<Row>
			<ModifierId>TRAIT_ENCAMPMENT_PRODUCTION_YZSP</ModifierId>
			<Name>YieldType</Name>
			<Value>YIELD_PRODUCTION</Value>
		</Row>
		<Row>
			<ModifierId>TRAIT_ENCAMPMENT_PRODUCTION_YZSP</ModifierId>
			<Name>Amount</Name>
			<Value>3</Value>
		</Row>
		<!-- ダムのある都市に快適性+1、文化力+2 -->
		<Row>
			<ModifierId>TRAIT_DAM_AMENITY_YZSP</ModifierId>
			<Name>Amount</Name>
			<Value>1</Value>
		</Row>
		<Row>
			<ModifierId>TRAIT_DAM_CULTURE_YZSP</ModifierId>
			<Name>YieldType</Name>
			<Value>YIELD_CULTURE</Value>
		</Row>
		<Row>
			<ModifierId>TRAIT_DAM_CULTURE_YZSP</ModifierId>
			<Name>Amount</Name>
			<Value>2</Value>
		</Row>
		<!-- 豪 -->
		<!-- ユニット撃破で科学力取得 -->
		<Row>
			<ModifierId>UNIQUE_LEADER_SCIENCE_KILLS_YNL_GO_IS_GOD</ModifierId>
			<Name>YieldType</Name>
			<Value>YIELD_SCIENCE</Value>
		</Row>
		<Row>
			<ModifierId>UNIQUE_LEADER_SCIENCE_KILLS_YNL_GO_IS_GOD</ModifierId>
			<Name>PercentDefeatedStrength</Name>
			<Value>25</Value>
		</Row>
		<!-- ユニット撃破で文化力取得 -->
		<Row>
			<ModifierId>UNIQUE_LEADER_CULTURE_KILLS_YNL_GO_IS_GOD</ModifierId>
			<Name>YieldType</Name>
			<Value>YIELD_CULTURE</Value>
		</Row>
		<Row>
			<ModifierId>UNIQUE_LEADER_CULTURE_KILLS_YNL_GO_IS_GOD</ModifierId>
			<Name>PercentDefeatedStrength</Name>
			<Value>25</Value>
		</Row>
		<!-- ユニット撃破で信仰力取得 -->
		<Row>
			<ModifierId>UNIQUE_LEADER_FAITH_KILLS_YNL_GO_IS_GOD</ModifierId>
			<Name>YieldType</Name>
			<Value>YIELD_FAITH</Value>
		</Row>
		<Row>
			<ModifierId>UNIQUE_LEADER_FAITH_KILLS_YNL_GO_IS_GOD</ModifierId>
			<Name>PercentDefeatedStrength</Name>
			<Value>10</Value>
		</Row>
		<!-- ユニット撃破でゴールド取得 -->
		<Row>
			<ModifierId>UNIQUE_LEADER_GOLD_KILLS_YNL_GO_IS_GOD</ModifierId>
			<Name>YieldType</Name>
			<Value>YIELD_GOLD</Value>
		</Row>
		<Row>
			<ModifierId>UNIQUE_LEADER_GOLD_KILLS_YNL_GO_IS_GOD</ModifierId>
			<Name>PercentDefeatedStrength</Name>
			<Value>10</Value>
		</Row>
		<!-- 虐待おじさん -->
		<!-- キャンパスに接している鉱山から科学力+1 -->
		<Row>
			<ModifierId>TRAIT_MINES_SCIENCE_CAMPUS_YNL_VIOLENCE_MAN </ModifierId>
			<Name>YieldType</Name>
			<Value>YIELD_SCIENCE</Value>
		</Row>
		<Row>
			<ModifierId>TRAIT_MINES_SCIENCE_CAMPUS_YNL_VIOLENCE_MAN </ModifierId>
			<Name>Amount</Name>
			<Value>1</Value>
		</Row>
		<!-- キャンパスに接している採石場から科学力+1 -->
		<Row>
			<ModifierId>TRAIT_QUARRY_SCIENCE_CAMPUS_YNL_VIOLENCE_MAN </ModifierId>
			<Name>YieldType</Name>
			<Value>YIELD_SCIENCE</Value>
		</Row>
		<Row>
			<ModifierId>TRAIT_QUARRY_SCIENCE_CAMPUS_YNL_VIOLENCE_MAN </ModifierId>
			<Name>Amount</Name>
			<Value>1</Value>
		</Row>
		<!-- TNOK -->
		<!-- 都市の生産力とゴールドが3%x着任している総督のレベル分向上 -->
		<Row>
			<ModifierId>TRAIT_ADJUST_CITY_PRODUCTION_PER_GOVERNOR_TITLE_MODIFIER_YNL</ModifierId>
			<Name>YieldType</Name>
			<Value>YIELD_PRODUCTION</Value>
		</Row>
		<Row>
			<ModifierId>TRAIT_ADJUST_CITY_PRODUCTION_PER_GOVERNOR_TITLE_MODIFIER_YNL</ModifierId>
			<Name>Amount</Name>
			<Value>3</Value>
		</Row>
		<Row>
			<ModifierId>TRAIT_ADJUST_CITY_GOLD_PER_GOVERNOR_TITLE_MODIFIER_YNL</ModifierId>
			<Name>YieldType</Name>
			<Value>YIELD_GOLD</Value>
		</Row>
		<Row>
			<ModifierId>TRAIT_ADJUST_CITY_GOLD_PER_GOVERNOR_TITLE_MODIFIER_YNL</ModifierId>
			<Name>Amount</Name>
			<Value>3</Value>
		</Row>
		<!-- 全ユニットの遠隔防御+7 -->
		<Row>
			<ModifierId>YNL_TDN_RANGED_DEFENSE</ModifierId>
			<Name>Amount</Name>
			<Value>7</Value>
		</Row>
		<!-- 山岳から信仰力+2 -->
		<Row>
			<ModifierId>TRAIT_FAITH_MOUNTAIN_YNL</ModifierId>
			<Name>YieldType</Name>
			<Value>YIELD_FAITH</Value>
		</Row>
		<Row>
			<ModifierId>TRAIT_FAITH_MOUNTAIN_YNL</ModifierId>
			<Name>Amount</Name>
			<Value>2</Value>
		</Row>
		<!-- 山岳から食料+1 -->
		<Row>
			<ModifierId>TRAIT_FOOD_MOUNTAIN_YNL</ModifierId>
			<Name>YieldType</Name>
			<Value>YIELD_FOOD</Value>
		</Row>
		<Row>
			<ModifierId>TRAIT_FOOD_MOUNTAIN_YNL</ModifierId>
			<Name>Amount</Name>
			<Value>1</Value>
		</Row>
		<!-- 山岳に隣接した鉱山1つにつき山岳の信仰力+1 -->
		<Row>
			<ModifierId>TRAIT_FAITH_MINE_GRASS_MOUNTAIN_YNL</ModifierId>
			<Name>TerrainType</Name>
			<Value>TERRAIN_GRASS_MOUNTAIN</Value>
		</Row>
		<Row>
			<ModifierId>TRAIT_FAITH_MINE_GRASS_MOUNTAIN_YNL</ModifierId>
			<Name>ImprovementType</Name>
			<Value>IMPROVEMENT_MINE</Value>
		</Row>
		<Row>
			<ModifierId>TRAIT_FAITH_MINE_GRASS_MOUNTAIN_YNL</ModifierId>
			<Name>YieldType</Name>
			<Value>YIELD_FAITH</Value>
		</Row>
		<Row>
			<ModifierId>TRAIT_FAITH_MINE_GRASS_MOUNTAIN_YNL</ModifierId>
			<Name>Amount</Name>
			<Value>1</Value>
		</Row>
		<Row>
			<ModifierId>TRAIT_FAITH_MINE_PLAINS_MOUNTAIN_YNL</ModifierId>
			<Name>TerrainType</Name>
			<Value>TERRAIN_PLAINS_MOUNTAIN</Value>
		</Row>
		<Row>
			<ModifierId>TRAIT_FAITH_MINE_PLAINS_MOUNTAIN_YNL</ModifierId>
			<Name>ImprovementType</Name>
			<Value>IMPROVEMENT_MINE</Value>
		</Row>
		<Row>
			<ModifierId>TRAIT_FAITH_MINE_PLAINS_MOUNTAIN_YNL</ModifierId>
			<Name>YieldType</Name>
			<Value>YIELD_FAITH</Value>
		</Row>
		<Row>
			<ModifierId>TRAIT_FAITH_MINE_PLAINS_MOUNTAIN_YNL</ModifierId>
			<Name>Amount</Name>
			<Value>1</Value>
		</Row>
		<Row>
			<ModifierId>TRAIT_FAITH_MINE_DESERT_MOUNTAIN_YNL</ModifierId>
			<Name>TerrainType</Name>
			<Value>TERRAIN_DESERT_MOUNTAIN</Value>
		</Row>
		<Row>
			<ModifierId>TRAIT_FAITH_MINE_DESERT_MOUNTAIN_YNL</ModifierId>
			<Name>ImprovementType</Name>
			<Value>IMPROVEMENT_MINE</Value>
		</Row>
		<Row>
			<ModifierId>TRAIT_FAITH_MINE_DESERT_MOUNTAIN_YNL</ModifierId>
			<Name>YieldType</Name>
			<Value>YIELD_FAITH</Value>
		</Row>
		<Row>
			<ModifierId>TRAIT_FAITH_MINE_DESERT_MOUNTAIN_YNL</ModifierId>
			<Name>Amount</Name>
			<Value>1</Value>
		</Row>
		<Row>
			<ModifierId>TRAIT_FAITH_MINE_TUNDRA_MOUNTAIN_YNL</ModifierId>
			<Name>TerrainType</Name>
			<Value>TERRAIN_TUNDRA_MOUNTAIN</Value>
		</Row>
		<Row>
			<ModifierId>TRAIT_FAITH_MINE_TUNDRA_MOUNTAIN_YNL</ModifierId>
			<Name>ImprovementType</Name>
			<Value>IMPROVEMENT_MINE</Value>
		</Row>
		<Row>
			<ModifierId>TRAIT_FAITH_MINE_TUNDRA_MOUNTAIN_YNL</ModifierId>
			<Name>YieldType</Name>
			<Value>YIELD_FAITH</Value>
		</Row>
		<Row>
			<ModifierId>TRAIT_FAITH_MINE_TUNDRA_MOUNTAIN_YNL</ModifierId>
			<Name>Amount</Name>
			<Value>1</Value>
		</Row>
		<Row>
			<ModifierId>TRAIT_FAITH_MINE_SNOW_MOUNTAIN_YNL</ModifierId>
			<Name>TerrainType</Name>
			<Value>TERRAIN_SNOW_MOUNTAIN</Value>
		</Row>
		<Row>
			<ModifierId>TRAIT_FAITH_MINE_SNOW_MOUNTAIN_YNL</ModifierId>
			<Name>ImprovementType</Name>
			<Value>IMPROVEMENT_MINE</Value>
		</Row>
		<Row>
			<ModifierId>TRAIT_FAITH_MINE_SNOW_MOUNTAIN_YNL</ModifierId>
			<Name>YieldType</Name>
			<Value>YIELD_FAITH</Value>
		</Row>
		<Row>
			<ModifierId>TRAIT_FAITH_MINE_SNOW_MOUNTAIN_YNL</ModifierId>
			<Name>Amount</Name>
			<Value>1</Value>
		</Row>
		<!-- MUR -->
		<!-- 野獣先輩BBが設置されたタイルに食料+1 -->
		<Row>
			<ModifierId>TRAIT_YNL_MUR_BB_FOOD</ModifierId>
			<Name>YieldType</Name>
			<Value>YIELD_FOOD</Value>
		</Row>
		<Row>
			<ModifierId>TRAIT_YNL_MUR_BB_FOOD</ModifierId>
			<Name>Amount</Name>
			<Value>1</Value>
		</Row>
		<!-- 神秘主義、公務員制度、外交官で総督ポイント+1 -->
		<Row>
			<ModifierId>TRAIT_YNL_MUR_GOVERNOR_POINTS_CIVIC_MYSTICISM</ModifierId>
			<Name>Delta</Name>
			<Value>1</Value>
		</Row>
		<Row>
			<ModifierId>TRAIT_YNL_MUR_GOVERNOR_POINTS_CIVIC_CIVIL_SERVICE</ModifierId>
			<Name>Delta</Name>
			<Value>1</Value>
		</Row>
		<Row>
			<ModifierId>TRAIT_YNL_MUR_GOVERNOR_POINTS_CIVIC_DIPLOMATIC_SERVICE</ModifierId>
			<Name>Delta</Name>
			<Value>1</Value>
		</Row>
	</ModifierArguments>
	<ModifierStrings>
		<Row ModifierId="YNL_TDN_RANGED_DEFENSE" Context="Preview" Text="LOC_ABILITY_NAGAO_RANGED_DEFENSE_MODIFIER_DESCRIPTION"/>
	</ModifierStrings>
	<RequirementSets>
		<!-- 条件：兵営区域 -->
		<Row>
			<RequirementSetId>DISTRICT_IS_ENCAMPMENT_PRODUCTION_YZSP</RequirementSetId>
			<RequirementSetType>REQUIREMENTSET_TEST_ALL</RequirementSetType>
		</Row>
		<!-- 条件：キャンパス区域に隣接した鉱山 -->
		<Row>
			<RequirementSetId>PLOT_ADJACENT_TO_CAMPUS_MINES_REQUIREMENTS_YNL_VIOLENCE_MAN</RequirementSetId>
			<RequirementSetType>REQUIREMENTSET_TEST_ALL</RequirementSetType>
		</Row>
		<!-- 条件：キャンパス区域に隣接した採石場 -->
		<Row>
			<RequirementSetId>PLOT_ADJACENT_TO_CAMPUS_QUARRY_REQUIREMENTS_YNL_VIOLENCE_MAN</RequirementSetId>
			<RequirementSetType>REQUIREMENTSET_TEST_ALL</RequirementSetType>
		</Row>
		<!-- 条件：遠隔攻撃を受けたとき -->
		<Row>
			<RequirementSetId>YNL_TDN_RANGED_DEFENSE_REQUIREMENTS</RequirementSetId>
			<RequirementSetType>REQUIREMENTSET_TEST_ALL</RequirementSetType>
		</Row>
		<!-- 条件：野獣先輩BBが設置されている -->
		<Row>
			<RequirementSetId>PLOT_HAS_YZSP_BB_REQUIREMENTS</RequirementSetId>
			<RequirementSetType>REQUIREMENTSET_TEST_ALL</RequirementSetType>
		</Row>
		<!-- 条件：神秘主義解禁済み -->
		<Row>
			<RequirementSetId>PLAYER_HAS_MYSTICISM_YNL_MUR</RequirementSetId>
			<RequirementSetType>REQUIREMENTSET_TEST_ALL</RequirementSetType>
		</Row>
		<!-- 条件：公務員制度済み -->
		<Row>
			<RequirementSetId>PLAYER_HAS_CIVIL_SERVICE_YNL_MUR</RequirementSetId>
			<RequirementSetType>REQUIREMENTSET_TEST_ALL</RequirementSetType>
		</Row>
		<!-- 条件：外交官解禁済み -->
		<Row>
			<RequirementSetId>PLAYER_HAS_DIPLOMATIC_SERVICE_YNL_MUR</RequirementSetId>
			<RequirementSetType>REQUIREMENTSET_TEST_ALL</RequirementSetType>
		</Row>
	</RequirementSets>
	<RequirementSetRequirements>
		<!-- 条件：兵営区域 -->
		<Row>
			<RequirementSetId>DISTRICT_IS_ENCAMPMENT_PRODUCTION_YZSP</RequirementSetId>
			<RequirementId>REQUIRES_DISTRICT_IS_ENCAMPMENT</RequirementId><!-- バニラにある -->
		</Row>
		<!-- 条件：キャンパス区域に隣接した鉱山 -->
		<Row>
			<RequirementSetId>PLOT_ADJACENT_TO_CAMPUS_MINES_REQUIREMENTS_YNL_VIOLENCE_MAN</RequirementSetId>
			<RequirementId>REQUIRES_PLOT_HAS_MINE</RequirementId><!-- バニラにある -->
		</Row>
		<Row>
			<RequirementSetId>PLOT_ADJACENT_TO_CAMPUS_MINES_REQUIREMENTS_YNL_VIOLENCE_MAN</RequirementSetId>
			<RequirementId>REQUIRES_PLOT_ADJACENT_TO_CAMPUS_YNL_VIOLENCE_MAN</RequirementId>
		</Row>
		<!-- 条件：キャンパス区域に隣接した採石場 -->
		<Row>
			<RequirementSetId>PLOT_ADJACENT_TO_CAMPUS_QUARRY_REQUIREMENTS_YNL_VIOLENCE_MAN</RequirementSetId>
			<RequirementId>REQUIRES_PLOT_HAS_QUARRY_YNL_VIOLENCE_MAN</RequirementId>
		</Row>
		<Row>
			<RequirementSetId>PLOT_ADJACENT_TO_CAMPUS_QUARRY_REQUIREMENTS_YNL_VIOLENCE_MAN</RequirementSetId>
			<RequirementId>REQUIRES_PLOT_ADJACENT_TO_CAMPUS_YNL_VIOLENCE_MAN</RequirementId>
		</Row>
		<!-- 条件：遠隔攻撃を受けたとき -->
		<Row>
			<RequirementSetId>YNL_TDN_RANGED_DEFENSE_REQUIREMENTS</RequirementSetId>
			<RequirementId>RANGED_COMBAT_REQUIREMENTS</RequirementId><!-- バニラにある -->
		</Row>
		<Row>
			<RequirementSetId>YNL_TDN_RANGED_DEFENSE_REQUIREMENTS</RequirementSetId>
			<RequirementId>PLAYER_IS_DEFENDER_REQUIREMENTS</RequirementId><!-- バニラにある -->
		</Row>
		<!-- 条件：野獣先輩BBが設置されている -->
		<Row>
			<RequirementSetId>PLOT_HAS_YZSP_BB_REQUIREMENTS</RequirementSetId>
			<RequirementId>REQUIRES_PLOT_HAS_YZSP_BB</RequirementId>
		</Row>
		<!-- 条件：神秘主義解禁済み -->
		<Row>
			<RequirementSetId>PLAYER_HAS_MYSTICISM_YNL_MUR</RequirementSetId>
			<RequirementId>REQUIRES_PLAYER_HAS_CIVIC_MYSTICISM_YNL_MUR</RequirementId>
		</Row>
		<!-- 条件：公務員制度済み -->
		<Row>
			<RequirementSetId>PLAYER_HAS_CIVIL_SERVICE_YNL_MUR</RequirementSetId>
			<RequirementId>REQUIRES_PLAYER_HAS_CIVIC_CIVIL_SERVICE_YNL_MUR</RequirementId>
		</Row>
		<!-- 条件：外交官解禁済み -->
		<Row>
			<RequirementSetId>PLAYER_HAS_DIPLOMATIC_SERVICE_YNL_MUR</RequirementSetId>
			<RequirementId>REQUIRES_PLAYER_HAS_CIVIC_DIPLOMATIC_SERVICE_YNL_MUR</RequirementId>
		</Row>
	</RequirementSetRequirements>
	<Requirements>
		<!-- 条件：採石場に隣接 -->
		<Row>
			<RequirementId>REQUIRES_PLOT_HAS_QUARRY_YNL_VIOLENCE_MAN</RequirementId>
			<RequirementType>REQUIREMENT_PLOT_IMPROVEMENT_TYPE_MATCHES</RequirementType>
		</Row>
		<!-- 条件：キャンパス区域に隣接 -->
		<Row>
			<RequirementId>REQUIRES_PLOT_ADJACENT_TO_CAMPUS_YNL_VIOLENCE_MAN</RequirementId>
			<RequirementType>REQUIREMENT_PLOT_ADJACENT_DISTRICT_TYPE_MATCHES</RequirementType>
		</Row>
		<!-- 条件：野獣先輩BBが設置されている -->
		<Row>
			<RequirementId>REQUIRES_PLOT_HAS_YZSP_BB</RequirementId>
			<RequirementType>REQUIREMENT_PLOT_IMPROVEMENT_TYPE_MATCHES</RequirementType>
		</Row>
		<!-- 条件：神秘主義解禁済み -->
		<Row>
			<RequirementId>REQUIRES_PLAYER_HAS_CIVIC_MYSTICISM_YNL_MUR</RequirementId>
			<RequirementType>REQUIREMENT_PLAYER_HAS_CIVIC</RequirementType>
		</Row>
		<!-- 条件：公務員制度済み -->
		<Row>
			<RequirementId>REQUIRES_PLAYER_HAS_CIVIC_CIVIL_SERVICE_YNL_MUR</RequirementId>
			<RequirementType>REQUIREMENT_PLAYER_HAS_CIVIC</RequirementType>
		</Row>
		<!-- 条件：外交官解禁済み -->
		<Row>
			<RequirementId>REQUIRES_PLAYER_HAS_CIVIC_DIPLOMATIC_SERVICE_YNL_MUR</RequirementId>
			<RequirementType>REQUIREMENT_PLAYER_HAS_CIVIC</RequirementType>
		</Row>
	</Requirements>
	<RequirementArguments>
		<!-- 条件：採石場に隣接 -->
		<Row>
			<RequirementId>REQUIRES_PLOT_HAS_QUARRY_YNL_VIOLENCE_MAN</RequirementId>
			<Name>ImprovementType</Name>
			<Value>IMPROVEMENT_QUARRY</Value>
		</Row>
		<!-- 条件：キャンパス区域に隣接 -->
		<Row>
			<RequirementId>REQUIRES_PLOT_ADJACENT_TO_CAMPUS_YNL_VIOLENCE_MAN</RequirementId>
			<Name>DistrictType</Name>
			<Value>DISTRICT_CAMPUS</Value>
		</Row>
		<!-- 条件：野獣先輩BBが設置されている -->
		<Row>
			<RequirementId>REQUIRES_PLOT_HAS_YZSP_BB</RequirementId>
			<Name>ImprovementType</Name>
			<Value>IMPROVEMENT_YNL_YZSP_BB</Value>
		</Row>
		<!-- 条件：神秘主義解禁済み -->
		<Row>
			<RequirementId>REQUIRES_PLAYER_HAS_CIVIC_MYSTICISM_YNL_MUR</RequirementId>
			<Name>CivicType</Name>
			<Value>CIVIC_MYSTICISM</Value>
		</Row>
		<!-- 条件：公務員制度済み -->
		<Row>
			<RequirementId>REQUIRES_PLAYER_HAS_CIVIC_CIVIL_SERVICE_YNL_MUR</RequirementId>
			<Name>CivicType</Name>
			<Value>CIVIC_CIVIL_SERVICE</Value>
		</Row>
		<!-- 条件：外交官解禁済み -->
		<Row>
			<RequirementId>REQUIRES_PLAYER_HAS_CIVIC_DIPLOMATIC_SERVICE_YNL_MUR</RequirementId>
			<Name>CivicType</Name>
			<Value>CIVIC_DIPLOMATIC_SERVICE</Value>
		</Row>
	</RequirementArguments>
	
	<!-- アジェンダ -->
	<HistoricalAgendas>
		<!-- 田所、豪：時宗と同じ -->
		<Row LeaderType="LEADER_YNL_KOJI_TADOKORO" AgendaType="AGENDA_BUSHIDO"/>
		<Row LeaderType="LEADER_YNL_GO_IS_GOD"     AgendaType="AGENDA_BUSHIDO"/>
		<!-- TNOK：ゴルゴーと同じ -->
		<Row LeaderType="LEADER_YNL_TNOK"          AgendaType="AGENDA_WITH_YOUR_SHIELD_OR_ON_IT"/>
		<!-- 虐待おじさん：ピョートルと同じ -->
		<Row LeaderType="LEADER_YNL_VIOLENCE_MAN"  AgendaType="AGENDA_WESTERNIZER"/>
		<!-- TDN：フェリペ二世と同じ -->
		<Row LeaderType="LEADER_YNL_TDN"           AgendaType="AGENDA_COUNTER_REFORMER"/>
		<!-- MUR：ギルガメシュと同じ -->
		<Row LeaderType="LEADER_YNL_MUR"           AgendaType="AGENDA_ALLY_OF_ENKIDU"/>
	</HistoricalAgendas>
	
	<!-- AIの好みの親定義 -->
	<AiListTypes>
		<!-- 田所 -->
		<Row ListType="YNL_KojiTadokoroWonders"/>
		<Row ListType="YNL_KojiTadokoroCivics"/>
		<Row ListType="YNL_KojiTadokoroTechs"/>
		<Row ListType="YNL_KojiTadokoroDistrict"/>
		<!-- 豪 -->
		<Row ListType="YNL_GoIsGodWonders"/>
		<Row ListType="YNL_GoIsGodCivics"/>
		<Row ListType="YNL_GoIsGodTechs"/>
		<Row ListType="YNL_GoIsGodDistrict"/>
		<!-- 虐待おじさん -->
		<Row ListType="YNL_ViolenceManWonders"/>
		<Row ListType="YNL_ViolenceManCivics"/>
		<Row ListType="YNL_ViolenceManTechs"/>
		<Row ListType="YNL_ViolenceManDistrict"/>
		<!-- TNOK -->
		<Row ListType="YNL_TNOKWonders"/>
		<Row ListType="YNL_TNOKCivics"/>
		<Row ListType="YNL_TNOKTechs"/>
		<Row ListType="YNL_TNOKDistrict"/>
		<!-- TDN -->
		<Row ListType="YNL_TDNWonders"/>
		<Row ListType="YNL_TDNCivics"/>
		<Row ListType="YNL_TDNTechs"/>
		<Row ListType="YNL_TDNDistrict"/>
		<!-- MUR -->
		<Row ListType="YNL_MURWonders"/>
		<Row ListType="YNL_MURCivics"/>
		<Row ListType="YNL_MURTechs"/>
		<Row ListType="YNL_MURDistrict"/>
		<Row ListType="YNL_MURGovernor"/>
	</AiListTypes>
	<!-- AIリスト -->
	<AiLists>
		<!-- 田所 -->
		<Row ListType="YNL_KojiTadokoroWonders"  LeaderType="TRAIT_LEADER_YNL_KOJI_TADOKORO" System="Buildings"/>
		<Row ListType="YNL_KojiTadokoroCivics"   LeaderType="TRAIT_LEADER_YNL_KOJI_TADOKORO" System="Civics"/>
		<Row ListType="YNL_KojiTadokoroTechs"    LeaderType="TRAIT_LEADER_YNL_KOJI_TADOKORO" System="Technologies"/>
		<Row ListType="YNL_KojiTadokoroDistrict" LeaderType="TRAIT_LEADER_YNL_KOJI_TADOKORO" System="Districts"/>
		<!-- 豪 -->
		<Row ListType="YNL_GoIsGodWonders"  LeaderType="TRAIT_LEADER_YNL_GO_IS_GOD" System="Buildings"/>
		<Row ListType="YNL_GoIsGodCivics"   LeaderType="TRAIT_LEADER_YNL_GO_IS_GOD" System="Civics"/>
		<Row ListType="YNL_GoIsGodTechs"    LeaderType="TRAIT_LEADER_YNL_GO_IS_GOD" System="Technologies"/>
		<Row ListType="YNL_GoIsGodDistrict" LeaderType="TRAIT_LEADER_YNL_GO_IS_GOD" System="Districts"/>
		<!-- 虐待おじさん -->
		<Row ListType="YNL_ViolenceManWonders"  LeaderType="TRAIT_LEADER_YNL_VIOLENCE_MAN" System="Buildings"/>
		<Row ListType="YNL_ViolenceManCivics"   LeaderType="TRAIT_LEADER_YNL_VIOLENCE_MAN" System="Civics"/>
		<Row ListType="YNL_ViolenceManTechs"    LeaderType="TRAIT_LEADER_YNL_VIOLENCE_MAN" System="Technologies"/>
		<Row ListType="YNL_ViolenceManDistrict" LeaderType="TRAIT_LEADER_YNL_VIOLENCE_MAN" System="Districts"/>
		<!-- TNOK -->
		<Row ListType="YNL_TNOKWonders"  LeaderType="TRAIT_LEADER_YNL_TNOK" System="Buildings"/>
		<Row ListType="YNL_TNOKCivics"   LeaderType="TRAIT_LEADER_YNL_TNOK" System="Civics"/>
		<Row ListType="YNL_TNOKTechs"    LeaderType="TRAIT_LEADER_YNL_TNOK" System="Technologies"/>
		<Row ListType="YNL_TNOKDistrict" LeaderType="TRAIT_LEADER_YNL_TNOK" System="Districts"/>
		<!-- TDN -->
		<Row ListType="YNL_TDNWonders"  LeaderType="TRAIT_LEADER_YNL_TDN" System="Buildings"/>
		<Row ListType="YNL_TDNCivics"   LeaderType="TRAIT_LEADER_YNL_TDN" System="Civics"/>
		<Row ListType="YNL_TDNTechs"    LeaderType="TRAIT_LEADER_YNL_TDN" System="Technologies"/>
		<Row ListType="YNL_TDNDistrict" LeaderType="TRAIT_LEADER_YNL_TDN" System="Districts"/>
		<!-- MUR -->
		<Row ListType="YNL_MURWonders"  LeaderType="TRAIT_LEADER_YNL_MUR" System="Buildings"/>
		<Row ListType="YNL_MURCivics"   LeaderType="TRAIT_LEADER_YNL_MUR" System="Civics"/>
		<Row ListType="YNL_MURTechs"    LeaderType="TRAIT_LEADER_YNL_MUR" System="Technologies"/>
		<Row ListType="YNL_MURDistrict" LeaderType="TRAIT_LEADER_YNL_MUR" System="Districts"/>
		<Row ListType="YNL_MURGovernor" LeaderType="TRAIT_LEADER_YNL_MUR" System="Buildings"/>
	</AiLists>
	<!-- 好みの設定 -->
	<AiFavoredItems>
		<!-- 田所 -->
		<!-- 大浴場、ピラミッド、ルール地方、エルミタージュ美術館、ボリショイ劇場、ゴールデンゲートブリッジ -->
		<Row ListType="YNL_KojiTadokoroWonders" Item="BUILDING_GREAT_BATH"/>
		<Row ListType="YNL_KojiTadokoroWonders" Item="BUILDING_PYRAMIDS"/>
		<Row ListType="YNL_KojiTadokoroWonders" Item="BUILDING_RUHR_VALLEY"/>
		<Row ListType="YNL_KojiTadokoroWonders" Item="BUILDING_HERMITAGE"/>
		<Row ListType="YNL_KojiTadokoroWonders" Item="BUILDING_BOLSHOI_THEATRE"/>
		<Row ListType="YNL_KojiTadokoroWonders" Item="BUILDING_GOLDEN_GATE_BRIDGE"/>
		<!-- 遊びと娯楽、政治哲学、演劇と詩、ヒューマニズム、オペラとバレエ、都市化、ソーシャルメディア-->
		<Row ListType="YNL_KojiTadokoroCivics" Item="CIVIC_GAMES_RECREATION"/>
		<Row ListType="YNL_KojiTadokoroCivics" Item="CIVIC_POLITICAL_PHILOSOPHY"/>
		<Row ListType="YNL_KojiTadokoroCivics" Item="CIVIC_DRAMA_POETRY"/>
		<Row ListType="YNL_KojiTadokoroCivics" Item="CIVIC_HUMANISM"/>
		<Row ListType="YNL_KojiTadokoroCivics" Item="CIVIC_OPERA_BALLET"/>
		<Row ListType="YNL_KojiTadokoroCivics" Item="CIVIC_URBANIZATION"/>
		<Row ListType="YNL_KojiTadokoroCivics" Item="CIVIC_SOCIAL_MEDIA"/>
		<!-- 弓術、通貨、軍事工学、火薬、印刷、 コンピューター、工業化 -->
		<Row ListType="YNL_KojiTadokoroTechs" Item="TECH_ARCHERY"/>
		<Row ListType="YNL_KojiTadokoroTechs" Item="TECH_CURRENCY"/>
		<Row ListType="YNL_KojiTadokoroTechs" Item="TECH_MILITARY_ENGINEERING"/>
		<Row ListType="YNL_KojiTadokoroTechs" Item="TECH_GUNPOWDER"/>
		<Row ListType="YNL_KojiTadokoroTechs" Item="TECH_PRINTING"/>
		<Row ListType="YNL_KojiTadokoroTechs" Item="TECH_COMPUTERS"/>
		<Row ListType="YNL_KojiTadokoroTechs" Item="TECH_INDUSTRIALIZATION"/>
		<!-- 劇場広場、兵営 -->
		<Row ListType="YNL_KojiTadokoroDistrict" Item="DISTRICT_THEATER" Favored="true"/>
		<Row ListType="YNL_KojiTadokoroDistrict" Item="DISTRICT_ENCAMPMENT" Favored="true"/>
		
		<!-- 豪 -->
		<!-- 大浴場、ピラミッド、ルール地方、エルミタージュ美術館、ボリショイ劇場、ゴールデンゲートブリッジ -->
		<Row ListType="YNL_GoIsGodWonders" Item="BUILDING_GREAT_BATH"/>
		<Row ListType="YNL_GoIsGodWonders" Item="BUILDING_PYRAMIDS"/>
		<Row ListType="YNL_GoIsGodWonders" Item="BUILDING_RUHR_VALLEY"/>
		<Row ListType="YNL_GoIsGodWonders" Item="BUILDING_HERMITAGE"/>
		<Row ListType="YNL_GoIsGodWonders" Item="BUILDING_BOLSHOI_THEATRE"/>
		<Row ListType="YNL_GoIsGodWonders" Item="BUILDING_GOLDEN_GATE_BRIDGE"/>
		<!-- 遊びと娯楽、政治哲学、演劇と詩、ヒューマニズム、オペラとバレエ、都市化、ソーシャルメディア-->
		<Row ListType="YNL_GoIsGodCivics" Item="CIVIC_GAMES_RECREATION"/>
		<Row ListType="YNL_GoIsGodCivics" Item="CIVIC_POLITICAL_PHILOSOPHY"/>
		<Row ListType="YNL_GoIsGodCivics" Item="CIVIC_DRAMA_POETRY"/>
		<Row ListType="YNL_GoIsGodCivics" Item="CIVIC_HUMANISM"/>
		<Row ListType="YNL_GoIsGodCivics" Item="CIVIC_OPERA_BALLET"/>
		<Row ListType="YNL_GoIsGodCivics" Item="CIVIC_URBANIZATION"/>
		<Row ListType="YNL_GoIsGodCivics" Item="CIVIC_SOCIAL_MEDIA"/>
		<!-- 通貨、青銅器、工学、軍事工学、鋳造、印刷、 コンピューター、工業化 -->
		<Row ListType="YNL_GoIsGodTechs" Item="TECH_CURRENCY"/>
		<Row ListType="YNL_GoIsGodTechs" Item="TECH_BRONZE_WORKING"/>
		<Row ListType="YNL_GoIsGodTechs" Item="TECH_ENGINEERING"/>
		<Row ListType="YNL_GoIsGodTechs" Item="TECH_MILITARY_ENGINEERING"/>
		<Row ListType="YNL_GoIsGodTechs" Item="TECH_METAL_CASTING"/>
		<Row ListType="YNL_GoIsGodTechs" Item="TECH_PRINTING"/>
		<Row ListType="YNL_GoIsGodTechs" Item="TECH_COMPUTERS"/>
		<Row ListType="YNL_GoIsGodTechs" Item="TECH_INDUSTRIALIZATION"/>
		<!-- 劇場広場、総合娯楽施設 -->
		<Row ListType="YNL_GoIsGodDistrict" Item="DISTRICT_THEATER" Favored="true"/>
		<Row ListType="YNL_GoIsGodDistrict" Item="DISTRICT_ENTERTAINMENT_COMPLEX" Favored="true"/>

		<!-- 虐待おじさん -->
		<!-- アレキサンドリア図書館、ピラミッド、サンコーレ大学、紫禁城、ビッグベン、オックスフォード大学 -->
		<Row ListType="YNL_ViolenceManWonders" Item="BUILDING_GREAT_LIBRARY"/>
		<Row ListType="YNL_ViolenceManWonders" Item="BUILDING_PYRAMIDS"/>
		<Row ListType="YNL_ViolenceManWonders" Item="BUILDING_UNIVERSITY_SANKORE"/>
		<Row ListType="YNL_ViolenceManWonders" Item="BUILDING_FORBIDDEN_CITY"/>
		<Row ListType="YNL_ViolenceManWonders" Item="BUILDING_BIG_BEN"/>
		<Row ListType="YNL_ViolenceManWonders" Item="BUILDING_OXFORD_UNIVERSITY"/>
		<!-- 労働徴発、政治哲学、演劇と詩、ヒューマニズム、ナショナリズム、戦時動員、核開発-->
		<Row ListType="YNL_ViolenceManCivics" Item="CIVIC_STATE_WORKFORCE"/>
		<Row ListType="YNL_ViolenceManCivics" Item="CIVIC_POLITICAL_PHILOSOPHY"/>
		<Row ListType="YNL_ViolenceManCivics" Item="CIVIC_DRAMA_POETRY"/>
		<Row ListType="YNL_ViolenceManCivics" Item="CIVIC_HUMANISM"/>
		<Row ListType="YNL_ViolenceManCivics" Item="CIVIC_NATIONALISM"/>
		<Row ListType="YNL_ViolenceManCivics" Item="CIVIC_MOBILIZATION"/>
		<Row ListType="YNL_ViolenceManCivics" Item="CIVIC_NUCLEAR_PROGRAM"/>
		<!-- 弓術、徒弟制度、機械、軍事工学、火薬、科学理論、弾道学、工業化 -->
		<Row ListType="YNL_ViolenceManTechs" Item="TECH_ARCHERY"/>
		<Row ListType="YNL_ViolenceManTechs" Item="TECH_APPRENTICESHIP"/>
		<Row ListType="YNL_ViolenceManTechs" Item="TECH_MACHINERY"/>
		<Row ListType="YNL_ViolenceManTechs" Item="TECH_MILITARY_ENGINEERING"/>
		<Row ListType="YNL_ViolenceManTechs" Item="TECH_GUNPOWDER"/>
		<Row ListType="YNL_ViolenceManTechs" Item="TECH_SCIENTIFIC_THEORY"/>
		<Row ListType="YNL_ViolenceManTechs" Item="TECH_BALLISTICS"/>
		<Row ListType="YNL_ViolenceManTechs" Item="TECH_INDUSTRIALIZATION"/>
		<!-- キャンパス -->
		<Row ListType="YNL_ViolenceManDistrict" Item="DISTRICT_CAMPUS" Favored="true"/>

		<!-- TNOK -->
		<!-- 兵馬俑、ピラミッド、アルハンブラ宮殿、紫禁城、ビッグベン、ルール地方 -->
		<Row ListType="YNL_TNOKWonders" Item="BUILDING_TERRACOTTA_ARMY"/>
		<Row ListType="YNL_TNOKWonders" Item="BUILDING_PYRAMIDS"/>
		<Row ListType="YNL_TNOKWonders" Item="BUILDING_ALHAMBRA"/>
		<Row ListType="YNL_TNOKWonders" Item="BUILDING_FORBIDDEN_CITY"/>
		<Row ListType="YNL_TNOKWonders" Item="BUILDING_BIG_BEN"/>
		<Row ListType="YNL_TNOKWonders" Item="BUILDING_RUHR_VALLEY"/>
		<!-- 軍事訓練、政治哲学、演劇と詩、ヒューマニズム、ナショナリズム、戦時動員、核開発-->
		<Row ListType="YNL_TNOKCivics" Item="CIVIC_MILITARY_TRAINING"/>
		<Row ListType="YNL_TNOKCivics" Item="CIVIC_POLITICAL_PHILOSOPHY"/>
		<Row ListType="YNL_TNOKCivics" Item="CIVIC_DRAMA_POETRY"/>
		<Row ListType="YNL_TNOKCivics" Item="CIVIC_HUMANISM"/>
		<Row ListType="YNL_TNOKCivics" Item="CIVIC_NATIONALISM"/>
		<Row ListType="YNL_TNOKCivics" Item="CIVIC_MOBILIZATION"/>
		<Row ListType="YNL_TNOKCivics" Item="CIVIC_NUCLEAR_PROGRAM"/>
		<!-- 通貨、騎乗、青銅器、あぶみ、城、軍事学、蒸気機関、工業化 -->
		<Row ListType="YNL_TNOKTechs" Item="TECH_CURRENCY"/>
		<Row ListType="YNL_TNOKTechs" Item="TECH_HORSEBACK_RIDING"/>
		<Row ListType="YNL_TNOKTechs" Item="TECH_BRONZE_WORKING"/>
		<Row ListType="YNL_TNOKTechs" Item="TECH_STIRRUPS"/>
		<Row ListType="YNL_TNOKTechs" Item="TECH_CASTLES"/>
		<Row ListType="YNL_TNOKTechs" Item="TECH_MILITARY_SCIENCE"/>
		<Row ListType="YNL_TNOKTechs" Item="TECH_STEAM_POWER"/>
		<Row ListType="YNL_TNOKTechs" Item="TECH_INDUSTRIALIZATION"/>
		<!-- 商業ハブ、兵営 -->
		<Row ListType="YNL_TNOKDistrict" Item="DISTRICT_COMMERCIAL_HUB" Favored="true"/>
		<Row ListType="YNL_TNOKDistrict" Item="DISTRICT_ENCAMPMENT" Favored="true"/>

		<!-- TDN -->
		<!-- ストーンヘンジ、アポロン神殿、マハーボーディー寺院、ハギアソフィア、モンサンミシェル、ミナークシアンマン寺院 -->
		<Row ListType="YNL_TDNWonders" Item="BUILDING_STONEHENGE"/>
		<Row ListType="YNL_TDNWonders" Item="BUILDING_ORACLE"/>
		<Row ListType="YNL_TDNWonders" Item="BUILDING_MAHABODHI_TEMPLE"/>
		<Row ListType="YNL_TDNWonders" Item="BUILDING_HAGIA_SOPHIA"/>
		<Row ListType="YNL_TDNWonders" Item="BUILDING_MONT_ST_MICHEL"/>
		<Row ListType="YNL_TDNWonders" Item="BUILDING_MEENAKSHI_TEMPLE"/>
		<!-- 神秘主義、政治哲学、神学、王権神授説、宗教改革、ナショナリズム、戦時動員-->
		<Row ListType="YNL_TDNCivics" Item="CIVIC_MYSTICISM"/>
		<Row ListType="YNL_TDNCivics" Item="CIVIC_POLITICAL_PHILOSOPHY"/>
		<Row ListType="YNL_TDNCivics" Item="CIVIC_THEOLOGY"/>
		<Row ListType="YNL_TDNCivics" Item="CIVIC_DIVINE_RIGHT"/>
		<Row ListType="YNL_TDNCivics" Item="CIVIC_REFORMED_CHURCH"/>
		<Row ListType="YNL_TDNCivics" Item="CIVIC_NATIONALISM"/>
		<Row ListType="YNL_TDNCivics" Item="CIVIC_MOBILIZATION"/>
		<!-- 通貨、騎乗、青銅器、あぶみ、城、軍事学、蒸気機関、工業化 -->
		<Row ListType="YNL_TDNTechs" Item="TECH_CURRENCY"/>
		<Row ListType="YNL_TDNTechs" Item="TECH_HORSEBACK_RIDING"/>
		<Row ListType="YNL_TDNTechs" Item="TECH_BRONZE_WORKING"/>
		<Row ListType="YNL_TDNTechs" Item="TECH_STIRRUPS"/>
		<Row ListType="YNL_TDNTechs" Item="TECH_CASTLES"/>
		<Row ListType="YNL_TDNTechs" Item="TECH_MILITARY_SCIENCE"/>
		<Row ListType="YNL_TDNTechs" Item="TECH_STEAM_POWER"/>
		<Row ListType="YNL_TDNTechs" Item="TECH_INDUSTRIALIZATION"/>
		<!-- 聖地 -->
		<Row ListType="YNL_TDNDistrict" Item="DISTRICT_HOLY_SITE" Favored="true"/>

		<!-- MUR -->
		<!-- 大浴場、兵馬俑、ルール地方、エルミタージュ美術館、ボリショイ劇場、ゴールデンゲートブリッジ -->
		<Row ListType="YNL_MURWonders" Item="BUILDING_GREAT_BATH"/>
		<Row ListType="YNL_MURWonders" Item="BUILDING_TERRACOTTA_ARMY"/>
		<Row ListType="YNL_MURWonders" Item="BUILDING_RUHR_VALLEY"/>
		<Row ListType="YNL_MURWonders" Item="BUILDING_HERMITAGE"/>
		<Row ListType="YNL_MURWonders" Item="BUILDING_BOLSHOI_THEATRE"/>
		<Row ListType="YNL_MURWonders" Item="BUILDING_GOLDEN_GATE_BRIDGE"/>
		<!-- 政治哲学、軍事訓練、演劇と詩、ヒューマニズム、オペラとバレエ、都市化、ソーシャルメディア-->
		<Row ListType="YNL_MURCivics" Item="CIVIC_POLITICAL_PHILOSOPHY"/>
		<Row ListType="YNL_MURCivics" Item="CIVIC_MILITARY_TRAINING"/>
		<Row ListType="YNL_MURCivics" Item="CIVIC_DRAMA_POETRY"/>
		<Row ListType="YNL_MURCivics" Item="CIVIC_HUMANISM"/>
		<Row ListType="YNL_MURCivics" Item="CIVIC_OPERA_BALLET"/>
		<Row ListType="YNL_MURCivics" Item="CIVIC_URBANIZATION"/>
		<Row ListType="YNL_MURCivics" Item="CIVIC_SOCIAL_MEDIA"/>
		<!-- 青銅器、通貨、軍事工学、鋳造、印刷、 コンピューター、工業化 -->
		<Row ListType="YNL_MURTechs" Item="TECH_BRONZE_WORKING"/>
		<Row ListType="YNL_MURTechs" Item="TECH_CURRENCY"/>
		<Row ListType="YNL_MURTechs" Item="TECH_MILITARY_ENGINEERING"/>
		<Row ListType="YNL_MURTechs" Item="TECH_METAL_CASTING"/>
		<Row ListType="YNL_MURTechs" Item="TECH_PRINTING"/>
		<Row ListType="YNL_MURTechs" Item="TECH_COMPUTERS"/>
		<Row ListType="YNL_MURTechs" Item="TECH_INDUSTRIALIZATION"/>
		<!-- 政府複合施設、劇場広場、ハンマーム -->
		<Row ListType="YNL_MURDistrict" Item="DISTRICT_GOVERNMENT" Favored="true"/>
		<Row ListType="YNL_MURDistrict" Item="DISTRICT_THEATER" Favored="true"/>
		<Row ListType="YNL_MURDistrict" Item="DISTRICT_YNL_HAMAM" Favored="true"/>
		<!-- 総督 -->
		<Row ListType="YNL_MURGovernor" Item="PSEUDOYIELD_GOVERNOR" Value="50"/>
	</AiFavoredItems>

	<!-- ローディング画面、外交画面 -->
	<LoadingInfo>
		<Row LeaderType="LEADER_YNL_KOJI_TADOKORO" BackgroundImage="ynl_KojiTadokoro_loading.dds" ForegroundImage="FALLBACK_NEUTRAL_LEADER_YNL_KOJI_TADOKORO.dds" LeaderText="LOC_LEADER_YNL_KOJI_TADOKORO_DOM_TEXT" PlayDawnOfManAudio="1"/>
		<Row LeaderType="LEADER_YNL_GO_IS_GOD"     BackgroundImage="ynl_KojiTadokoro_loading.dds" ForegroundImage="FALLBACK_NEUTRAL_LEADER_YNL_GO_IS_GOD.dds"     LeaderText="LOC_LEADER_YNL_GO_IS_GOD_DOM_TEXT"     PlayDawnOfManAudio="1"/>
		<Row LeaderType="LEADER_YNL_VIOLENCE_MAN"  BackgroundImage="ynl_KojiTadokoro_loading.dds" ForegroundImage="FALLBACK_NEUTRAL_LEADER_YNL_VIOLENCE_MAN.dds"  LeaderText="LOC_LEADER_YNL_VIOLENCE_MAN_DOM_TEXT"  PlayDawnOfManAudio="1"/>
		<Row LeaderType="LEADER_YNL_TNOK"          BackgroundImage="ynl_KojiTadokoro_loading.dds" ForegroundImage="FALLBACK_NEUTRAL_LEADER_YNL_TNOK.dds"          LeaderText="LOC_LEADER_YNL_TNOK_DOM_TEXT"          PlayDawnOfManAudio="1"/>
		<Row LeaderType="LEADER_YNL_TDN"           BackgroundImage="ynl_KojiTadokoro_loading.dds" ForegroundImage="FALLBACK_NEUTRAL_LEADER_YNL_TDN.dds"           LeaderText="LOC_LEADER_YNL_TDN_DOM_TEXT"           PlayDawnOfManAudio="1"/>
		<Row LeaderType="LEADER_YNL_MUR"           BackgroundImage="ynl_KojiTadokoro_loading.dds" ForegroundImage="FALLBACK_NEUTRAL_LEADER_YNL_MUR.dds"           LeaderText="LOC_LEADER_YNL_MUR_DOM_TEXT"           PlayDawnOfManAudio="1"/>
	</LoadingInfo>
	<DiplomacyInfo>
		<Row Type="LEADER_YNL_KOJI_TADOKORO" BackgroundImage="ynl_KojiTadokoro_diplomacy.dds"/>
		<Row Type="LEADER_YNL_GO_IS_GOD"     BackgroundImage="ynl_KojiTadokoro_diplomacy.dds"/>
		<Row Type="LEADER_YNL_VIOLENCE_MAN"  BackgroundImage="ynl_KojiTadokoro_diplomacy.dds"/>
		<Row Type="LEADER_YNL_TNOK"          BackgroundImage="ynl_KojiTadokoro_diplomacy.dds"/>
		<Row Type="LEADER_YNL_TDN"           BackgroundImage="ynl_KojiTadokoro_diplomacy.dds"/>
		<Row Type="LEADER_YNL_MUR"           BackgroundImage="ynl_KojiTadokoro_diplomacy.dds"/>
	</DiplomacyInfo>
	
	<!-- 好む宗教 -->
	<FavoredReligions>
		<Row LeaderType="LEADER_YNL_KOJI_TADOKORO" ReligionType="RELIGION_ISLAM"/>
		<Row LeaderType="LEADER_YNL_GO_IS_GOD"     ReligionType="RELIGION_JUDAISM"/>
		<Row LeaderType="LEADER_YNL_VIOLENCE_MAN"  ReligionType="RELIGION_SHINTO"/>
		<Row LeaderType="LEADER_YNL_TNOK"          ReligionType="RELIGION_ZOROASTRIANISM"/>
		<Row LeaderType="LEADER_YNL_TDN"           ReligionType="RELIGION_CATHOLICISM"/>
		<Row LeaderType="LEADER_YNL_MUR"           ReligionType="RELIGION_SIKHISM"/>
	</FavoredReligions>
</GameData>
