<?xml version="1.0" encoding="utf-8"?>
<GameData>
	<LocalizedText>
		<Replace Tag="LOC_MAP_YZSP_NAME" Language="en_US">
			<Text>[YBG]Fiction Middle East</Text>
		</Replace>
		<Replace Tag="LOC_MAP_YZSP_GS_NAME" Language="en_US">
			<Text>[YBG]Fiction Middle East(GS)</Text>
		</Replace>
		<Replace Tag="LOC_MAP_YZSP_DESCRIPTION" Language="en_US">
			<Text>this is a fiction middle east map by yosxpeee</Text>
		</Replace>
		<Replace Tag="LOC_MAP_YZSP2_NAME" Language="en_US">
			<Text>[YBG]Flooded Pangea</Text>
		</Replace>
		<Replace Tag="LOC_MAP_YZSP2_GS_NAME" Language="en_US">
			<Text>[YBG]Flooded Pangea(GS)</Text>
		</Replace>
		<Replace Tag="LOC_MAP_YZSP2_DESCRIPTION" Language="en_US">
			<Text>this is a flooded pangea map by yosxpeee</Text>
		</Replace>
	</LocalizedText>
</GameData>