<?xml version="1.0" encoding="utf-8"?>
<GameData>
	<Types>
		<Row Type="BUILDING_TEMPLE_OF_TIME" Kind="KIND_BUILDING"/>
		<Row Type="TRAIT_CIVILIZATION_BUILDING_TEMPLE_OF_TIME" Kind="KIND_TRAIT" />
	</Types>

	<Traits>
		<Row TraitType="TRAIT_CIVILIZATION_BUILDING_TEMPLE_OF_TIME" Name="LOC_TRAIT_CIVILIZATION_BUILDING_TEMPLE_OF_TIME_NAME"/>
	</Traits>

	<CivilizationTraits>
		<Row CivilizationType="CIVILIZATION_HYLIAN" TraitType="TRAIT_CIVILIZATION_BUILDING_TEMPLE_OF_TIME"/>
	</CivilizationTraits>

	<Buildings>
		<Row BuildingType="BUILDING_TEMPLE_OF_TIME"
             Name="LOC_BUILDING_TEMPLE_OF_TIME_NAME"
             Description="LOC_BUILDING_TEMPLE_OF_TIME_DESCRIPTION"
             PrereqCivic="CIVIC_THEOLOGY"
             PrereqDistrict="DISTRICT_HOLY_SITE"
             PurchaseYield="YIELD_GOLD"
             Cost="105" Maintenance="3"
             AdvisorType="ADVISOR_GENERIC"
             CitizenSlots="1"
             TraitType="TRAIT_CIVILIZATION_BUILDING_TEMPLE_OF_TIME"/>
	</Buildings>

	<BuildingReplaces>
		<Row CivUniqueBuildingType="BUILDING_TEMPLE_OF_TIME" ReplacesBuildingType="BUILDING_TEMPLE"/>
	</BuildingReplaces>

	<Building_YieldChanges>
		<Row BuildingType="BUILDING_TEMPLE_OF_TIME" YieldType="YIELD_FAITH" YieldChange="4"/>
	</Building_YieldChanges>

	<Building_GreatPersonPoints>
		<Row BuildingType="BUILDING_TEMPLE_OF_TIME" GreatPersonClassType="GREAT_PERSON_CLASS_PROPHET" PointsPerTurn="1"/>
		<Row BuildingType="BUILDING_TEMPLE_OF_TIME" GreatPersonClassType="GREAT_PERSON_CLASS_MUSICIAN" PointsPerTurn="1"/>
	</Building_GreatPersonPoints>
	<BuildingPrereqs>
		<Row Building="BUILDING_TEMPLE_OF_TIME" PrereqBuilding="BUILDING_SHRINE"/>
	</BuildingPrereqs>
	<Building_GreatWorks>
		<Row BuildingType="BUILDING_TEMPLE_OF_TIME" GreatWorkSlotType="GREATWORKSLOT_RELIC" NumSlots="1" />
		<Row BuildingType="BUILDING_TEMPLE_OF_TIME" GreatWorkSlotType="GREATWORKSLOT_MUSIC" NumSlots="2" />
	</Building_GreatWorks>
</GameData>
