<?xml version="1.0" encoding="utf-8"?>
<GameData>
	<!-- 歴史年表 -->
	<MomentIllustrations>
		<!-- 迫真空手部員 -->
		<Row MomentIllustrationType="MOMENT_ILLUSTRATION_UNIQUE_UNIT"
			 MomentDataType="MOMENT_DATA_UNIT"
			 GameDataType="UNIT_YNL_HAKUSHIN_KARATE"
			 Texture="YNL_MOMENT_UNIT_YNL_HAKUSHIN_KARATE.dds"/>
		<!-- 野獣先輩BB -->
		<Row MomentIllustrationType="MOMENT_ILLUSTRATION_UNIQUE_IMPROVEMENT"
			 MomentDataType="MOMENT_DATA_IMPROVEMENT"
			 GameDataType="IMPROVEMENT_YNL_YZSP_BB"
			 Texture="YNL_MOMENT_IMPROVEMENT_YNL_YZSP_BB.dds"/>
		<!-- 屋上 -->
		<Row MomentIllustrationType="MOMENT_ILLUSTRATION_UNIQUE_BUILDING"
			 MomentDataType="MOMENT_DATA_BUILDING"
			 GameDataType="BUILDING_YNL_ROOFTOP"
			 Texture="YNL_MOMENT_BUILDING_YNL_ROOFTOP.dds"/>
		<!-- 娼館 -->
		<Row MomentIllustrationType="MOMENT_ILLUSTRATION_UNIQUE_BUILDING"
			 MomentDataType="MOMENT_DATA_BUILDING"
			 GameDataType="BUILDING_YNL_BROTHEL"
			 Texture="YNL_MOMENT_BUILDING_YNL_BROTHEL.dds"/>
		<!-- 拷問器具工房 -->
		<Row MomentIllustrationType="MOMENT_ILLUSTRATION_UNIQUE_BUILDING"
			 MomentDataType="MOMENT_DATA_BUILDING"
			 GameDataType="BUILDING_YNL_TORTURE_WORKSHOP"
			 Texture="YNL_MOMENT_BUILDING_YNL_TORTURE_WORKSHOP.dds"/>
		<!-- 組事務所 -->
		<Row MomentIllustrationType="MOMENT_ILLUSTRATION_UNIQUE_DISTRICT"
			 MomentDataType="MOMENT_DATA_DISTRICT"
			 GameDataType="DISTRICT_YNL_OUTLAW_OFFICE"
			 Texture="YNL_MOMENT_DISTRICT_YNL_OUTLAW_OFFICE.dds"/>
		<!-- 黒塗りの高級車 -->
		<Row MomentIllustrationType="MOMENT_ILLUSTRATION_UNIQUE_UNIT"
			 MomentDataType="MOMENT_DATA_UNIT"
			 GameDataType="UNIT_YNL_BLACK_CAR"
			 Texture="YNL_MOMENT_UNIT_YNL_BLACK_CAR.dds"/>
		<!-- 極道の黒備え -->
		<Row MomentIllustrationType="MOMENT_ILLUSTRATION_UNIQUE_UNIT"
			 MomentDataType="MOMENT_DATA_UNIT"
			 GameDataType="UNIT_YNL_BLACK_CAVALRY"
			 Texture="YNL_MOMENT_UNIT_YNL_BLACK_CAVALRY.dds"/>
		<!-- オナガー -->
		<Row MomentIllustrationType="MOMENT_ILLUSTRATION_UNIQUE_UNIT"
			 MomentDataType="MOMENT_DATA_UNIT"
			 GameDataType="UNIT_YNL_ONAGER"
			 Texture="YNL_MOMENT_UNIT_YNL_ONAGER.dds"/>
		<!-- 国崩し-->
		<Row MomentIllustrationType="MOMENT_ILLUSTRATION_UNIQUE_UNIT"
			 MomentDataType="MOMENT_DATA_UNIT"
			 GameDataType="UNIT_YNL_KUNIKUZUSHI"
			 Texture="YNL_MOMENT_UNIT_YNL_KUNIKUZUSHI.dds"/>
	</MomentIllustrations>
</GameData>
