<?xml version="1.0" encoding="utf-8"?>
<GameData>
	<Types>
		<Row Type="UNIT_YNL_ASSASSIN" Kind="KIND_UNIT"/>
	</Types>
	<!-- UnitのAIの動き -->
	<UnitAiInfos>
		<Row UnitType="UNIT_YNL_ASSASSIN" AiType="UNITAI_COMBAT"/>			<!-- 戦闘ユニット -->
		<Row UnitType="UNIT_YNL_ASSASSIN" AiType="UNITAI_EXPLORE"/>			<!-- 探索する -->
		<Row UnitType="UNIT_YNL_ASSASSIN" AiType="UNITTYPE_MELEE"/>			<!-- 近接ユニット -->
		<Row UnitType="UNIT_YNL_ASSASSIN" AiType="UNITTYPE_LAND_COMBAT"/>	<!-- 陸上タイプ -->
	</UnitAiInfos>
	<!-- TypeとTagの紐付け -->
	<TypeTags>
		<!-- ステルス、HP減少で戦闘力が落ちない -->
		<Row Type="UNIT_YNL_ASSASSIN" Tag="CLASS_MELEE"/>
		<Row Type="UNIT_YNL_ASSASSIN" Tag="CLASS_STEALTH"/>
		<Row Type="UNIT_YNL_ASSASSIN" Tag="CLASS_SAMURAI"/>
	</TypeTags>
	<Units>
		<Row UnitType="UNIT_YNL_ASSASSIN" Cost="150" Maintenance="3" BaseMoves="3" BaseSightRange="2" ZoneOfControl="true" Domain="DOMAIN_LAND" Combat="48" FormationClass="FORMATION_CLASS_LAND_COMBAT" PromotionClass="PROMOTION_CLASS_MELEE" AdvisorType="ADVISOR_CONQUEST" Name="LOC_UNIT_YNL_ASSASSIN_NAME" Description="LOC_UNIT_YNL_ASSASSIN_DESCRIPTION" PurchaseYield="YIELD_GOLD" MandatoryObsoleteTech="TECH_REPLACEABLE_PARTS" TraitType="TRAIT_CIVILIZATION_UNIT_YNL_ASSASSIN" PrereqCivic="CIVIC_FEUDALISM"/>
	</Units>
	<!-- ユニットのアップグレード先 -->
	<UnitUpgrades>
		<Row Unit="UNIT_YNL_ASSASSIN" UpgradeUnit="UNIT_MUSKETMAN"/>
	</UnitUpgrades>
	<!-- ユニットの置換元 -->
	<UnitReplaces>
		<Row CivUniqueUnitType="UNIT_YNL_ASSASSIN" ReplacesUnitType="UNIT_MAN_AT_ARMS"/>
	</UnitReplaces>
</GameData>
