<?xml version="1.0" encoding="utf-8"?>
<GameData>
	<IconTextureAtlases>
		<!-- 指導者アイコン -->
		<Row Name="ICON_ATLAS_YNL_KING_HASSAN_LEADER" IconSize="32"  IconsPerRow="1" IconsPerColumn="1" Filename="ICON_YNL_KING_HASSAN32"/>
		<Row Name="ICON_ATLAS_YNL_KING_HASSAN_LEADER" IconSize="45"  IconsPerRow="1" IconsPerColumn="1" Filename="ICON_YNL_KING_HASSAN45"/>
		<Row Name="ICON_ATLAS_YNL_KING_HASSAN_LEADER" IconSize="50"  IconsPerRow="1" IconsPerColumn="1" Filename="ICON_YNL_KING_HASSAN50"/>
		<Row Name="ICON_ATLAS_YNL_KING_HASSAN_LEADER" IconSize="55"  IconsPerRow="1" IconsPerColumn="1" Filename="ICON_YNL_KING_HASSAN55"/>
		<Row Name="ICON_ATLAS_YNL_KING_HASSAN_LEADER" IconSize="64"  IconsPerRow="1" IconsPerColumn="1" Filename="ICON_YNL_KING_HASSAN64"/>
		<Row Name="ICON_ATLAS_YNL_KING_HASSAN_LEADER" IconSize="80"  IconsPerRow="1" IconsPerColumn="1" Filename="ICON_YNL_KING_HASSAN80"/>
		<Row Name="ICON_ATLAS_YNL_KING_HASSAN_LEADER" IconSize="256" IconsPerRow="1" IconsPerColumn="1" Filename="ICON_YNL_KING_HASSAN256"/>
		<!-- 文明アイコン -->
		<Row Name="ICON_ATLAS_CIVILIZATION_NIZARI" IconSize="22"  IconsPerRow="1" IconsPerColumn="1" Filename="ICON_CIV_NIZARI22.dds"/>
		<Row Name="ICON_ATLAS_CIVILIZATION_NIZARI" IconSize="30"  IconsPerRow="1" IconsPerColumn="1" Filename="ICON_CIV_NIZARI30.dds"/>
		<Row Name="ICON_ATLAS_CIVILIZATION_NIZARI" IconSize="36"  IconsPerRow="1" IconsPerColumn="1" Filename="ICON_CIV_NIZARI36.dds"/>
		<Row Name="ICON_ATLAS_CIVILIZATION_NIZARI" IconSize="44"  IconsPerRow="1" IconsPerColumn="1" Filename="ICON_CIV_NIZARI44.dds"/>
		<Row Name="ICON_ATLAS_CIVILIZATION_NIZARI" IconSize="45"  IconsPerRow="1" IconsPerColumn="1" Filename="ICON_CIV_NIZARI45.dds"/>	<!--Baked in color-->
		<Row Name="ICON_ATLAS_CIVILIZATION_NIZARI" IconSize="48"  IconsPerRow="1" IconsPerColumn="1" Filename="ICON_CIV_NIZARI48.dds"/>
		<Row Name="ICON_ATLAS_CIVILIZATION_NIZARI" IconSize="50"  IconsPerRow="1" IconsPerColumn="1" Filename="ICON_CIV_NIZARI50.dds"/>
		<Row Name="ICON_ATLAS_CIVILIZATION_NIZARI" IconSize="64"  IconsPerRow="1" IconsPerColumn="1" Filename="ICON_CIV_NIZARI64.dds"/>
		<Row Name="ICON_ATLAS_CIVILIZATION_NIZARI" IconSize="80"  IconsPerRow="1" IconsPerColumn="1" Filename="ICON_CIV_NIZARI80.dds"/>
		<Row Name="ICON_ATLAS_CIVILIZATION_NIZARI" IconSize="256" IconsPerRow="1" IconsPerColumn="1" Filename="ICON_CIV_NIZARI256.dds"/>
		<!-- ユニークユニットアイコン -->
		<Row Name="ICON_ATLAS_YNL_ASSASSIN_SYMBOLS_WHITE" IconSize="22"  IconsPerRow="1" IconsPerColumn="1" Filename="ICON_YNL_ASSASSIN22.dds"/>
		<Row Name="ICON_ATLAS_YNL_ASSASSIN_SYMBOLS_WHITE" IconSize="32"  IconsPerRow="1" IconsPerColumn="1" Filename="ICON_YNL_ASSASSIN32.dds"/>
		<Row Name="ICON_ATLAS_YNL_ASSASSIN_SYMBOLS_WHITE" IconSize="80"  IconsPerRow="1" IconsPerColumn="1" Filename="ICON_YNL_ASSASSIN80.dds"/>
		<Row Name="ICON_ATLAS_YNL_ASSASSIN_SYMBOLS_BLACK" IconSize="32"  IconsPerRow="1" IconsPerColumn="1" Filename="ICON_YNL_ASSASSIN32.dds"/>
		<Row Name="ICON_ATLAS_YNL_ASSASSIN_UNITS"         IconSize="256" IconsPerRow="1" IconsPerColumn="1" Filename="ICON_YNL_ASSASSIN256.dds"/>
		<Row Name="ICON_ATLAS_YNL_ASSASSIN_UNITS"         IconSize="80"  IconsPerRow="1" IconsPerColumn="1" Filename="ICON_YNL_ASSASSIN80.dds"/>
		<Row Name="ICON_ATLAS_YNL_ASSASSIN_UNITS"         IconSize="50"  IconsPerRow="1" IconsPerColumn="1" Filename="ICON_YNL_ASSASSIN50.dds"/>
		<Row Name="ICON_ATLAS_YNL_ASSASSIN_UNITS"         IconSize="38"  IconsPerRow="1" IconsPerColumn="1" Filename="ICON_YNL_ASSASSIN38.dds"/>
		<Row Name="ICON_ATLAS_YNL_ASSASSIN_UNITS"         IconSize="32"  IconsPerRow="1" IconsPerColumn="1" Filename="ICON_YNL_ASSASSIN32.dds"/>
		<Row Name="ICON_ATLAS_YNL_ASSASSIN_UNITS_FOW"     IconSize="32"  IconsPerRow="1" IconsPerColumn="1" Filename="ICON_YNL_ASSASSIN32.dds"/>
	</IconTextureAtlases>
	<IconDefinitions>
		<!-- 文明 -->
		<Row Name="ICON_CIVILIZATION_YNL_NIZARI" Atlas="ICON_ATLAS_CIVILIZATION_NIZARI" Index="0"/>
		<!-- 指導者 -->
		<Row Name="ICON_LEADER_YNL_KING_HASSAN"  Atlas="ICON_ATLAS_YNL_KING_HASSAN_LEADER" Index="0"/>
		<!-- ユニーク区域(聖地の使いまわし) -->
		<Row Name="ICON_DISTRICT_MAUSOLEUM_OF_THE_EVENING_BELL"     Atlas="ICON_ATLAS_DISTRICTS"            Index="1"/>
		<Row Name="ICON_DISTRICT_MAUSOLEUM_OF_THE_EVENING_BELL_FOW" Atlas="ICON_ATLAS_DISTRICTS_FOW"        Index="1"/>
		<Row Name="DISTRICT_MAUSOLEUM_OF_THE_EVENING_BELL"          Atlas="ICON_ATLAS_FONT_ICON_BASELINE_4" Index="180"/>
		<!-- ユニークユニット(ポートレイトは侍の使いまわし) -->
		<Row Name="ICON_UNIT_YNL_ASSASSIN"                            Atlas="ICON_ATLAS_YNL_ASSASSIN_UNITS"            Index="0"/>
		<Row Name="ICON_UNIT_YNL_ASSASSIN_FOW"                        Atlas="ICON_ATLAS_YNL_ASSASSIN_UNITS_FOW"        Index="0"/>
		<Row Name="ICON_UNIT_YNL_ASSASSIN_WHITE"                      Atlas="ICON_ATLAS_YNL_ASSASSIN_SYMBOLS_WHITE"    Index="0"/>
		<Row Name="ICON_UNIT_YNL_ASSASSIN_BLACK"                      Atlas="ICON_ATLAS_YNL_ASSASSIN_SYMBOLS_BLACK"    Index="0"/>
		<Row Name="ICON_UNIT_YNL_ASSASSIN_PORTRAIT"                   Atlas="ICON_ATLAS_UNIT_PORTRAITS"                Index="41"/>
		<Row Name="ICON_ETHNICITY_ASIAN_UNIT_YNL_ASSASSIN_PORTRAIT"   Atlas="ICON_ATLAS_ASIAN_UNIT_PORTRAITS"          Index="41"/>
		<Row Name="ICON_ETHNICITY_MEDIT_UNIT_YNL_ASSASSIN_PORTRAIT"   Atlas="ICON_ATLAS_MEDITERRANEAN_UNIT_PORTRAITS"  Index="41"/>
		<Row Name="ICON_ETHNICITY_SOUTHAM_UNIT_YNL_ASSASSIN_PORTRAIT" Atlas="ICON_ATLAS_SOUTH_AMERICAN_UNIT_PORTRAITS" Index="41"/>
		<Row Name="ICON_ETHNICITY_AFRICAN_UNIT_YNL_ASSASSIN_PORTRAIT" Atlas="ICON_ATLAS_AFRICAN_UNIT_PORTRAITS"        Index="41"/>
		<!-- ユニーク施設(スペインの伝道所の使いまわし) -->
		<Row Name="ICON_IMPROVEMENT_YNL_KULLIYE"					  Atlas="ICON_ATLAS_UNIT_ACTIONS" Index="20"/>
		<!-- ユニークプロジェクト(祈祷の使いまわし) -->
		<Row Name="ICON_PROJECT_DAWA_JADIDA"                          Atlas="ICON_ATLAS_PROJECTS" Index="15"/>
	</IconDefinitions>
</GameData>
