<?xml version="1.0" encoding="utf-8"?>
<Database>
	<PlayerColors>
		<Row>
			<Type>LEADER_YNL_KING_HASSAN</Type>
			<Usage>Unique</Usage>
			<PrimaryColor>COLOR_PLAYER_LEADER_YNL_KING_HASSAN_PRIMARY</PrimaryColor>
			<SecondaryColor>COLOR_PLAYER_LEADER_YNL_KING_HASSAN_SECONDARY</SecondaryColor>
			<Alt1PrimaryColor>COLOR_STANDARD_WHITE_MD2</Alt1PrimaryColor>
			<Alt1SecondaryColor>COLOR_STANDARD_GREEN_LT</Alt1SecondaryColor>
			<Alt2PrimaryColor>COLOR_STANDARD_MAGENTA_MD</Alt2PrimaryColor>
			<Alt2SecondaryColor>COLOR_STANDARD_ORANGE_LT</Alt2SecondaryColor>
			<Alt3PrimaryColor>COLOR_STANDARD_BLUE_MD</Alt3PrimaryColor>
			<Alt3SecondaryColor>COLOR_STANDARD_RED_LT</Alt3SecondaryColor>
		</Row>
	</PlayerColors>
</Database>
