<?xml version="1.0" encoding="utf-8"?>
<GameData>
	<IconTextureAtlases>
		<!-- UU -->
		<Row Name="ICON_ATLAS_YNL_YUKARI_YUDUKI_SYMBOLS_WHITE" IconSize="22" IconsPerRow="1" IconsPerColumn="1" Filename="YNL_YUKARI_YUDUKI_UU22.dds"/>
		<Row Name="ICON_ATLAS_YNL_YUKARI_YUDUKI_SYMBOLS_WHITE" IconSize="32" IconsPerRow="1" IconsPerColumn="1" Filename="YNL_YUKARI_YUDUKI_UU32.dds"/>
		<Row Name="ICON_ATLAS_YNL_YUKARI_YUDUKI_SYMBOLS_WHITE" IconSize="80" IconsPerRow="1" IconsPerColumn="1" Filename="YNL_YUKARI_YUDUKI_UU80.dds"/>
		<Row Name="ICON_ATLAS_YNL_YUKARI_YUDUKI_SYMBOLS_BLACK" IconSize="32" IconsPerRow="1" IconsPerColumn="1" Filename="YNL_YUKARI_YUDUKI_UU32.dds"/>

		<Row Name="ICON_ATLAS_YNL_YUKARI_YUDUKI_UNIT_PORTRAITS"                IconSize="256" IconsPerRow="1" IconsPerColumn="1" Filename="YNL_YUKARI_YUDUKI_UUPORT256.dds"/>
		<Row Name="ICON_ATLAS_YNL_YUKARI_YUDUKI_UNIT_PORTRAITS"                IconSize="200" IconsPerRow="1" IconsPerColumn="1" Filename="YNL_YUKARI_YUDUKI_UUPORT200.dds"/>
		<Row Name="ICON_ATLAS_YNL_YUKARI_YUDUKI_UNIT_PORTRAITS"                IconSize="95"  IconsPerRow="1" IconsPerColumn="1" Filename="YNL_YUKARI_YUDUKI_UUPORT95.dds"/>
		<Row Name="ICON_ATLAS_YNL_YUKARI_YUDUKI_UNIT_PORTRAITS"                IconSize="50"  IconsPerRow="1" IconsPerColumn="1" Filename="YNL_YUKARI_YUDUKI_UUPORT50.dds"/>
		<Row Name="ICON_ATLAS_YNL_YUKARI_YUDUKI_UNIT_PORTRAITS"                IconSize="38"  IconsPerRow="1" IconsPerColumn="1" Filename="YNL_YUKARI_YUDUKI_UUPORT38.dds"/>
		<Row Name="ICON_ATLAS_YNL_YUKARI_YUDUKI_ASIAN_UNIT_PORTRAITS"          IconSize="70"  IconsPerRow="1" IconsPerColumn="1" Filename="YNL_YUKARI_YUDUKI_UUPORT70.dds"/>
		<Row Name="ICON_ATLAS_YNL_YUKARI_YUDUKI_ASIAN_UNIT_PORTRAITS"          IconSize="95"  IconsPerRow="1" IconsPerColumn="1" Filename="YNL_YUKARI_YUDUKI_UUPORT95.dds"/>
		<Row Name="ICON_ATLAS_YNL_YUKARI_YUDUKI_MEDITERRANEAN_UNIT_PORTRAITS"  IconSize="70"  IconsPerRow="1" IconsPerColumn="1" Filename="YNL_YUKARI_YUDUKI_UUPORT70.dds"/>
		<Row Name="ICON_ATLAS_YNL_YUKARI_YUDUKI_MEDITERRANEAN_UNIT_PORTRAITS"  IconSize="95"  IconsPerRow="1" IconsPerColumn="1" Filename="YNL_YUKARI_YUDUKI_UUPORT95.dds"/>
		<Row Name="ICON_ATLAS_YNL_YUKARI_YUDUKI_SOUTH_AMERICAN_UNIT_PORTRAITS" IconSize="70"  IconsPerRow="1" IconsPerColumn="1" Filename="YNL_YUKARI_YUDUKI_UUPORT70.dds"/>
		<Row Name="ICON_ATLAS_YNL_YUKARI_YUDUKI_SOUTH_AMERICAN_UNIT_PORTRAITS" IconSize="95"  IconsPerRow="1" IconsPerColumn="1" Filename="YNL_YUKARI_YUDUKI_UUPORT95.dds"/>
		<Row Name="ICON_ATLAS_YNL_YUKARI_YUDUKI_AFRICAN_UNIT_PORTRAITS"        IconSize="70"  IconsPerRow="1" IconsPerColumn="1" Filename="YNL_YUKARI_YUDUKI_UUPORT70.dds"/>
		<Row Name="ICON_ATLAS_YNL_YUKARI_YUDUKI_AFRICAN_UNIT_PORTRAITS"        IconSize="95"  IconsPerRow="1" IconsPerColumn="1" Filename="YNL_YUKARI_YUDUKI_UUPORT95.dds"/>

		<Row Name="ICON_ATLAS_YNL_YUKARI_YUDUKI_UNITS"     IconSize="256" IconsPerRow="1" IconsPerColumn="1" Filename="YNL_YUKARI_YUDUKI_UU256.dds"/>
		<Row Name="ICON_ATLAS_YNL_YUKARI_YUDUKI_UNITS"     IconSize="80"  IconsPerRow="1" IconsPerColumn="1" Filename="YNL_YUKARI_YUDUKI_UU80.dds"/>
		<Row Name="ICON_ATLAS_YNL_YUKARI_YUDUKI_UNITS"     IconSize="50"  IconsPerRow="1" IconsPerColumn="1" Filename="YNL_YUKARI_YUDUKI_UU50.dds"/>
		<Row Name="ICON_ATLAS_YNL_YUKARI_YUDUKI_UNITS"     IconSize="38"  IconsPerRow="1" IconsPerColumn="1" Filename="YNL_YUKARI_YUDUKI_UU38.dds"/>
		<Row Name="ICON_ATLAS_YNL_YUKARI_YUDUKI_UNITS"     IconSize="32"  IconsPerRow="1" IconsPerColumn="1" Filename="YNL_YUKARI_YUDUKI_UU32.dds"/>
		<Row Name="ICON_ATLAS_YNL_YUKARI_YUDUKI_UNITS_FOW" IconSize="32"  IconsPerRow="1" IconsPerColumn="1" Filename="YNL_YUKARI_YUDUKI_UU32.dds"/>

		<!-- Unique Improvement -->
		<Row Name="ICON_ATLAS_YNL_YUKARI_YUDUKI_UNIT_ACTIONS" IconSize="38"  IconsPerRow="1" IconsPerColumn="1" Filename="CYASHI38.dds"/>
		<Row Name="ICON_ATLAS_YNL_YUKARI_YUDUKI_UNIT_ACTIONS" IconSize="50"  IconsPerRow="1" IconsPerColumn="1" Filename="CYASHI50.dds"/>
		<Row Name="ICON_ATLAS_YNL_YUKARI_YUDUKI_UNIT_ACTIONS" IconSize="80"  IconsPerRow="1" IconsPerColumn="1" Filename="CYASHI80.dds"/>
		<Row Name="ICON_ATLAS_YNL_YUKARI_YUDUKI_UNIT_ACTIONS" IconSize="256" IconsPerRow="1" IconsPerColumn="1" Filename="CYASHI256.dds"/>

		<!-- Leader -->
		<Row Name="ICON_ATLAS_YNL_YUKARI_YUDUKI_LEADER" IconSize="32"  IconsPerRow="1" IconsPerColumn="1" Filename="YNL_YUKARI_YUDUKI_LEADER32.dds"/>
		<Row Name="ICON_ATLAS_YNL_YUKARI_YUDUKI_LEADER" IconSize="45"  IconsPerRow="1" IconsPerColumn="1" Filename="YNL_YUKARI_YUDUKI_LEADER45.dds"/>
		<Row Name="ICON_ATLAS_YNL_YUKARI_YUDUKI_LEADER" IconSize="50"  IconsPerRow="1" IconsPerColumn="1" Filename="YNL_YUKARI_YUDUKI_LEADER50.dds"/>
		<Row Name="ICON_ATLAS_YNL_YUKARI_YUDUKI_LEADER" IconSize="55"  IconsPerRow="1" IconsPerColumn="1" Filename="YNL_YUKARI_YUDUKI_LEADER55.dds"/>
		<Row Name="ICON_ATLAS_YNL_YUKARI_YUDUKI_LEADER" IconSize="64"  IconsPerRow="1" IconsPerColumn="1" Filename="YNL_YUKARI_YUDUKI_LEADER64.dds"/>
		<Row Name="ICON_ATLAS_YNL_YUKARI_YUDUKI_LEADER" IconSize="80"  IconsPerRow="1" IconsPerColumn="1" Filename="YNL_YUKARI_YUDUKI_LEADER80.dds"/>
		<Row Name="ICON_ATLAS_YNL_YUKARI_YUDUKI_LEADER" IconSize="256" IconsPerRow="1" IconsPerColumn="1" Filename="YNL_YUKARI_YUDUKI_LEADER256.dds"/>

		<!-- Civilization -->
		<Row Name="ICON_ATLAS_CIVILIZATION_ROYY" IconSize="22"   IconsPerRow="1" IconsPerColumn="1" Filename="YNL_CIV_ROYY22.dds"/>
		<Row Name="ICON_ATLAS_CIVILIZATION_ROYY" IconSize="30"   IconsPerRow="1" IconsPerColumn="1" Filename="YNL_CIV_ROYY30.dds"/>
		<Row Name="ICON_ATLAS_CIVILIZATION_ROYY" IconSize="36"   IconsPerRow="1" IconsPerColumn="1" Filename="YNL_CIV_ROYY36.dds"/>
		<Row Name="ICON_ATLAS_CIVILIZATION_ROYY" IconSize="44"   IconsPerRow="1" IconsPerColumn="1" Filename="YNL_CIV_ROYY44.dds"/>
		<Row Name="ICON_ATLAS_CIVILIZATION_ROYY" IconSize="45"   IconsPerRow="1" IconsPerColumn="1" Filename="YNL_CIV_ROYY45.dds"/><!--Baked in color-->
		<Row Name="ICON_ATLAS_CIVILIZATION_ROYY" IconSize="48"   IconsPerRow="1" IconsPerColumn="1" Filename="YNL_CIV_ROYY48.dds"/>
		<Row Name="ICON_ATLAS_CIVILIZATION_ROYY" IconSize="50"   IconsPerRow="1" IconsPerColumn="1" Filename="YNL_CIV_ROYY50.dds"/>
		<Row Name="ICON_ATLAS_CIVILIZATION_ROYY" IconSize="64"   IconsPerRow="1" IconsPerColumn="1" Filename="YNL_CIV_ROYY64.dds"/>
		<Row Name="ICON_ATLAS_CIVILIZATION_ROYY" IconSize="80"   IconsPerRow="1" IconsPerColumn="1" Filename="YNL_CIV_ROYY80.dds"/>
		<Row Name="ICON_ATLAS_CIVILIZATION_ROYY" IconSize="256"  IconsPerRow="1" IconsPerColumn="1" Filename="YNL_CIV_ROYY256.dds"/>
	</IconTextureAtlases>
	<IconDefinitions>
		<!-- UU -->
		<Row Name="ICON_UNIT_UNIQUE_HOWITZER_WHITE"                      Atlas="ICON_ATLAS_YNL_YUKARI_YUDUKI_SYMBOLS_WHITE" Index="0"/>
		<Row Name="ICON_UNIT_UNIQUE_HOWITZER_BLACK"                      Atlas="ICON_ATLAS_YNL_YUKARI_YUDUKI_SYMBOLS_BLACK" Index="0"/>

		<Row Name="ICON_UNIT_UNIQUE_HOWITZER"                            Atlas="ICON_ATLAS_YNL_YUKARI_YUDUKI_UNITS"         Index="0"/>
		<Row Name="ICON_UNIT_UNIQUE_HOWITZER_FOW"                        Atlas="ICON_ATLAS_YNL_YUKARI_YUDUKI_UNITS_FOW"     Index="0"/>

		<Row Name="ICON_UNIT_UNIQUE_HOWITZER_PORTRAIT"                   Atlas="ICON_ATLAS_YNL_YUKARI_YUDUKI_UNIT_PORTRAITS"                Index="0"/>
		<Row Name="ICON_ETHNICITY_ASIAN_UNIT_UNIQUE_HOWITZER_PORTRAIT"   Atlas="ICON_ATLAS_YNL_YUKARI_YUDUKI_ASIAN_UNIT_PORTRAITS"          Index="0"/>
		<Row Name="ICON_ETHNICITY_MEDIT_UNIT_UNIQUE_HOWITZER_PORTRAIT"   Atlas="ICON_ATLAS_YNL_YUKARI_YUDUKI_MEDITERRANEAN_UNIT_PORTRAITS"  Index="0"/>
		<Row Name="ICON_ETHNICITY_SOUTHAM_UNIT_UNIQUE_HOWITZER_PORTRAIT" Atlas="ICON_ATLAS_YNL_YUKARI_YUDUKI_SOUTH_AMERICAN_UNIT_PORTRAITS" Index="0"/>
		<Row Name="ICON_ETHNICITY_AFRICAN_UNIT_UNIQUE_HOWITZER_PORTRAIT" Atlas="ICON_ATLAS_YNL_YUKARI_YUDUKI_AFRICAN_UNIT_PORTRAITS"        Index="0"/>

		<!-- UB -->
		<Row Name="ICON_BUILDING_TECHNOLOGICAL_UNIVERSITY" Atlas="ICON_ATLAS_BUILDINGS" Index="18"/>

		<!-- Unique Improvement -->
		<Row Name="ICON_IMPROVEMENT_CYASHI" Atlas="ICON_ATLAS_YNL_YUKARI_YUDUKI_UNIT_ACTIONS" Index="0"/>

		<!-- Leader -->
		<Row Name="ICON_LEADER_YUKARI_YUDUKI" Atlas="ICON_ATLAS_YNL_YUKARI_YUDUKI_LEADER" Index="0"/>

		<!-- Civilization -->
		<Row Name="ICON_CIVILIZATION_ROYY"    Atlas="ICON_ATLAS_CIVILIZATION_ROYY" Index="0"/>
	</IconDefinitions>
</GameData>
