<?xml version="1.0" encoding="utf-8"?>
<GameData>
	<LocalizedText>
		<Row Tag="LOC_CIVILIZATION_ROYY_NAME" Language="en_US">
			<Text>Republic of Yukari Yuduki</Text>
		</Row>

		<Row Tag="LOC_CIVILIZATION_ROYY_DESCRIPTION" Language="en_US">
			<Text>Republic of Yukari Yuduki</Text>
		</Row>

		<Row Tag="LOC_CIVILIZATION_ROYY_ADJECTIVE" Language="en_US">
			<Text>Republic of Yukari Yuduki</Text>
		</Row>

		<Row Tag="LOC_LEADER_YUKARI_YUDUKI_NAME" Language="en_US">
			<Text>Yukari Yuduki</Text>
		</Row>

		<Row Tag="LOC_TRAIT_CIVILIZATION_SNOW_QUEEN_NAME" Language="en_US">
			<Text>Snow Gift</Text>
		</Row>
		<Row Tag="LOC_TRAIT_CIVILIZATION_SNOW_QUEEN_DESCRIPTION" Language="en_US">
			<Text>+1 [ICON_Food] Food, +1 [ICON_Culture] Culture and +1 [ICON_Science] Science from Snow. +1 [ICON_Faith] Faith from Tundra.</Text>
		</Row>

		<Row Tag="LOC_TRAIT_LEADER_YUKARI_YUDUKI_NAME" Language="en_US">
			<Text>Voiceloid Aura</Text>
		</Row>
		<Row Tag="LOC_TRAIT_LEADER_YUKARI_YUDUKI_DESCRIPTION" Language="en_US">
			<Text>Gain +2 free [ICON_GreatMusician] Great Musician, [ICON_GreatScientist] Great Scientist points per turn. +1 [ICON_Movement] Movement for Recon, Settler, Builder, Medic and Military Engineer.</Text>
		</Row>

		<Row Tag="LOC_TRAIT_LEADER_UNIT_UNIQUE_HOWITZER_NAME" Language="en_US">
			<Text>Republic of Yukari Yuduki unique unit: Howitzer</Text>
		</Row>
		<Row Tag="LOC_UNIT_UNIQUE_HOWITZER_DESCRIPTION" Language="en_US">
			<Text>Republic of Yukari Yuduki unique Atomic era unit.</Text>
		</Row>
		<Row Tag="LOC_UNIT_UNIQUE_HOWITZER_NAME" Language="en_US">
			<Text>Howitzer</Text>
		</Row>
		<Row Tag="LOC_PEDIA_UNITS_PAGE_UNIT_UNIQUE_HOWITZER_CHAPTER_HISTORY_PARA_1" Language="en_US">
			<Text></Text>
		</Row>

		<Row Tag="LOC_BUILDING_TECHNOLOGICAL_UNIVERSITY_NAME" Language="en_US">
			<Text>Technological University</Text>
		</Row>
		<Row Tag="LOC_BUILDING_TECHNOLOGICAL_UNIVERSITY_DESCRIPTION" Language="en_US">
			<Text>A building unique to Republic of Yukari Yuduki. Bonus [ICON_Production] Production equal to the adjacency bonus of the Campus district.</Text>
		</Row>
		<Row Tag="LOC_TRAIT_CIVILIZATION_BUILDING_TECHNOLOGICAL_UNIVERSITY_NAME" Language="en_US">
			<Text>Republic of Yukari Yuduki unique building: Technological University</Text>
		</Row>
		<Row Tag="LOC_PEDIA_BUILDINGS_PAGE_BUILDING_TECHNOLOGICAL_UNIVERSITY_CHAPTER_HISTORY_PARA_1" Language="en_US">
			<Text></Text>
		</Row>

		<Row Tag="LOC_IMPROVEMENT_CYASHI_NAME" Language="en_US">
			<Text>Cyashi</Text>
		</Row>
		<Row Tag="LOC_IMPROVEMENT_CYASHI_DESCRIPTION" Language="en_US">
			<Text>Unlocks the Builder ability to construct a Cyashi, unique to Republic of Yukari Yuduki.[NEWLINE][NEWLINE]+2 [ICON_Science] Science. +1 [ICON_Culture] Culture if next to River. Can be built on Hills.[NEWLINE]Occupying unit receives +2 [ICON_Strength] Defense Strength, and automatically gains 2 turns of fortification.</Text>
		</Row>
		<Row Tag="LOC_TRAIT_CIVILIZATION_IMPROVEMENT_CYASHI_NAME" Language="en_US">
			<Text>Republic of Yukari Yuduki unique improvement: Cyashi</Text>
		</Row>
		<Row Tag="LOC_PEDIA_IMPROVEMENTS_PAGE_IMPROVEMENT_CYASHI_CHAPTER_HISTORY_PARA_1" Language="en_US">
			<Text>Cyashi is a facility constructed by the Ainu race in modern times.</Text>
		</Row>
	</LocalizedText>
</GameData>
