<?xml version="1.0" encoding="utf-8"?>
<GameData>
	<!-- 文明特性：ブリザード耐性 -->
	<Traits>
		<Update>
			<Set Description="LOC_TRAIT_CIVILIZATION_SNOW_QUEEN_EXPANSION2_DESCRIPTION"/>
			<Where TraitType="TRAIT_CIVILIZATION_SNOW_QUEEN"/>
		</Update>
	</Traits>
	<TraitModifiers>
		<Row>
			<TraitType>TRAIT_CIVILIZATION_SNOW_QUEEN</TraitType>
			<ModifierId>TRAIT_BLIZZARD_PREVENTION_SIGNIFICANT</ModifierId>
		</Row>
		<Row>
			<TraitType>TRAIT_CIVILIZATION_SNOW_QUEEN</TraitType>
			<ModifierId>TRAIT_BLIZZARD_PREVENTION_CRIPPLING</ModifierId>
		</Row>
		<Row>
			<TraitType>TRAIT_CIVILIZATION_SNOW_QUEEN</TraitType>
			<ModifierId>TRAIT_BLIZZARD_DOUBLE_DAMAGE_SIGNIFICANT</ModifierId>
		</Row>
		<Row>
			<TraitType>TRAIT_CIVILIZATION_SNOW_QUEEN</TraitType>
			<ModifierId>TRAIT_BLIZZARD_DOUBLE_DAMAGE_CRIPPLING</ModifierId>
		</Row>
	</TraitModifiers>
	<!-- 偵察ユニットに移動力+1 -->
	<TypeTags>
		<Row Type="UNIT_SKIRMISHER" Tag="CLASS_YNL_YUKARI_YUDUKI_QUICK"/>
	</TypeTags>
</GameData>
