<?xml version="1.0" encoding="utf-8"?>
<GameData>
	<LocalizedText>
		<!-- 百科 -->
		<Replace Tag="LOC_PEDIA_GREATPEOPLE_PAGE_GREAT_PERSON_INDIVIDUAL_JOSEPH_SMITH_JR_CHAPTER_HISTORY_PARA_1" Language="zh_Hans_CN">
			<Text>生于佛蒙特州，老约瑟夫·史密斯的第5个孩子，1817年他们一家搬到纽约州西部，这里是个宗教的混居地区，他们一家即相信基督，也相信异像和预言等民间宗教。</Text>
		</Replace>
		<Replace Tag="LOC_PEDIA_GREATPEOPLE_PAGE_GREAT_PERSON_INDIVIDUAL_JOSEPH_SMITH_JR_CHAPTER_HISTORY_PARA_2" Language="zh_Hans_CN">
			<Text>据约瑟夫·史密斯自称，大约在1820年，当他14岁时，看到了天父和耶稣基督的幻象。他们告诉他，世上尚无真正的教会、1827年，他宣称一位叫做摩罗尼的天使向他显灵，责令他建立教会，并指引他去到纽约州他家附近的一座山里，找到埋藏了千年之久的金页。金页上镌刻着一种古代的语言，记录了北美古代居民的宗教生活。他靠着“上帝赋予的异能”翻译了金页，并在1830年将译文发表，称之为《摩门经》。该教之外的许多人士认为，此书无非是搜罗印第安人的传说，自传片段，当时的政治和宗教争论（特别是反共济会争论）杂然汇编，巧妙的改写为宗教文献形式。史密斯和他的同伴于1830年4月6日创立摩门教。宣称恢复原始的基督教，教会很快扩大，到当年年底就发展教徒一千人。</Text>
		</Replace>
		<Replace Tag="LOC_PEDIA_GREATPEOPLE_PAGE_GREAT_PERSON_INDIVIDUAL_JOSEPH_SMITH_JR_CHAPTER_HISTORY_PARA_3" Language="zh_Hans_CN">
			<Text>随着摩门教徒人口的增长，他们实行的多妻制以及他们经济和政治势力引起当地人的猜忌。1844年，约瑟夫·史密斯宣布竞选美国总统，一部分背教人士在报纸上抨击他多妻并怀有政治野心。史密斯下令捣毁该报社，此时和有爆发暴乱的威胁。史密斯下令征召军队保卫诺伍，结果被他的弟弟受到阴谋叛乱的指控，在州长保证他们安全的情况下并承诺公开审理此案的情况下，他解除武装，被捕入迦太基县狱。6月27日，一群涂着黑脸的武装暴民攻击了监狱，枪杀了兄弟二人。</Text>
		</Replace>

		<Replace Tag="LOC_PEDIA_GREATPEOPLE_PAGE_GREAT_PERSON_INDIVIDUAL_BOBBY_HENDERSON_CHAPTER_HISTORY_PARA_1" Language="zh_Hans_CN">
			<Text>飞天意面神教由俄勒冈州立大学物理学士毕业生博比·亨德森（Bobby Henderson）于2005年1月创立。其目的在于反对堪萨斯州教育委员会所通过的一项决议，该决议允许智能设计论和演化论一道作为该校的科学课程，并具有等同的学分。</Text>
		</Replace>
		<Replace Tag="LOC_PEDIA_GREATPEOPLE_PAGE_GREAT_PERSON_INDIVIDUAL_BOBBY_HENDERSON_CHAPTER_HISTORY_PARA_2" Language="zh_Hans_CN">
			<Text>在公开信中，博比·亨德森要求飞天意面神教的创世学说也成为自然科学课的正式教学内容，呼吁让飞天意面神教跟智能设计论及演化论一样在自然科学课上获取相同课时，支持教授智能设计且他认为“宇宙是由一个会飞行的意大利面条怪物创造的”也同样令人接受。</Text>
		</Replace>
		<Replace Tag="LOC_PEDIA_GREATPEOPLE_PAGE_GREAT_PERSON_INDIVIDUAL_BOBBY_HENDERSON_CHAPTER_HISTORY_PARA_3" Language="zh_Hans_CN">
			<Text>2005年11月，堪萨斯州教育委员会投票通过决议，允许“对演化论的各类反对意见（包括智能设计论）”列入考试标准。2007年2月，堪萨斯州教育委员会以6票对4票，否决了以上决议。</Text>
		</Replace>

		<Replace Tag="LOC_PEDIA_GREATPEOPLE_PAGE_GREAT_PERSON_INDIVIDUAL_JHON_HARRISON_CHAPTER_HISTORY_PARA_1" Language="zh_Hans_CN">
			<Text>约翰·哈里森出生于西约克郡靠近韦克菲尔德市的弗尔比，是他这一代五个孩子中的老大，他的父亲在附近的诺斯泰尔·普莱瑞庄园当木匠，他出生的那幢房子现在已标上蓝色徽章。大约在1700年，他们全家搬到了北林肯郡，由于他父亲的木匠生意，哈里森在闲暇之时制造和修理时钟。传说当他六岁时由于得天花病倒在床上时，家人给他一只手表玩，他花了几个小时听滴答声，并研究它的移动组件。他同时对音乐有着强烈的爱好，最终他成为了拜若教区教堂唱诗班指挥。</Text>
		</Replace>
		<Replace Tag="LOC_PEDIA_GREATPEOPLE_PAGE_GREAT_PERSON_INDIVIDUAL_JHON_HARRISON_CHAPTER_HISTORY_PARA_2" Language="zh_Hans_CN">
			<Text>哈里森在1713年，也就是他20岁的时候制造了他的第一台落地长钟。这台钟完全是使用木头制造出来的，这个材料是一个小木匠很自然的选择。哈里森早期的钟表作品中有三台保存至今。最早的一件（1713年制造）存放在伦敦市政厅的钟表匠同业公会，第二件（1715年制造）存放在科学博物馆，第三件（1717年制造）存放在约克郡的Nostell Priory。钟表面的铭牌上写有“John Harrison Barrow”（拜若的约翰·哈里森）。在Nostell的那只钟，被放置在这个华丽高贵的房子的台球室里，它有着一个维多利亚时代的外壳，同时为了能检查其木制运转机构，它还周到的在其两侧安装了小的玻璃窗。在1720年代早期哈里森被委派为北林肯郡的布罗克莱斯比庄园建造一个新的塔钟，这个塔钟至今仍然在运行，和他以前制作的钟一样也使用了木制组件，主要是橡木和愈疮树，不同于他以前的作品的是这个钟为提高计时准确度混合使用了一些新的原型特性，例如蚱蜢擒纵轮。</Text>
		</Replace>
		<Replace Tag="LOC_PEDIA_GREATPEOPLE_PAGE_GREAT_PERSON_INDIVIDUAL_JHON_HARRISON_CHAPTER_HISTORY_PARA_3" Language="zh_Hans_CN">
			<Text>从1725年到1728年，约翰和他同为熟练木匠的弟弟詹姆斯合作制造了至少三台精确摆钟，同样也是由橡木愈疮树制作的运动组件和落地钟配制，在这个时期内他们开发了格架摆（grid-iron pendulum），这些精确摆钟是当时世界上最精确的钟。特别是它们与海钟有着直接的联系。1号钟在2000年以前一直收藏在美国的时间博物馆，在博物馆关闭后于2004年被拍卖。2号钟收藏于英国西约克郡的利兹画廊及博物馆，目前已不再展出，但有计划于2011年的某个时间在新的利兹城市博物馆永久展出。三号钟展示于钟表匠同业公会。</Text>
		</Replace>

		<Replace Tag="LOC_PEDIA_GREATPEOPLE_PAGE_GREAT_PERSON_INDIVIDUAL_CHE_GUEVARA_CHAPTER_HISTORY_PARA_1" Language="zh_Hans_CN">
			<Text>切·格瓦拉，1928年6月14日生于阿根廷，是阿根廷的马克思主义革命家、医师、作家、游击队队长、军事理论家、国际政治家及古巴革命的核心人物。</Text>
		</Replace>
		<Replace Tag="LOC_PEDIA_GREATPEOPLE_PAGE_GREAT_PERSON_INDIVIDUAL_CHE_GUEVARA_CHAPTER_HISTORY_PARA_2" Language="zh_Hans_CN">
			<Text>切·格瓦拉1928年6月14日（出生证明日期）出生于阿根廷罗萨里奥，但一些资料认为他实际上出生于1928年5月14日。格瓦拉的父亲埃内斯托·格瓦拉·林奇的家族已在阿根廷生活了12代，是一个声誉卓著的家族。他的祖先帕特里克·林奇1715年出生于爱尔兰，后经西班牙转辗来到阿根廷，在18世纪末，他已成为了巴拉那河地区的总督。而他母亲塞莉亚·德·拉·塞尔纳·略萨的家族也已在阿根廷生活了7代，同样也是贵族家庭，祖先约瑟·德·拉·塞尔纳曾是西班牙最后一任驻秘鲁总督。格瓦拉的父母于1927年结婚。格瓦拉父亲在传记《我的儿子，切》中写到：“5月（注：1930年）的一个早晨，寒风呼啸，我的妻子带着我们的小埃内斯托去游泳。中午时分，我去俱乐部找他们，准备和他们一起去吃午饭，这时我发现，孩子穿着一身湿漉漉的游泳衣，已经冻得直打哆嗦。塞莉亚却还一个劲地在游泳。1948年，格瓦拉进入布宜诺斯艾利斯大学学习医学，并于1953年3月顺利完成了学业。</Text>
		</Replace>
		<Replace Tag="LOC_PEDIA_GREATPEOPLE_PAGE_GREAT_PERSON_INDIVIDUAL_CHE_GUEVARA_CHAPTER_HISTORY_PARA_3" Language="zh_Hans_CN">
			<Text>1955年，格瓦拉同卡斯特罗兄弟在墨西哥城相遇，当时卡斯特罗兄弟正在为重返古巴进行武装斗争并推翻巴蒂斯塔独裁政权作准备。格瓦拉迅速加入了卡斯特罗组织的名为“七·二六运动”（以一次失败的革命：蒙卡达事件的日期命名）的军事组织。1956年11月25日，“七二六运动”的82名战士挤在“格拉玛号”（Granma）小游艇上，从墨西哥韦拉克鲁斯州（Veracruz）的图斯潘（Tuxpan）出发，驶向古巴。1956年12月2日，比计划推迟了两天，他们在古巴南部的奥连特省的一片沼泽地登陆，遭到巴蒂斯塔的军队的袭击，只有12人在这次袭击中幸存。格瓦拉，作为军队的医生，在一次战斗中，当面前一个是药箱，另一个是子弹箱时，他扛起了子弹箱。从这一刻开始，格瓦拉彻底从医生转变为了一名战士。剩余的游击队战士，在马埃斯特腊山中安顿下来，并使革命队伍逐渐壮大，得到了一些农民及工人的支持。在战斗中，格瓦拉的超人的勇气及毅力、出色的战斗技巧和对敌人的冷酷无情得到了越来越多人的支持，包括卡斯特罗的赏识。他很快成为了卡斯特罗最得力和信赖的助手。这段经历，被格瓦拉写入了自己1963年出版的《古巴革命战争的回忆》（Pasajes de la Guerra Revolucionaria）中。</Text>
		</Replace>

		<Replace Tag="LOC_PEDIA_GREATPEOPLE_PAGE_GREAT_PERSON_INDIVIDUAL_MIKU_HATSUNE_CHAPTER_HISTORY_PARA_1" Language="zh_Hans_CN">
			<Text>早在2007年6月30日或之前，初音未来的形象就已经公开，但是当时并没有姓氏，而是称呼为ミク。直到2007年7月12日，姓氏“初音”才被公开，同时公开的还有ミク的汉字写法“未来”。初音的意思是“初次的声音”（日语：初めての音），而这里的“声音”指的是歌声。同时，“初音”也象征着“出发点”，而“未来”象征着VOCALOID所代表的未来的音乐的可能性。</Text>
		</Replace>
		<Replace Tag="LOC_PEDIA_GREATPEOPLE_PAGE_GREAT_PERSON_INDIVIDUAL_MIKU_HATSUNE_CHAPTER_HISTORY_PARA_2" Language="zh_Hans_CN">
			<Text>初音未来的诞生日（发售日）为2007年8月31日，设定上是永远的十六岁。8+31=39，39在日语中发音与Thank you相近（39感谢祭由此而来），也有一种读法与ミク相同。</Text>
		</Replace>
		<Replace Tag="LOC_PEDIA_GREATPEOPLE_PAGE_GREAT_PERSON_INDIVIDUAL_MIKU_HATSUNE_CHAPTER_HISTORY_PARA_3" Language="zh_Hans_CN">
			<Text>初音未来的音源样本由声优藤田咲提供。这一选择是在考虑过近五百份声音样本后作出的，因为藤田咲的声音“清楚而可爱”（分かりやすくかわいらしかった）。在录音时，藤田咲以“可爱的偶像声线”进行录音，共花费两天时间，每天三小时，录音内容是无意义的罗马音组合。音源制作的演示乐曲让藤田咲十分惊喜，认为十分可爱。实际上，音源合成输出的声音，与藤田咲本人的声音并不相似。</Text>
		</Replace>

		<Replace Tag="LOC_PEDIA_GREATPEOPLE_PAGE_GREAT_PERSON_INDIVIDUAL_MARIE_CURIE_CHAPTER_HISTORY_PARA_1" Language="zh_Hans_CN">
			<Text>玛丽·居里（Marie Curie，1867年11月7日—1934年7月4日），出生于华沙，世称“居里夫人”，全名玛丽亚·斯克沃多夫斯卡·居里（Maria Skłodowska Curie），法国著名波兰裔科学家、物理学家、化学家。</Text>
		</Replace>
		<Replace Tag="LOC_PEDIA_GREATPEOPLE_PAGE_GREAT_PERSON_INDIVIDUAL_MARIE_CURIE_CHAPTER_HISTORY_PARA_2" Language="zh_Hans_CN">
			<Text>1903年，居里夫妇和贝克勒尔由于对放射性的研究而共同获得诺贝尔物理学奖 [1]  ，1911年，因发现元素钋和镭再次获得诺贝尔化学奖 [2]  ，因而成为世界上第一个两获诺贝尔奖的人。居里夫人的成就包括开创了放射性理论、发明分离放射性同位素技术、发现两种新元素钋和镭。在她的指导下，人们第一次将放射性同位素用于治疗癌症。</Text>
		</Replace>
		<Replace Tag="LOC_PEDIA_GREATPEOPLE_PAGE_GREAT_PERSON_INDIVIDUAL_MARIE_CURIE_CHAPTER_HISTORY_PARA_3" Language="zh_Hans_CN">
			<Text>由于长期接触放射性物质，居里夫人于1934年7月3日因恶性白血病逝世。</Text>
		</Replace>

		<Replace Tag="LOC_PEDIA_GREATPEOPLE_PAGE_GREAT_PERSON_INDIVIDUAL_JOHANNES_VERMEER_CHAPTER_HISTORY_PARA_1" Language="zh_Hans_CN">
			<Text>约翰内斯·维米尔（Johannes Vermeer ； Jan Vermeer），出生于荷兰代尔夫特（1632年10月31日—1675年12月15日），荷兰优秀的风俗画家，被看作“荷兰小画派”的代表画家。代表作品有《戴珍珠耳环的少女》，《花边女工》、《士兵与微笑的少女》。</Text>
		</Replace>
		<Replace Tag="LOC_PEDIA_GREATPEOPLE_PAGE_GREAT_PERSON_INDIVIDUAL_JOHANNES_VERMEER_CHAPTER_HISTORY_PARA_2" Language="zh_Hans_CN">
			<Text>荷兰黄金时代绘画大师,与哈尔斯、伦勃朗合称为荷兰三大画家。维米尔是荷兰最伟大的画家之一，但却被人遗忘了长达两个世纪之久。维米尔的作品大多是风俗题材的绘画，基本上取材于市民平常的生活。他的画整个画面温馨、舒适、宁静，给人以庄重的感受，充分表现出了荷兰市民那种对洁净环境和优雅舒适的气氛的喜好。他在艺术风格上也别具特色，他的绘画形体结实、结构精致，色彩明朗和谐，尤善于表现室内光线和空间感。维米尔的绘画给人一种真实性，除了日常生活中的真实之外还使人感到一种信仰上的真实感。</Text>
		</Replace>
		<Replace Tag="LOC_PEDIA_GREATPEOPLE_PAGE_GREAT_PERSON_INDIVIDUAL_JOHANNES_VERMEER_CHAPTER_HISTORY_PARA_3" Language="zh_Hans_CN">
			<Text>维米尔是继哈尔斯、伦勃朗之后独树一帜于十七世纪中期的大家。正值荷兰的文化艺术逐渐丧失其民主传统的时候、 荷兰的德尔夫特市成为先进的艺术中心，而约翰内斯·维米尔 (1632-- 1675)就出生在这个城市并终其一生于此。然而这位伟大的画家在生前虽曾为人所知却一贫如洗，负债累累，正当年力强之时，却又溘然长逝，只活了43 岁。死后又被人遗忘，直到十九世纪中期才被艺术评论家们重新发现，从此名声日隆，给了他以应有的地位。他被称为“沉睡了两个世纪的司芬克斯”，是“谜一样的画家”。他的生平也逐渐为人探索考证，始得知其概观。</Text>
		</Replace>

		<Replace Tag="LOC_PEDIA_GREATPEOPLE_PAGE_GREAT_PERSON_INDIVIDUAL_HOWARD_PHILLIPS_LOVECRAFT_CHAPTER_HISTORY_PARA_1" Language="zh_Hans_CN">
			<Text>霍华德·菲利普·洛夫克拉夫特（Howard Phillips Lovecraft，1890年8月20日－1937年3月15日）是美国恐怖，科幻与奇幻小说作家，尤以其怪奇小说著称。洛夫克拉夫特最著名的作品是后来被称为“克苏鲁神话”（Cthulhu Mythos）的一系列小说。</Text>
		</Replace>
		<Replace Tag="LOC_PEDIA_GREATPEOPLE_PAGE_GREAT_PERSON_INDIVIDUAL_HOWARD_PHILLIPS_LOVECRAFT_CHAPTER_HISTORY_PARA_2" Language="zh_Hans_CN">
			<Text>虽然洛夫克拉夫特的读者群在他有生之年一直很少，但他死后其名声却日益高涨；在21世纪的当下，洛夫克拉夫特被看作是二十世纪影响力最大的恐怖小说家之一。根据乔伊斯·卡罗尔·欧茨所说，洛夫克拉夫特以及19世纪的埃德加·爱伦·坡对后世恐怖小说家施加了无可估量的影响。”斯蒂芬·金称洛夫克拉夫特是“20世纪最伟大的古典恐怖故事作家。”</Text>
		</Replace>
		<Replace Tag="LOC_PEDIA_GREATPEOPLE_PAGE_GREAT_PERSON_INDIVIDUAL_HOWARD_PHILLIPS_LOVECRAFT_CHAPTER_HISTORY_PARA_3" Language="zh_Hans_CN">
			<Text>尽管他尽其所能的写作，他的财务每况越下，他与他仅剩的阿姨搬到更小更恶劣的租屋。他也深受罗伯特·E·霍华德自杀的影响，在1936年他被诊断出患有肠癌，同时，他也受营养不良所苦他承受着经常性的疼痛，直到他来年死去为止。</Text>
		</Replace>

		<Replace Tag="LOC_PEDIA_GREATPEOPLE_PAGE_GREAT_PERSON_INDIVIDUAL_BILL_GATES_CHAPTER_HISTORY_PARA_1" Language="zh_Hans_CN">
			<Text>比尔·盖茨（Bill Gates），全名威廉·亨利·盖茨三世，简称比尔或盖茨。1955年10月28日出生于美国华盛顿州西雅图，企业家、软件工程师、慈善家、微软公司创始人。曾任微软董事长、CEO和首席软件设计师。</Text>
		</Replace>
		<Replace Tag="LOC_PEDIA_GREATPEOPLE_PAGE_GREAT_PERSON_INDIVIDUAL_BILL_GATES_CHAPTER_HISTORY_PARA_2" Language="zh_Hans_CN">
			<Text>1976年11月26日，盖茨和艾伦注册了“微软”（Microsoft）商标。他们曾一度考虑将公司名称定为“艾伦和盖茨公司”（Allen & Gates Inc.），但后来决定改为“Micro-Soft”（注：即“微型软件”的英文缩写），并把该名称中间的英文连字符去掉。当时艾伦23岁，盖茨21岁。</Text>
		</Replace>
		<Replace Tag="LOC_PEDIA_GREATPEOPLE_PAGE_GREAT_PERSON_INDIVIDUAL_BILL_GATES_CHAPTER_HISTORY_PARA_3" Language="zh_Hans_CN">
			<Text>2008年6月27日，比尔·盖茨正式退休，但仍作微软董事长保证公司的运营，并把580亿美元个人财产捐到比尔和梅琳达·盖茨基金会，他的遗嘱中宣布拿出98%给自己创办的以他和妻子名字命名的“比尔和梅琳达·盖茨基金会”，这笔钱用于研究艾滋病和疟疾的疫苗，并为世界贫穷国家提供援助。</Text>
		</Replace>

		<Replace Tag="LOC_PEDIA_GREATPEOPLE_PAGE_GREAT_PERSON_INDIVIDUAL_CASEY_RYBACK_CHAPTER_HISTORY_PARA_1" Language="zh_Hans_CN">
			<Text>凯西·雷白克是美国动作片魔鬼战将及其续集（英语：Under Siege 2: Dark Territory）中的虚构英雄。</Text>
		</Replace>
		<Replace Tag="LOC_PEDIA_GREATPEOPLE_PAGE_GREAT_PERSON_INDIVIDUAL_CASEY_RYBACK_CHAPTER_HISTORY_PARA_2" Language="zh_Hans_CN">
			<Text>雷白克曾经是海豹部队的军士长，退役后任职厨师。他精于武术，擅长使用爆破、特殊武器及战术。他是徒手格斗的大师，对各种枪械了如指掌，亦会使用格斗军刀或菜刀轻易制服恐怖份子。</Text>
		</Replace>
		<Replace Tag="LOC_PEDIA_GREATPEOPLE_PAGE_GREAT_PERSON_INDIVIDUAL_CASEY_RYBACK_CHAPTER_HISTORY_PARA_3" Language="zh_Hans_CN">
			<Text>90年代美国动作片的代表，与虎胆龙威系列中的约翰·麦克连齐名，亦有影评人认为他太强，近乎打不死，而且往往可以非常轻易地打败对手。</Text>
		</Replace>

		<Replace Tag="LOC_PEDIA_GREATPEOPLE_PAGE_GREAT_PERSON_INDIVIDUAL_SATHYA_SAI_BABA_CHAPTER_HISTORY_PARA_1" Language="zh_Hans_CN">
			<Text>师利·实谛·赛·巴巴（英语：Sri Sathya Sai Baba，1926年11月23日－2011年4月24日），又译为沙迪亚·赛巴巴，简称为赛峇峇、赛巴巴，原名沙迪亚那拉亚纳·拉甲（英语：Sathyanarayana Raju），生于印度马德拉斯管辖区普塔帕蒂镇，印度教上师与精神领袖，慈善活动家和教育家。</Text>
		</Replace>
		<Replace Tag="LOC_PEDIA_GREATPEOPLE_PAGE_GREAT_PERSON_INDIVIDUAL_SATHYA_SAI_BABA_CHAPTER_HISTORY_PARA_2" Language="zh_Hans_CN">
			<Text>他宣称他是回教、印度教两教圣人赛巴巴（Sai Baba of Shirdi）的转世。信徒视他为活佛，认为他有超自然能力。但也有批评者认为他不过是江湖术士。</Text>
		</Replace>
		<Replace Tag="LOC_PEDIA_GREATPEOPLE_PAGE_GREAT_PERSON_INDIVIDUAL_SATHYA_SAI_BABA_CHAPTER_HISTORY_PARA_3" Language="zh_Hans_CN">
			<Text>根据BBC等新闻媒体报导，实谛·赛·巴巴曾被指控涉嫌许多有争议的事件，其中包括以魔术手法伪造神迹，性虐待，洗钱、滥用信徒捐献、以社会服务计划进行诈骗，以及谋杀等。但这些报导都被实谛·赛·巴巴建立的组织发言人所否认。</Text>
		</Replace>

		<Replace Tag="LOC_PEDIA_GREATPEOPLE_PAGE_GREAT_PERSON_INDIVIDUAL_CHARLES_TAZE_RUSSELL_CHAPTER_HISTORY_PARA_1" Language="zh_Hans_CN">
			<Text>也称作罗素牧师、牧者罗素，是美国宾西法尼亚州匹兹堡的一位基督新教教徒，他发起了圣经考查运动。1879年7月他创办了宗教刊物《锡安的守望台与基督临在的先声》，1881年他也创立了美国第一个圣经协会——锡安守望台书社。</Text>
		</Replace>
		<Replace Tag="LOC_PEDIA_GREATPEOPLE_PAGE_GREAT_PERSON_INDIVIDUAL_CHARLES_TAZE_RUSSELL_CHAPTER_HISTORY_PARA_2" Language="zh_Hans_CN">
			<Text>罗素去世后，守望台新社长律师卢瑟福成为新一任社长，他对组织机构进行改革，后来在1930年代时将之前的“圣经研究者”的名字改为“耶和华见证人”。</Text>
		</Replace>
		<Replace Tag="LOC_PEDIA_GREATPEOPLE_PAGE_GREAT_PERSON_INDIVIDUAL_CHARLES_TAZE_RUSSELL_CHAPTER_HISTORY_PARA_3" Language="zh_Hans_CN">
			<Text>“耶和华见证人”从未在中国有关部门登记注册过，但却在国内搞非法活动，秘密发展成员。提醒民众擦亮眼睛，明辨是非，切勿上当受骗。</Text>
		</Replace>

		<Replace Tag="LOC_PEDIA_GREATPEOPLE_PAGE_GREAT_PERSON_INDIVIDUAL_YOUSUKE_KADOMATSU_CHAPTER_HISTORY_PARA_1" Language="zh_Hans_CN">
			<Text>《次元舰队》中的角色。</Text>
		</Replace>
		<Replace Tag="LOC_PEDIA_GREATPEOPLE_PAGE_GREAT_PERSON_INDIVIDUAL_YOUSUKE_KADOMATSU_CHAPTER_HISTORY_PARA_2" Language="zh_Hans_CN">
			<Text>200X年6月，为了帮忙消除厄瓜多尔的争乱，依据日本国与美国新订定的《日美防卫纲领》，日本海上自卫队的一艘神盾巡洋舰“未来号”（舰号为DDH-182）在副舰长兼船务长（舰务长）角松洋介的带领下从海上自卫队横须贺基地出航，预计于夏威夷与美国海军舰队会合之后前往厄瓜多尔，以海上自卫队与美国海军联合军事演习的名义执行护卫日本侨民的任务。</Text>
		</Replace>
		<Replace Tag="LOC_PEDIA_GREATPEOPLE_PAGE_GREAT_PERSON_INDIVIDUAL_YOUSUKE_KADOMATSU_CHAPTER_HISTORY_PARA_3" Language="zh_Hans_CN">
			<Text>未来号航行第四天，来到了二次大战重地的中途岛，却意外发现回到了过去…。</Text>
		</Replace>

		<Replace Tag="LOC_PEDIA_GREATPEOPLE_PAGE_GREAT_PERSON_INDIVIDUAL_STANISLAW_MACZEK_CHAPTER_HISTORY_PARA_1" Language="zh_Hans_CN">
			<Text>斯坦尼斯瓦夫·马切克上校（Colonel Stanislaw Maczek），第10摩托化骑兵旅的唯一一任旅长。</Text>
		</Replace>
		<Replace Tag="LOC_PEDIA_GREATPEOPLE_PAGE_GREAT_PERSON_INDIVIDUAL_STANISLAW_MACZEK_CHAPTER_HISTORY_PARA_2" Language="zh_Hans_CN">
			<Text>波兰的抵抗瓦解后，马切克上校出走西方，1940年在法国指挥第10装甲骑兵旅，后来成为波兰第一装甲师的师长，1944-45年期间从法莱斯打到了威廉港。</Text>
		</Replace>
		<Replace Tag="LOC_PEDIA_GREATPEOPLE_PAGE_GREAT_PERSON_INDIVIDUAL_STANISLAW_MACZEK_CHAPTER_HISTORY_PARA_3" Language="zh_Hans_CN">
			<Text>值得注意的是：后来波兰第一装甲师所辖的装甲旅就被称作第10装甲旅。</Text>
		</Replace>

		<Replace Tag="LOC_PEDIA_GREATPEOPLE_PAGE_GREAT_PERSON_INDIVIDUAL_FLORENCE_NIGHTINGALE_CHAPTER_HISTORY_PARA_1" Language="zh_Hans_CN">
			<Text>弗罗伦斯·南丁格尔（英语：Florence Nightingale，1820年5月12日－1910年8月13日），英国护士和统计学家，出生于意大利的一个英国上流社会的家庭。在德国学习护理后，曾往伦敦的医院工作。于1853年成为伦敦慈善医院的护士长。</Text>
		</Replace>
		<Replace Tag="LOC_PEDIA_GREATPEOPLE_PAGE_GREAT_PERSON_INDIVIDUAL_FLORENCE_NIGHTINGALE_CHAPTER_HISTORY_PARA_2" Language="zh_Hans_CN">
			<Text>克里米亚战争时，她极力向英国军方争取在战地开设医院，为士兵提供医疗护理。她分析过堆积如山的军事档案，指出在克里米亚战役中，英军死亡的原因是在战场外感染疾病，及在战场上受伤后没有适当的护理而伤重致死，真正死在战场上的人反而不多。她更用了圆形图以说明这些资料。南丁格尔于1854年10月21日和38位护士到克里米亚野战医院工作。成为该院的护士长，被称为“克里米亚的天使”又称“提灯天使”。</Text>
		</Replace>
		<Replace Tag="LOC_PEDIA_GREATPEOPLE_PAGE_GREAT_PERSON_INDIVIDUAL_FLORENCE_NIGHTINGALE_CHAPTER_HISTORY_PARA_3" Language="zh_Hans_CN">
			<Text>由于南丁格尔的努力，让昔日地位低微的护士，于社会地位与形象都大为提高，成为崇高的象征。“南丁格尔”也成为护士精神的代名词。她是世界上第一个真正的女护士，开创了护理事业。“5.12"国际护士节设立在南丁格尔的生日这一天，就是为了纪念这位近代护理事业的创始人。</Text>
		</Replace>

		<Replace Tag="LOC_PEDIA_GREATPEOPLE_PAGE_GREAT_PERSON_INDIVIDUAL_MIKI_NAKAYAMA_CHAPTER_HISTORY_PARA_1" Language="zh_Hans_CN">
			<Text>中山美伎于宽政十年（1798年）4月18日早上，诞生在大和国山边郡三昧田，父为前川半七正信，母绢子；十三岁时嫁入大和国山边郡庄屋敷村（现在奈良县天理市三岛町）的富农中山家中山善兵卫结婚，生有一男五女。中山美伎幼时信佛弥笃，随父前川氏为净土宗的热心信者，所以屡有出家遁世的志念，以效父母。天保九年十月二十三日，长子罹患重病，请来修验者市兵卫为长子平愈祈祷，美伎子亦坐于其中，霎时自有神灵的感格所受，偶然间发出奇异的情状，顿时音容转严，自灵动中起了救世济人的神念，而定神命。</Text>
		</Replace>
		<Replace Tag="LOC_PEDIA_GREATPEOPLE_PAGE_GREAT_PERSON_INDIVIDUAL_MIKI_NAKAYAMA_CHAPTER_HISTORY_PARA_2" Language="zh_Hans_CN">
			<Text>天保九年（1838年）10月26日，当时她41岁， 自称得到神悬，实行开教以为天职，而自觉为宗教以达成任命。她宣称得到父母神“天理欧诺弥格多”(天理王命)启示：“吾乃宇宙元神、万界真神，此宅院因有元始因缘，今为拯救人类而降临世间。欲将美伎做吾神龛。”后天理教定此日为创教日，据称当时由于事出突然，家人亲友根本无法应允。经过三天三夜的答辩后，才决定遵照神意，将美伎奉献给父母神做为神龛。成为月日神龛后的中山美伎，该教尊称她为“教祖”。</Text>
		</Replace>
		<Replace Tag="LOC_PEDIA_GREATPEOPLE_PAGE_GREAT_PERSON_INDIVIDUAL_MIKI_NAKAYAMA_CHAPTER_HISTORY_PARA_3" Language="zh_Hans_CN">
			<Text>中山美伎创教后，藉咒术、神符为人医病、助产，同时与家人一起传播“天理王命”信仰，遂名天理教。</Text>
		</Replace>

		<Replace Tag="LOC_PEDIA_GREATPEOPLE_PAGE_GREAT_PERSON_INDIVIDUAL_NGO_VAN_CHIEU_CHAPTER_HISTORY_PARA_1" Language="zh_Hans_CN">
			<Text>越南启定帝启定二年至五年（1917～1920）间，越南吴文昭首创高台教。</Text>
		</Replace>
		<Replace Tag="LOC_PEDIA_GREATPEOPLE_PAGE_GREAT_PERSON_INDIVIDUAL_NGO_VAN_CHIEU_CHAPTER_HISTORY_PARA_2" Language="zh_Hans_CN">
			<Text>1925年，吴文昭（1878年生于西贡）被法印总督府----法属印度支那总督府委任为河仙省海岸外数十里的富国岛（Phu Quoc）岛主、督抚使。1925年12月25日圣诞之夜，吴文昭向大家讲述他刚刚见到“高台仙翁”，仙翁委托他找 11位朋友们成立一个新的宗教，叫做“玉皇上帝谢降高台仙翁大菩提摩诃提降道南方”，简称“高台教”。</Text>
		</Replace>
		<Replace Tag="LOC_PEDIA_GREATPEOPLE_PAGE_GREAT_PERSON_INDIVIDUAL_NGO_VAN_CHIEU_CHAPTER_HISTORY_PARA_3" Language="zh_Hans_CN">
			<Text>吴文昭令信友膜拜一颗巨眼，此巨眼象征至高无上之神（至高无上之神殿）‘高台’，并称该教是神的第三次化现，以救度世人。</Text>
		</Replace>

		<Replace Tag="LOC_PEDIA_GREATPEOPLE_PAGE_GREAT_PERSON_INDIVIDUAL_BRADLEY_BOND_CHAPTER_HISTORY_PARA_1" Language="zh_Hans_CN">
			<Text>《忍者杀手》（英语：Ninja Slayer，日语：ニンジャスレイヤー）是由布拉德利·邦德与菲利普·莫泽兹两人共同撰写的一部小说系列。</Text>
		</Replace>
		<Replace Tag="LOC_PEDIA_GREATPEOPLE_PAGE_GREAT_PERSON_INDIVIDUAL_BRADLEY_BOND_CHAPTER_HISTORY_PARA_2" Language="zh_Hans_CN">
			<Text>忍者杀手是一部美国小说，一般归为科幻小说的赛博朋克分类下。原作由20世纪90年代开始创作。在2010年因本兌有、杉ライカ等人在Twitter的粉丝翻译为开端，被日本人所知，并由角川书店旗下Enterbrain引进推出日语版。</Text>
		</Replace>
		<Replace Tag="LOC_PEDIA_GREATPEOPLE_PAGE_GREAT_PERSON_INDIVIDUAL_BRADLEY_BOND_CHAPTER_HISTORY_PARA_3" Language="zh_Hans_CN">
			<Text>故事以男主角的复仇为主线，以赛博朋克风格世界观下的日本为舞台，糅合了喜剧、传奇剧、讽刺剧、动作剧等要素，属于群像剧的一种。</Text>
		</Replace>

		<Replace Tag="LOC_PEDIA_GREATPEOPLE_PAGE_GREAT_PERSON_INDIVIDUAL_LADY_GAGA_CHAPTER_HISTORY_PARA_1" Language="zh_Hans_CN">
			<Text>Lady Gaga，原名史蒂芬妮·乔安妮·安吉丽娜·杰尔马诺塔（Stefani Joanne Angelina Germanotta），1986年3月28日出生于美国纽约曼哈顿，美国女歌手、词曲作者、演员。</Text>
		</Replace>
		<Replace Tag="LOC_PEDIA_GREATPEOPLE_PAGE_GREAT_PERSON_INDIVIDUAL_LADY_GAGA_CHAPTER_HISTORY_PARA_2" Language="zh_Hans_CN">
			<Text>2008年，发行首张录音室专辑《The Fame》，从而正式出道。2009年，个人单曲《Just Dance》和《Poker Face》先后取得美国公告牌百强单曲榜冠军。2010年，被《时代周刊》评为“全球最具影响力百人榜”艺术家组第1名，同年获得第38届全美音乐奖最受欢迎流行摇滚女艺人奖。2011年，凭借歌曲《Bad Romance》获得第53届格莱美奖最佳流行女歌手奖，同年发行的录音室专辑《Born This Way》首周销量破百万张 [6]  ，她还在《福布斯》选出的“2011年百大名人榜”中排行第一。2013年，发行录音室专辑《ARTPOP》。2014年，联手托尼·班奈特发行爵士乐专辑《Cheek to Cheek》</Text>
		</Replace>
		<Replace Tag="LOC_PEDIA_GREATPEOPLE_PAGE_GREAT_PERSON_INDIVIDUAL_LADY_GAGA_CHAPTER_HISTORY_PARA_3" Language="zh_Hans_CN">
			<Text>2015年，获得第46届作曲家名人堂当代偶像奖。2016年，凭借主演的恐怖剧集《美国恐怖故事第五季》获得第73届美国电影电视金球奖迷你剧或电视电影最佳女主角奖，同年发行个人录音室专辑《Joanne》。2017年，在第五十一届NFL超级碗中场秀带来表演，同年获得第45届全美音乐奖最受欢迎流行摇滚女艺人奖。2018年，主演音乐爱情片《一个明星的诞生》，并发行同名原声带。2019年，凭借《一个明星的诞生》提名第91届奥斯卡金像奖最佳女主角。</Text>
		</Replace>

		<Replace Tag="LOC_PEDIA_GREATPEOPLE_PAGE_GREAT_PERSON_INDIVIDUAL_PISANELLO_CHAPTER_HISTORY_PARA_1" Language="zh_Hans_CN">
			<Text>皮萨内洛出生于维罗纳，活跃于帕多瓦和威尼斯。他把“威尼斯--哥特样式”绘画所具有的那种鲜明、甜美的风格发展到了顶点。</Text>
		</Replace>
		<Replace Tag="LOC_PEDIA_GREATPEOPLE_PAGE_GREAT_PERSON_INDIVIDUAL_PISANELLO_CHAPTER_HISTORY_PARA_2" Language="zh_Hans_CN">
			<Text>皮萨内洛年轻时曾和帕多瓦的绘画大师秦蒂利共同绘制过威尼斯总督宫的壁画，后来又接受秦蒂利死后留在罗马未完成的壁画制作。他用多年的经历为圣达拉斯达亚教堂作壁画《圣凯奥尼斯传》，在壁画创作中显示了他全部的智慧、体现出了他的艺术风格。画面上金、银、青等色彩的穿插使用，使整个壁画绚烂多彩。画中人物形体的塑造和中世纪骑士风度的刻画，显示出他已经超越了哥特样式的樊篱，具有独特的艺术风貌。</Text>
		</Replace>
		<Replace Tag="LOC_PEDIA_GREATPEOPLE_PAGE_GREAT_PERSON_INDIVIDUAL_PISANELLO_CHAPTER_HISTORY_PARA_3" Language="zh_Hans_CN">
			<Text>作为15世纪上半期威尼斯画派的代表画家皮萨内洛在绘画题材上已开始描绘现实生活中的人物形象，在技法上逐渐脱离哥特样式，重视色彩的运用。</Text>
		</Replace>

		<Replace Tag="LOC_PEDIA_GREATPEOPLE_PAGE_GREAT_PERSON_INDIVIDUAL_TINTORETTO_CHAPTER_HISTORY_PARA_1" Language="zh_Hans_CN">
			<Text>生于威尼斯，1594年5月31日卒于同地。原名雅各布·罗布斯蒂（Jacopo Robusti）。受业于提香门下，是提香最杰出的学生与继承者。在长达40余年的创作生涯中，主要活动在威尼斯。作品继承提香传统又有创新，在叙事传情方面效仿米开朗基罗，突出强烈的运动，且色彩富丽奇幻，在威尼斯画派中独树一帜。</Text>
		</Replace>
		<Replace Tag="LOC_PEDIA_GREATPEOPLE_PAGE_GREAT_PERSON_INDIVIDUAL_TINTORETTO_CHAPTER_HISTORY_PARA_2" Language="zh_Hans_CN">
			<Text>丁托列托，出生于威尼斯1518年9月29日(正确出生日期)，父亲是染匠，他是父亲的长子，因此获得一个绰号“丁托列托”（意思是小染匠）。他从小就有绘画天才，经常在染坊墙上涂画，他的父亲注意到他的才能，将他送到提香的画室学徒，但仅过了十天，就被提香送回家，据说是提香嫉妒他的才能，另一种说法是提香认为他的才能可以自己作为一个画家，而不用再作学徒。从此以后，两人始终没有任何接触，丁托列托仍然非常欣赏提香的作品，但提香从来没有和他成为朋友。</Text>
		</Replace>
		<Replace Tag="LOC_PEDIA_GREATPEOPLE_PAGE_GREAT_PERSON_INDIVIDUAL_TINTORETTO_CHAPTER_HISTORY_PARA_3" Language="zh_Hans_CN">
			<Text>丁托列托以后一直以自学为主，并在自己的画室上书写上“IldisegnodiMichelangeloedilcoloritodiTiziano”（米开朗基罗的设计和提香的色彩）。他从模仿米开朗基罗的雕塑入手，用蜡或黏土复制雕像，放到一个木盒中，通过一个小孔用蜡烛照明，再进行绘画，所以他可以日以继夜地工作。他辛苦工作相当长时间也没有接受到委托，最初接受委托也没有报酬，后来他的自画像和为他弟弟做的画像开始引起人们的注意，并受到提香的称赞。</Text>
		</Replace>

		<Replace Tag="LOC_PEDIA_GREATPEOPLE_PAGE_GREAT_PERSON_INDIVIDUAL_TAIKAN_YOKOYAMA_CHAPTER_HISTORY_PARA_1" Language="zh_Hans_CN">
			<Text>横山大观，Yokoyama Taikan（1868～1958）日本著名画家。本名秀，旧姓酒井，母姓横山，明治元年9月18日（1868年11月2日）生于今茨城县水户市一藩士家庭。1889年起受业于东京美术学校日本画系，并师从桥本雅邦等人。特别受校长冈仓天心的垂青。1893年，他以《村童观猿翁图》为毕业作走出校门。1895年成为京都美术工艺学校教师，同时在博物馆从事古画临摹工作，并与菱田春草一同巡游京都附近古迹。1896年任东京美术学校图案科副教授，同年，日本绘画协会创立，成为中坚画家，发表《无我》等作品。</Text>
		</Replace>
		<Replace Tag="LOC_PEDIA_GREATPEOPLE_PAGE_GREAT_PERSON_INDIVIDUAL_TAIKAN_YOKOYAMA_CHAPTER_HISTORY_PARA_2" Language="zh_Hans_CN">
			<Text>两年后他随校长冈仓天心辞职，创立日本美术院，兴起新日本画运动。至今，日本美术院及其院展仍为日本画界的主要势力。此间的代表作有《屈原》、《迷儿》。他与菱田春草大胆尝试西方画法，在新日本画中以色彩的面来代替传统的墨线，因而一度被指责为“朦胧体”，但他们仍勇敢地创新。1903—1904年横山曾出游印度和欧洲数国，由此确信东方精神文明的优越性。1907年他创建日本画新派团体“国画玉成会”与日本画保守派同盟“正派同志会”抗衡，对新日本画运动的兴起起过重要作用。横山陆续发表《流灯》、《山路》和《潇湘八景》等名作，进而成为新日本画的中心人物。</Text>
		</Replace>
		<Replace Tag="LOC_PEDIA_GREATPEOPLE_PAGE_GREAT_PERSON_INDIVIDUAL_TAIKAN_YOKOYAMA_CHAPTER_HISTORY_PARA_3" Language="zh_Hans_CN">
			<Text>1913年冈仓去世后，他决心复兴日本美术院，实现先师未尽夙愿。之后，他联合下村观山、安田彦和、今村紫红等恢复院展。日本美术院及其院展至今仍为日本画界的主要势力。由于他在艺术上所取得的成就，1922年被接纳为法国沙龙成员，1930年成为罗马美术展览的艺术使节，1931年成为日本帝室技艺员，1935年成为帝国美术院会员，1937年荣获首届日本文化勋章。并被尊称为“日本近代绘画之父”。</Text>
		</Replace>

		<Replace Tag="LOC_PEDIA_GREATPEOPLE_PAGE_GREAT_PERSON_INDIVIDUAL_BENJAMIN_FRANKLIN_CHAPTER_HISTORY_PARA_1" Language="zh_Hans_CN">
			<Text>本杰明·富兰克林（Benjamin Franklin，1706年1月17日—1790年4月17日） （又译班哲明·富兰克林、班杰明·富兰克林），出生于美国马萨诸塞州波士顿，美国政治家、物理学家。</Text>
		</Replace>
		<Replace Tag="LOC_PEDIA_GREATPEOPLE_PAGE_GREAT_PERSON_INDIVIDUAL_BENJAMIN_FRANKLIN_CHAPTER_HISTORY_PARA_2" Language="zh_Hans_CN">
			<Text>同时也是出版商、印刷商、记者、作家、慈善家；更是杰出的外交家及发明家。他是美国独立战争时重要的领导人之一，参与了多项重要文件的草拟，并曾出任美国驻法国大使，成功取得法国支持美国独立。本杰明·富兰克林曾经进行多项关于电的实验，并且发明了避雷针，最早提出电荷守恒定律。他还发明了双焦点眼镜，蛙鞋等等。本杰明·富兰克林被选为英国皇家学会院士。他曾是美国首位邮政局长。法国经济学家杜尔哥评价富兰克林：“他从苍天那里取得了雷电，从暴君那里取得了民权。”</Text>
		</Replace>
		<Replace Tag="LOC_PEDIA_GREATPEOPLE_PAGE_GREAT_PERSON_INDIVIDUAL_BENJAMIN_FRANKLIN_CHAPTER_HISTORY_PARA_3" Language="zh_Hans_CN">
			<Text>本杰明·富兰克林是美利坚开国三杰之一，被美国的权威期刊《大西洋月刊》评为影响美国的100位人物第6名。</Text>
		</Replace>

		<Replace Tag="LOC_PEDIA_GREATPEOPLE_PAGE_GREAT_PERSON_INDIVIDUAL_ALUBOMULLE_SUMANASARA_CHAPTER_HISTORY_PARA_1" Language="zh_Hans_CN">
			<Text>生于1945年，斯里兰卡人，上座部佛教长老，35岁时渡海到日本弘法，是当今日本影响力第一的佛学导师，也是当今日本最畅销的“身心灵佛法”作家。</Text>
		</Replace>
		<Replace Tag="LOC_PEDIA_GREATPEOPLE_PAGE_GREAT_PERSON_INDIVIDUAL_ALUBOMULLE_SUMANASARA_CHAPTER_HISTORY_PARA_2" Language="zh_Hans_CN">
			<Text>他以教授初期佛教、指导冥想修行为主要工作，帮助我们以喜悦平和的心态化解情绪烦恼、工作压力，以及现实生活中的各种挑战，由此吸引了为数最多的信众和追随者，共同走上心灵成长之路。</Text>
		</Replace>
		<Replace Tag="LOC_PEDIA_GREATPEOPLE_PAGE_GREAT_PERSON_INDIVIDUAL_ALUBOMULLE_SUMANASARA_CHAPTER_HISTORY_PARA_3" Language="zh_Hans_CN">
			<Text>代表作品：《所有的累都是心累》《阿鲁老和尚教你不生气的法门》等。</Text>
		</Replace>

		<Replace Tag="LOC_PEDIA_GREATPEOPLE_PAGE_GREAT_PERSON_INDIVIDUAL_ELLEN_GOULD_WHITE_CHAPTER_HISTORY_PARA_1" Language="zh_Hans_CN">
			<Text>埃伦·古尔德·怀特，基督复临安息日会领袖。</Text>
		</Replace>
		<Replace Tag="LOC_PEDIA_GREATPEOPLE_PAGE_GREAT_PERSON_INDIVIDUAL_ELLEN_GOULD_WHITE_CHAPTER_HISTORY_PARA_2" Language="zh_Hans_CN">
			<Text>基督复临安息日会是200多个复临教派中最大的宗派。他们的名字来自他们对基督复临所怀的信仰。复临派源于1840年代早期浸信会传道人威廉·米勒所发起的运动。他们以为十诫仍然生效，因此每星期六均守安息。</Text>
		</Replace>
		<Replace Tag="LOC_PEDIA_GREATPEOPLE_PAGE_GREAT_PERSON_INDIVIDUAL_ELLEN_GOULD_WHITE_CHAPTER_HISTORY_PARA_3" Language="zh_Hans_CN">
			<Text>有些教友以为该教会最具影响力的领袖之一——埃伦·古尔德·怀特——的著作仿如受上帝所感示一般，而怀特则声称自己曾受到上天一连串异象所启迪。</Text>
		</Replace>

		<Replace Tag="LOC_PEDIA_GREATPEOPLE_PAGE_GREAT_PERSON_INDIVIDUAL_GUAN_YU_CHAPTER_HISTORY_PARA_1" Language="zh_Hans_CN">
			<Text>关羽（？－220年），本字长生，后改字云长，河东郡解县（今山西运城）人，被称为“美髯公”。早年跟随刘备颠沛流离，辗转各地，和刘备、张飞情同兄弟，因而虽然受到了曹操的厚待，但关羽仍然借机离开曹操，去追随刘备。赤壁之战后，关羽助刘备、周瑜攻打曹仁所驻守的南郡，而后刘备势力逐渐壮大，关羽则长期镇守荆州。</Text>
		</Replace>
		<Replace Tag="LOC_PEDIA_GREATPEOPLE_PAGE_GREAT_PERSON_INDIVIDUAL_GUAN_YU_CHAPTER_HISTORY_PARA_2" Language="zh_Hans_CN">
			<Text>建安二十四年，关羽在与曹仁之间的军事摩擦中逐渐占据上风，随后水陆并进，围攻襄阳、樊城，并利用秋季大雨，水淹七军，将前来救援的于禁打的全军覆没。关羽威震华夏，使得曹操一度产生迁都以避关羽锋锐的想法。但随后东吴孙权派遣吕蒙、陆逊袭击了关羽的后方，关羽又在与徐晃的交战中失利，最终进退失据，兵败被杀。</Text>
		</Replace>
		<Replace Tag="LOC_PEDIA_GREATPEOPLE_PAGE_GREAT_PERSON_INDIVIDUAL_GUAN_YU_CHAPTER_HISTORY_PARA_3" Language="zh_Hans_CN">
			<Text>关羽去世后，逐渐被神化，民间尊其为“关公”，历代朝廷多有褒封，清代奉为“忠义神武灵佑仁勇威显关圣大帝”，崇为“武圣”，与“文圣” 孔子齐名。《三国演义》尊其为蜀国“五虎上将”之首，毛宗岗称其为《演义》三绝中的“义绝”。</Text>
		</Replace>

		<Replace Tag="LOC_PEDIA_GREATPEOPLE_PAGE_GREAT_PERSON_INDIVIDUAL_YUKICHI_FUKUZAWA_CHAPTER_HISTORY_PARA_1" Language="zh_Hans_CN">
			<Text>福沢谕吉（ふくざわゆきち，1835年1月10日—1901年2月3日），大阪人。日本近代著名的启蒙思想家、明治时期杰出的教育家、日本著名私立大学庆应义塾大学的创立者。</Text>
		</Replace>
		<Replace Tag="LOC_PEDIA_GREATPEOPLE_PAGE_GREAT_PERSON_INDIVIDUAL_YUKICHI_FUKUZAWA_CHAPTER_HISTORY_PARA_2" Language="zh_Hans_CN">
			<Text>他毕生从事著述和教育活动，形成了富有启蒙意义的教育思想，对传播西方资本主义文明，对日本资本主义的发展起了巨大的推动作用，因而被日本称为“日本近代教育之父”、“明治时期教育的伟大功臣”。</Text>
		</Replace>
		<Replace Tag="LOC_PEDIA_GREATPEOPLE_PAGE_GREAT_PERSON_INDIVIDUAL_YUKICHI_FUKUZAWA_CHAPTER_HISTORY_PARA_3" Language="zh_Hans_CN">
			<Text>明治三十四年（一九〇一年）二月三日，谕吉终因宿疾－－脑溢血症复发，与世长辞，享年六十八。噩耗流传所及，日本全国上下，不问识与不识，都惋悼这颗巨星的殒落。他的逝世，确是日本最大的损失；全国的报刊杂志，齐声哀痛不已。众议院也破例对谕吉发布吊词，使他身后备享哀荣。</Text>
		</Replace>

		<Replace Tag="LOC_PEDIA_GREATPEOPLE_PAGE_GREAT_PERSON_INDIVIDUAL_THOMAS_TWINING_CHAPTER_HISTORY_PARA_1" Language="zh_Hans_CN">
			<Text>“川宁”是由英国人托马斯·川宁(Thomas Twining)创立的品牌，西元1706年川宁先生以“托马斯”之名於英国开设咖啡馆，正是“川宁”的前身。</Text>
		</Replace>
		<Replace Tag="LOC_PEDIA_GREATPEOPLE_PAGE_GREAT_PERSON_INDIVIDUAL_THOMAS_TWINING_CHAPTER_HISTORY_PARA_2" Language="zh_Hans_CN">
			<Text>自1706年诞生以来，川宁茶引领着饮茶文化的新潮流。在全世界爱好茶文化的人眼中，川宁茶就是饮茶的代表。</Text>
		</Replace>
		<Replace Tag="LOC_PEDIA_GREATPEOPLE_PAGE_GREAT_PERSON_INDIVIDUAL_THOMAS_TWINING_CHAPTER_HISTORY_PARA_3" Language="zh_Hans_CN">
			<Text>1837年英国皇室维多利亚女王颁布第一张“皇室委任书”，川宁茶被指定为皇室御用茶，并且此殊荣一直被沿袭至今。皇室成员包括女王本人、女王的母亲和查尔斯王子都非常推崇川宁茶。1717年，汤马士另外开设红茶专营店-「黄金狮子」，深获维多利亚女皇、乔治五世、爱德华七世等王室的激赏与青睐。更有幸的是川宁茶曾分别于1972年和1977年二次获得“女王勋章”，成为第一家被获准出口的茶公司，从而成功地进入到世界茶文化的市场。</Text>
		</Replace>

		<Replace Tag="LOC_GREATWORK_CHE_GUEVARA_NAME" Language="zh_Hans_CN">
			<Text>《游击战》</Text>
		</Replace>

		<Replace Tag="LOC_GREATWORK_MIKU_HATSUNE_1_NAME" Language="zh_Hans_CN">
			<Text>《把你给MIKUMIKU掉》</Text>
		</Replace>
		<Replace Tag="LOC_GREATWORK_MIKU_HATSUNE_2_NAME" Language="zh_Hans_CN">
			<Text>《Melt》</Text>
		</Replace>

		<Replace Tag="LOC_GREATWORK_VERMEER_1_NAME" Language="zh_Hans_CN">
			<Text>《台夫特城景色》</Text>
		</Replace>
		<Replace Tag="LOC_GREATWORK_VERMEER_2_NAME" Language="zh_Hans_CN">
			<Text>《倒牛奶的女仆》</Text>
		</Replace>
		<Replace Tag="LOC_GREATWORK_VERMEER_3_NAME" Language="zh_Hans_CN">
			<Text>《戴珍珠耳环的少女》</Text>
		</Replace>

		<Replace Tag="LOC_GREATWORK_LOVECRAFT_1_NAME" Language="zh_Hans_CN">
			<Text>《洞中兽》</Text>
		</Replace>
		<Replace Tag="LOC_GREATWORK_LOVECRAFT_2_NAME" Language="zh_Hans_CN">
			<Text>《敦威治恐怖事件》</Text>
		</Replace>

		<Replace Tag="LOC_GREATWORK_BRADLEY_BOND_1_NAME" Language="zh_Hans_CN">
			<Text>《忍者杀手-火烧新琦玉》</Text>
		</Replace>
		<Replace Tag="LOC_GREATWORK_BRADLEY_BOND_2_NAME" Language="zh_Hans_CN">
			<Text>《忍者杀手-京都：杀戮都市》</Text>
		</Replace>

		<Replace Tag="LOC_GREATWORK_LADY_GAGA_1_NAME" Language="zh_Hans_CN">
			<Text>《Bad Romance》</Text>
		</Replace>
		<Replace Tag="LOC_GREATWORK_LADY_GAGA_2_NAME" Language="zh_Hans_CN">
			<Text>《Poker Face》</Text>
		</Replace>

		<Replace Tag="LOC_GREATWORK_PISANELLO_1_NAME" Language="zh_Hans_CN">
			<Text>《埃斯特王族的公主像》</Text>
		</Replace>
		<Replace Tag="LOC_GREATWORK_PISANELLO_2_NAME" Language="zh_Hans_CN">
			<Text>《圣尤斯塔斯的愿景》</Text>
		</Replace>
		<Replace Tag="LOC_GREATWORK_PISANELLO_3_NAME" Language="zh_Hans_CN">
			<Text>《圣母子、圣乔治和隐修》</Text>
		</Replace>

		<Replace Tag="LOC_GREATWORK_TINTORETTO_1_NAME" Language="zh_Hans_CN">
			<Text>《迦纳的婚礼》</Text>
		</Replace>
		<Replace Tag="LOC_GREATWORK_TINTORETTO_2_NAME" Language="zh_Hans_CN">
			<Text>《基督受刑》</Text>
		</Replace>
		<Replace Tag="LOC_GREATWORK_TINTORETTO_3_NAME" Language="zh_Hans_CN">
			<Text>《苏珊娜的出浴》</Text>
		</Replace>

		<Replace Tag="LOC_GREATWORK_TAIKAN_1_NAME" Language="zh_Hans_CN">
			<Text>《屈原》</Text>
		</Replace>
		<Replace Tag="LOC_GREATWORK_TAIKAN_2_NAME" Language="zh_Hans_CN">
			<Text>《白梅》</Text>
		</Replace>
		<Replace Tag="LOC_GREATWORK_TAIKAN_3_NAME" Language="zh_Hans_CN">
			<Text>《蓬莱山》</Text>
		</Replace>

		<Replace Tag="LOC_GREATWORK_CHE_GUEVARA_QUOTE" Language="zh_Hans_CN">
			<Text>和平革命和通过选举改变的道路是可取的，如果有这个可能就应该追求。但是，在目前情况下，拉丁美洲任何一个国家似乎都不可能实现这种愿望。</Text>
		</Replace>
		<Replace Tag="LOC_GREATWORK_HOWARD_PHILLIPS_LOVECRAFT_1_QUOTE" Language="zh_Hans_CN">
			<Text>最终，恐惧离去，奇迹，敬畏，怜悯，敬畏等情绪纷纷产生。</Text>
		</Replace>
		<Replace Tag="LOC_GREATWORK_HOWARD_PHILLIPS_LOVECRAFT_2_QUOTE" Language="zh_Hans_CN">
			<Text>窗户上！是谁的手？！</Text>
		</Replace>
		<Replace Tag="LOC_GREATWORK_BRADLEY_BOND_1_QUOTE" Language="zh_Hans_CN">
			<Text>你应该毫不留情地杀死忍者。</Text>
		</Replace>
		<Replace Tag="LOC_GREATWORK_BRADLEY_BOND_2_QUOTE" Language="zh_Hans_CN">
			<Text>最好用暴力解决任何问题。</Text>
		</Replace>

		<Replace Tag="LOC_PEDIA_RESOURCES_PAGE_RESOURCE_COMPUTERS_CHAPTER_HISTORY_PARA_1" Language="zh_Hans_CN">
			<Text>计算机（computer）俗称电脑，是现代一种用于高速计算的电子计算机器，可以进行数值计算，又可以进行逻辑计算，还具有存储记忆功能。是能够按照程序运行，自动、高速处理海量数据的现代化智能电子设备。</Text>
		</Replace>
	</LocalizedText>
</GameData>