<?xml version="1.0" encoding="utf-8"?>
<GameData>
	<LocalizedText>
		<!-- 伝記 -->
		<Replace Tag="LOC_PEDIA_GREATPEOPLE_PAGE_GREAT_PERSON_INDIVIDUAL_JOSEPH_SMITH_JR_CHAPTER_HISTORY_PARA_1" Language="ja_JP">
			<Text>アメリカ合衆国のバーモント州ウィンザー郡シャロンの町で生まれた、末日聖徒イエス・キリスト教会（俗称モルモン教）の設立者。</Text>
		</Replace>
		<Replace Tag="LOC_PEDIA_GREATPEOPLE_PAGE_GREAT_PERSON_INDIVIDUAL_JOSEPH_SMITH_JR_CHAPTER_HISTORY_PARA_2" Language="ja_JP">
			<Text>1820年の春、近くの森に行きひざまずいて祈ったところ、神より示現を受けた。父なる神とイエス・キリストがジョセフ・スミスに現れ、イエスはジョセフにどの教会にも加わらないように告げられ、イエスと使徒の死後、長い間失われていた「神権」と「教義」を回復するためにジョセフが神から選ばれたとされている。</Text>
		</Replace>
		<Replace Tag="LOC_PEDIA_GREATPEOPLE_PAGE_GREAT_PERSON_INDIVIDUAL_JOSEPH_SMITH_JR_CHAPTER_HISTORY_PARA_3" Language="ja_JP">
			<Text>1830年に教会を設立、布教活動を行って勢力を伸ばしていくが、一夫多妻制など他のキリスト教とは相容れない教義が含まれており強い反発もあった。1844年、イリノイ州カーセイジでジョセフら中核メンバーが拘束され刑務所に収監されるが、反モルモン教を掲げる武装した暴徒がその刑務所を襲撃。ジョセフは兄とともにこの襲撃によって命を落とす。</Text>
		</Replace>

		<Replace Tag="LOC_PEDIA_GREATPEOPLE_PAGE_GREAT_PERSON_INDIVIDUAL_BOBBY_HENDERSON_CHAPTER_HISTORY_PARA_1" Language="ja_JP">
			<Text>2005年、カンザス州教育委員会にて「公教育において進化論と同様にインテリジェント・デザイン（ID説）の立場も教えなければいけない」という決議が評決されることになった際、これに抗議するために空飛ぶスパゲッティ・モンスターの概略を示して、明らかな証拠や、それに基づいて進化を説明できる十分な論理性・整合性があると論じ、創造論の一部として「空飛ぶスパゲッティ・モンスター」を進化論やID説と同様に公立高校で教えることを公開質問状において提案した。</Text>
		</Replace>
		<Replace Tag="LOC_PEDIA_GREATPEOPLE_PAGE_GREAT_PERSON_INDIVIDUAL_BOBBY_HENDERSON_CHAPTER_HISTORY_PARA_2" Language="ja_JP">
			<Text>その後、空飛ぶスパゲッティ・モンスターはインターネット上のミーム（流行）となり、ブログ（特に人気ブログ Boing Boing）などを中心に世界に広まった。カンザス州教育委員会にもID説を教える事に反対する人々がおり、ヘンダーソンはそのうち三人から空飛ぶスパゲッティ・モンスターに対する好意的な返事を受け取った。また、別の一人からは「神のまがい物を作るとは深刻な侮辱である」との返事があった。</Text>
		</Replace>
		<Replace Tag="LOC_PEDIA_GREATPEOPLE_PAGE_GREAT_PERSON_INDIVIDUAL_BOBBY_HENDERSON_CHAPTER_HISTORY_PARA_3" Language="ja_JP">
			<Text>その後の2005年11月、カンザス州教育委員会は多数決の結果、進化論は「単なる理論」であり、ID説を同時に教える事などを定めた科学教育基準を採決し、ID説派が勝利を収めるかたちとなった。しかし2006年の改選では、それを決定した委員は全員落選し、新たな委員会は元の基準を再び採用することを決めた。2007年2月には決議で改めて2005年の基準改定が拒否された。オランダでは2016年に正式な宗教団体として認可、その年の4月16日には当該地域で公的に認められた結婚式として、世界初の「パスタ婚」をニュージーランドで執り行った。</Text>
		</Replace>

		<Replace Tag="LOC_PEDIA_GREATPEOPLE_PAGE_GREAT_PERSON_INDIVIDUAL_JHON_HARRISON_CHAPTER_HISTORY_PARA_1" Language="ja_JP">
			<Text>イギリスの時計職人(1693～1776)。渡洋航海に必要とされる経度の測定が可能な精度をもった機械式時計（クロノメーター）を初めて製作した。</Text>
		</Replace>
		<Replace Tag="LOC_PEDIA_GREATPEOPLE_PAGE_GREAT_PERSON_INDIVIDUAL_JHON_HARRISON_CHAPTER_HISTORY_PARA_2" Language="ja_JP">
			<Text>6歳の時、天然痘にかかって静養していた折に父親から贈られた時計の動きに心を惹かれ、成長すると父の仕事を手伝いながら独学で物理学、機械工学を学ぶ。</Text>
		</Replace>
		<Replace Tag="LOC_PEDIA_GREATPEOPLE_PAGE_GREAT_PERSON_INDIVIDUAL_JHON_HARRISON_CHAPTER_HISTORY_PARA_3" Language="ja_JP">
			<Text>1713年、大工仕事の合間に自力で製作した時計が近所で評判となって修理や注文が相次ぐようになり、いつしか時計の仕事だけで生計が立てられるようになった。1764年に作成したクロノメーターH5は、5か月の航海で誤差15秒という非常に高性能なものであった。</Text>
		</Replace>

		<Replace Tag="LOC_PEDIA_GREATPEOPLE_PAGE_GREAT_PERSON_INDIVIDUAL_CHE_GUEVARA_CHAPTER_HISTORY_PARA_1" Language="ja_JP">
			<Text>アルゼンチン生まれの政治家、革命家。キューバのゲリラ指導者。「チェ・ゲバラ」は呼び名であり、本名はエルネスト・ラファエル・ゲバラ・デ・ラ・セルナ。</Text>
		</Replace>
		<Replace Tag="LOC_PEDIA_GREATPEOPLE_PAGE_GREAT_PERSON_INDIVIDUAL_CHE_GUEVARA_CHAPTER_HISTORY_PARA_2" Language="ja_JP">
			<Text>1955年、メキシコにてフィデル・カストロと出会う。キューバのフルヘンシオ・バティスタ独裁政権の打倒を目指すカストロに共感し、ゲリラ闘争への参加を決意。スペイン内戦の共和派の生き残りだったアルベルト・バーヨ中佐による本格的な軍事訓練を受け、1956年にキューバへ乗り込む。シエラ・マエストラ山脈に潜伏し山中の村などを転々としながら勢力を拡大させ、1958年12月29日には300人を率いて政府軍6000人が迎え撃つキューバ第2の都市サンタ・クララに突入する。そこで、政府軍の武器と兵士を乗せた装甲列車を転覆させ政府軍を混乱させる。反乱軍を支援する多数の市民の加勢もあり、激戦の末にこれを制圧し、首都ハバナへの道筋を開いた。</Text>
		</Replace>
		<Replace Tag="LOC_PEDIA_GREATPEOPLE_PAGE_GREAT_PERSON_INDIVIDUAL_CHE_GUEVARA_CHAPTER_HISTORY_PARA_3" Language="ja_JP">
			<Text>1959年、フルヘンシオ・バティスタがドミニカ共和国へ亡命し、1月8日カストロがハバナに入城、「キューバ革命」が達成された。その後はキューバ国内の政治に携わるが、ソ連からの圧力によりキューバを離れる。1967年、ボリビアの共産ゲリラ部隊とともに行動中、ボリビア政府軍のレンジャー大隊の襲撃を受けて捕えられ、収容された小学校で処刑される。処刑の際、銃撃を躊躇する兵士に向けて放った「落ち着け、そしてよく狙え。お前はこれから一人の人間を殺すのだ」、そして撃ち損じた当人に向けての「お前の目の前にいるのは英雄でも何でもないただの男だ。撃て!」が最期の言葉であった。</Text>
		</Replace>

		<Replace Tag="LOC_PEDIA_GREATPEOPLE_PAGE_GREAT_PERSON_INDIVIDUAL_MIKU_HATSUNE_CHAPTER_HISTORY_PARA_1" Language="ja_JP">
			<Text>2007年にクリプトン・フューチャー・メディアから発売された音声合成・デスクトップミュージック (DTM) 用のボーカル音源、およびそのキャラクターである。ヤマハの開発した音声合成システム「VOCALOID」に対応したボーカル音源で、メロディや歌詞の入力により合成音声によるボーカルパートやバックコーラスを作成することができる。息継ぎ、強弱も入力可能。また、声に身体を与えることでより声にリアリティを増すという観点から[女性のバーチャルアイドルのキャラクターが設定されている。</Text>
		</Replace>
		<Replace Tag="LOC_PEDIA_GREATPEOPLE_PAGE_GREAT_PERSON_INDIVIDUAL_MIKU_HATSUNE_CHAPTER_HISTORY_PARA_2" Language="ja_JP">
			<Text>発売されてから間もなく、初音ミクを用いた動画が動画投稿サイトに次々と投稿された。投稿される楽曲の傾向は、発売当初こそ既存の楽曲を初音ミクに歌わせたカバー曲が多くを占めていたが、徐々にユーザーが作詞作曲を行ったオリジナル曲の割合が増えてゆく。オリジナル曲も当初は「みくみくにしてあげる♪【してやんよ】」のような歌うソフトという初音ミクの立場に立った歌詞の楽曲が多いという特徴があったが、やがて「メルト」のように普遍性のある楽曲が増えていった。</Text>
		</Replace>
		<Replace Tag="LOC_PEDIA_GREATPEOPLE_PAGE_GREAT_PERSON_INDIVIDUAL_MIKU_HATSUNE_CHAPTER_HISTORY_PARA_3" Language="ja_JP">
			<Text>初音ミクに関連するコンテンツは、日本でのブーム当初から日本製コンテンツを好む国外の人々からも関心を集め、徐々に浸透していった。特に大きな関心を集めるようになったのは、2009年から2010年にかけ、初音ミクのライブイベント「ミクフェス '09（夏）」、「ミクの日感謝祭」の動画がアップされてからとされる。</Text>
		</Replace>

		<Replace Tag="LOC_PEDIA_GREATPEOPLE_PAGE_GREAT_PERSON_INDIVIDUAL_MARIE_CURIE_CHAPTER_HISTORY_PARA_1" Language="ja_JP">
			<Text>ワルシャワ生まれの物理学者・科学者。日本語では「キュリー夫人」として有名。放射線研究で1903年にノーベル物理学賞、1911年にノーベル化学賞を受賞している。</Text>
		</Replace>
		<Replace Tag="LOC_PEDIA_GREATPEOPLE_PAGE_GREAT_PERSON_INDIVIDUAL_MARIE_CURIE_CHAPTER_HISTORY_PARA_2" Language="ja_JP">
			<Text>彼女が見つけたラジウムは学問対象としてだけではなく、産業分野でも有用性が次々と明らかになったが、彼女はラジウムの精製法に関する特許は一切取得しなかった。その理由は「人生最大の報酬とは、知的活動そのものである」と答えている。</Text>
		</Replace>
		<Replace Tag="LOC_PEDIA_GREATPEOPLE_PAGE_GREAT_PERSON_INDIVIDUAL_MARIE_CURIE_CHAPTER_HISTORY_PARA_3" Language="ja_JP">
			<Text>1934年、度重なる実験のための被爆が原因と思われる再生不良性貧血により死去。</Text>
		</Replace>

		<Replace Tag="LOC_PEDIA_GREATPEOPLE_PAGE_GREAT_PERSON_INDIVIDUAL_JOHANNES_VERMEER_CHAPTER_HISTORY_PARA_1" Language="ja_JP">
			<Text>17世紀のネーデルラント連邦共和国（オランダ）の画家で、バロック期を代表する画家の1人である。映像のような写実的な手法と綿密な空間構成そして光による巧みな質感表現を特徴とする。</Text>
		</Replace>
		<Replace Tag="LOC_PEDIA_GREATPEOPLE_PAGE_GREAT_PERSON_INDIVIDUAL_JOHANNES_VERMEER_CHAPTER_HISTORY_PARA_2" Language="ja_JP">
			<Text>生前も画家として高い評価を得ていたものの、あまりに寡作だったこと、それらが個人コレクションだったため公開されていなかったこと、芸術アカデミーの影響でその画風や主だった主題が軽視されていたことが重なって、死後18世紀に入るとその名前は急速に忘れられていった。</Text>
		</Replace>
		<Replace Tag="LOC_PEDIA_GREATPEOPLE_PAGE_GREAT_PERSON_INDIVIDUAL_JOHANNES_VERMEER_CHAPTER_HISTORY_PARA_3" Language="ja_JP">
			<Text>しかし、19世紀のフランスにおいてついに再び脚光を浴びることとなる。それまでのフランス画壇においては、絵画は理想的に描くもの、非日常的なものという考えが支配的であったが、それらの考えに反旗を翻し、民衆の日常生活を理想化せずに描くギュスターヴ・クールベやジャン＝フランソワ・ミレーが現れたのである。この新しい絵画の潮流が後の印象派誕生へつながることとなった。このような時代背景の中で、写実主義を基本とした17世紀オランダ絵画が人気を獲得し、フェルメールが再び高い評価と人気を勝ち得ることとなった。</Text>
		</Replace>

		<Replace Tag="LOC_PEDIA_GREATPEOPLE_PAGE_GREAT_PERSON_INDIVIDUAL_HOWARD_PHILLIPS_LOVECRAFT_CHAPTER_HISTORY_PARA_1" Language="ja_JP">
			<Text>1890年8月20日、ロードアイランド州プロヴィデンスに宝石商人ウィンフィールド・スコット・ラヴクラフトの子として生まれる。父は商才豊かな人物であり、地元の名士として知られたフィリップス家から妻を得るなど社会的成功を収めたが、ラヴクラフトが幼少の頃に神経症を患い、5年後に精神病院で衰弱死している。父の死後は母方の祖父フィップル・フィリップスの住むヴィクトリア朝様式の古い屋敷に引き取られた。経済的に恵まれた環境の下、早熟で本好きな少年はゴシック･ロマンスを好んでいた祖父の影響を受け、物語や古い書物に触れて過ごした。6歳頃には自分でも物語を書くようになったが、「夜妖」に拉致されるという悪夢に悩まされるなど、父と同じ精神失調を抱えて育つ。ただ、悪夢については8歳で科学に関心を持つと同時に宗教心を捨てると見なくなったという。</Text>
		</Replace>
		<Replace Tag="LOC_PEDIA_GREATPEOPLE_PAGE_GREAT_PERSON_INDIVIDUAL_HOWARD_PHILLIPS_LOVECRAFT_CHAPTER_HISTORY_PARA_2" Language="ja_JP">
			<Text>1914年4月、アマチュア文芸家の交流組織に参加した事をきっかけに、ラヴクラフトは小説との関わりを取り戻した。その3年後には小説の執筆を再開して同人誌に作品を載せるようになった。パルプ雑誌『ウィアード・テイルズ』の読者の間では人気があったが、寡作にして、また雑誌の稿料も、文章添削の収入も低かったため、生活は常に貧しいものだった。しかし、晩年に貧困のお陰で古い家に住むという願いがかなったと書簡に書いているように、貧困を気にする性格ではなく、また稿料のアップなどもほとんど要求することがなかった。</Text>
		</Replace>
		<Replace Tag="LOC_PEDIA_GREATPEOPLE_PAGE_GREAT_PERSON_INDIVIDUAL_HOWARD_PHILLIPS_LOVECRAFT_CHAPTER_HISTORY_PARA_3" Language="ja_JP">
			<Text>45歳を過ぎてギリシア語をマスターしたが、1936年にロバート・ハワードが自殺したことに衝撃を受け、また同年腸癌との診断を受け、その後の栄養失調も重なり、翌年1937年に病死した。生前に出版された単行本は1936年にウィリアム・L・クロフォードが出版した、中編『インスマウスの影』の一作だけで、それもわずかな部数であった。彼の没後1939年、手紙友達で同業作家であるオーガスト・ダーレス、ドナルド・ウォンドレイが発起人となり、彼の作品を出版するという目的でアーカム・ハウス出版社が設立された。</Text>
		</Replace>

		<Replace Tag="LOC_PEDIA_GREATPEOPLE_PAGE_GREAT_PERSON_INDIVIDUAL_BILL_GATES_CHAPTER_HISTORY_PARA_1" Language="ja_JP">
			<Text>1955年10月28日にシアトルでウィリアム・ヘンリー・ゲイツ・シニアとマリー・マクスウェル・ゲイツとの間に生まれた。ゲイツ家は裕福な家庭だったが、自分のことには一切お金を使おうとしなかったとのこと。会衆派教会の日曜学校に通い、聖歌隊で歌い、ボーイスカウトにも入っていた。また、エドガー・ライス・バローズのターザン物や火星人物を読みあさる一方、フランクリン・D・ルーズベルトやナポレオン、偉大な発明家などの伝記を耽読した。彼は小学校を優秀な成績で卒業した。IQは160。</Text>
		</Replace>
		<Replace Tag="LOC_PEDIA_GREATPEOPLE_PAGE_GREAT_PERSON_INDIVIDUAL_BILL_GATES_CHAPTER_HISTORY_PARA_2" Language="ja_JP">
			<Text>その後、シアトルの私立レイクサイド中学・高校に入学した。レイクサイド校は、1967年当時シアトルで授業料が最も高い学校だった。当時レイクサイド校ではディジタル・イクイップメント・コーポレーション社のPDP-10を生徒に貸しており、そこでコンピュータに興味を持つようになった。高校生のとき、友人のポール・アレンとともにトラフォデータ社を創業し、州政府に交通量計測システムを納入したり、オレゴン州ポートランドの会社の、COBOLでの給与計算システムの作成を手伝ったりした。</Text>
		</Replace>
		<Replace Tag="LOC_PEDIA_GREATPEOPLE_PAGE_GREAT_PERSON_INDIVIDUAL_BILL_GATES_CHAPTER_HISTORY_PARA_3" Language="ja_JP">
			<Text>1973年に、ゲイツはハーバード大学に入学。法律を学ぶことを志したが法学に熱中することができず、何時間もポーカーをやっていたり、自室に座りこんで残りの一生をどう使うべきか迷って落ちこんでいたりしたという。結局ハーバード大学を休学し、ニューメキシコ州アルバカーキに引っ越してアレンと共にマイクロソフト社（当時はMicro-Softと綴った）を創業した。後に同社の開発したオペレーティングシステムとなったMicrosoft Windows 95は1990年代後半には世界1位の市場占有率となり、彼の名は世界に知れ渡った。</Text>
		</Replace>

		<Replace Tag="LOC_PEDIA_GREATPEOPLE_PAGE_GREAT_PERSON_INDIVIDUAL_CASEY_RYBACK_CHAPTER_HISTORY_PARA_1" Language="ja_JP">
			<Text>映画「沈黙の戦艦」の主人公。戦艦「ミズーリ」のコック長で、階級は兵曹。アダムス艦長の専属コックも務める。前歴は海軍特殊部隊「Navy SEALs」の対テロ部隊の元指揮官。パナマ侵攻までは華々しい経歴を持っていた英雄だったが、情報将校との諍いで左遷されてしまった過去を持つ。</Text>
		</Replace>
		<Replace Tag="LOC_PEDIA_GREATPEOPLE_PAGE_GREAT_PERSON_INDIVIDUAL_CASEY_RYBACK_CHAPTER_HISTORY_PARA_2" Language="ja_JP">
			<Text>火器を使った戦闘は勿論、ナイフや徒手による格闘技においても無類の強さを持つ戦士。食材や日用品を応用して即席の仕掛け爆弾を作る、テロリストに勘づかれないように艦内を移動するなど、工作技能、洞察力、判断力にも恵まれている。コックとしての料理の腕前も非常に良く、艦長が気に入る料理を作れるのは自分だけだと自負している。厨房の同僚を始め乗組員との仲はおおむね良好だが、制服の着用に頓着せず、上官に対して「サー」付けをするよう注意されても拒否するため士官たちからは睨まれている。また副長であるクリル中佐との対立・諍いが絶えず、彼による嫌がらせにも辟易していた。</Text>
		</Replace>
		<Replace Tag="LOC_PEDIA_GREATPEOPLE_PAGE_GREAT_PERSON_INDIVIDUAL_CASEY_RYBACK_CHAPTER_HISTORY_PARA_3" Language="ja_JP">
			<Text>自身がアダムス艦長のサプライズパーティーのために作っていたブイヤベースの鍋にクリル中佐が痰を吐いたことに激怒。彼を殴打したため生鮮品の保冷倉庫に閉じ込められたが、これが結果的にストラニクス一味のテロから逃れるきっかけになる。ストラニクスの手下の襲撃を一蹴し、キッチンを脱出した後、誰もいなくなったパーティー会場で何も知らないミス・ジュライことジョーダン・テートと出会う。次いで他の仲間達も救出し、一味に反撃を開始する。</Text>
		</Replace>

		<Replace Tag="LOC_PEDIA_GREATPEOPLE_PAGE_GREAT_PERSON_INDIVIDUAL_SATHYA_SAI_BABA_CHAPTER_HISTORY_PARA_1" Language="ja_JP">
			<Text>1926年11月23日に南インド、アーンドラ・プラデーシュ州アナンタプラム県のプッタパルティという小村の貧しいラトナーカラム家に生まれ、サティヤ・ナーラーヤナ・ラージュ （Sathya Narayana Raju） と名づけられた。1940年5月23日、14歳の時、自分はシルディ・サイ・ババ（シルディ・サーイー・バーバー）の生まれ変わりで、シヴァとシャクティのアヴァター（化身）であり、人々の悩みを取り払うために降臨したと宣言し、サイ・ババ（サーイー・バーバー）を名乗ることにした。ちなみに、このサーイー・バーバー（Sāī Bābā）という名称は「聖なる父」という意味で、サーイー （Sāī） はペルシャ語で「聖なる者」、「聖者」（通常はイスラーム教の苦行者）を意味し、バーバ ー（Bābā） はインド語圏で「父」を意味していた。</Text>
		</Replace>
		<Replace Tag="LOC_PEDIA_GREATPEOPLE_PAGE_GREAT_PERSON_INDIVIDUAL_SATHYA_SAI_BABA_CHAPTER_HISTORY_PARA_2" Language="ja_JP">
			<Text>1940年10月20日に家を出てから説法を始めると、不治の病を治すといった数々の奇跡が人々に知られるようになり、サイ・ババの名前は次第にインド全土に広がっていった。1960年代末には海外にもその名が広まり、インド人やインド系の民族を中心に世界各国に数百万人以上の信奉者をもつようになった。サイ・ババの講話を編纂した書籍とサイ・ババとの体験をつづった本は数百冊出版され、さまざまな国で翻訳されるようになった。</Text>
		</Replace>
		<Replace Tag="LOC_PEDIA_GREATPEOPLE_PAGE_GREAT_PERSON_INDIVIDUAL_SATHYA_SAI_BABA_CHAPTER_HISTORY_PARA_3" Language="ja_JP">
			<Text>サイ・ババの知名度が上がるにつれ、一般企業によりサイ・ババ関連の商品が多く作られるようになったが、彼自身自分の名を利用した商売を認めていない。彼は「中には、サイの名前を使って商売をしている人々がいます。彼らは、サイの帰依者を装って他者を騙しています。私は、そのような行動には賛成しません。彼らは帰依者などではありません。彼らは、国の内外を問わず、様々な場所に行ってサイの名前を使って金集めをしています。それは重大な犯罪です。私はただの1パイサも人に求めません。私は、決してそのような商売を承認することはありません。」と言っている。2011年4月、呼吸器不全のため死去。葬儀は国葬として執り行われた。</Text>
		</Replace>

		<Replace Tag="LOC_PEDIA_GREATPEOPLE_PAGE_GREAT_PERSON_INDIVIDUAL_CHARLES_TAZE_RUSSELL_CHAPTER_HISTORY_PARA_1" Language="ja_JP">
			<Text>アメリカ合衆国におけるキリスト教の宗教家。1870年に「聖書研究会」を開き、それら成員は「聖書研究者」または「国際聖書研究者」（現在の「エホバの証人」）と呼ばれるようになり、1879年には『シオンのものみの塔およびキリストの臨在の告知者』（現在の『ものみの塔』誌）を創刊し、1884年に宗教法人である「シオンのものみの塔冊子協会」（現在の「ものみの塔聖書冊子協会」）を設立。ラッセルはその初代会長を務めた。パスター・ラッセル（「牧師」の意味）との愛称で呼ばれていた。</Text>
		</Replace>
		<Replace Tag="LOC_PEDIA_GREATPEOPLE_PAGE_GREAT_PERSON_INDIVIDUAL_CHARLES_TAZE_RUSSELL_CHAPTER_HISTORY_PARA_2" Language="ja_JP">
			<Text>ラッセルはキリスト教の伝統的な地獄の教理、運命予定説、霊魂不滅、三位一体論を否定した。聖書のみを絶対的な神の言葉として受け入れ、聖書の真理は漸進的に明確になると信じ、出版物は聖書を理解する助けに過ぎないと考えた。エホバという固有の名を持ち、公正を知恵や愛や力と完全な調和を保つ、創造者である父なる神を崇拝した。キリストの贖いの価値を支持し、キリストの再臨は目に見えない形で起こり、パルーシア（臨在）は一定期間続き、地球を滅ぼすためではなく人類を祝福するために来ると信じた。</Text>
		</Replace>
		<Replace Tag="LOC_PEDIA_GREATPEOPLE_PAGE_GREAT_PERSON_INDIVIDUAL_CHARLES_TAZE_RUSSELL_CHAPTER_HISTORY_PARA_3" Language="ja_JP">
			<Text>64歳の時、健康状態の悪化したラッセルは、テキサス州サンアントニオで最後の講演をした後にブルックリンへと戻る汽車の車内で、テキサス州パンパにて亡くなった。ペンシルベニア州ピッツバーグのカーネギー・ホールで葬儀が行われ、ラッセル夫人は彼が好きであったすずらんの花束と共に「愛する夫へ」と記されたリボンを棺桶に置いたと言われている。</Text>
		</Replace>

		<Replace Tag="LOC_PEDIA_GREATPEOPLE_PAGE_GREAT_PERSON_INDIVIDUAL_YOUSUKE_KADOMATSU_CHAPTER_HISTORY_PARA_1" Language="ja_JP">
			<Text>漫画「ジパング」に登場する主人公の一人。イージス艦「みらい」の艦長。エクアドル争乱に伴う現地の邦人保護のため、威嚇を目的とした日米合同軍事演習を実施するエクアドル沖へ派遣される。が、その途中、タイムスリップに巻き込まれる。</Text>
		</Replace>
		<Replace Tag="LOC_PEDIA_GREATPEOPLE_PAGE_GREAT_PERSON_INDIVIDUAL_YOUSUKE_KADOMATSU_CHAPTER_HISTORY_PARA_2" Language="ja_JP">
			<Text>人命を何よりも重視し、戦闘に際しても敵側の犠牲を抑える事を第一としており、米軍兵士の人命をかなり尊重している。最悪の事態を避けるためにある程度の犠牲を出す覚悟もあり、劇中で大和と交戦した際には後部射撃指揮所を攻撃し将兵を複数死傷させた（これが劇中初めて、みらいの攻撃で日本人に死者が出た出来事である）。</Text>
		</Replace>
		<Replace Tag="LOC_PEDIA_GREATPEOPLE_PAGE_GREAT_PERSON_INDIVIDUAL_YOUSUKE_KADOMATSU_CHAPTER_HISTORY_PARA_3" Language="ja_JP">
			<Text>妻の圭子（けいこ）と息子の一洋（かずひろ）がおり、本作のもう一人の主人公である草加拓海を追って満州へ渡った際には懐に2人を撮った写真を入れていた。 </Text>
		</Replace>

		<Replace Tag="LOC_PEDIA_GREATPEOPLE_PAGE_GREAT_PERSON_INDIVIDUAL_STANISLAW_MACZEK_CHAPTER_HISTORY_PARA_1" Language="ja_JP">
			<Text>ポーランドの軍人。リヴォフ近郊のシュチェジェツ出身。リヴォフ大学で文学と哲学を学ぶ。銃兵同盟の活動に参加。1914年、オーストリア・ハンガリー軍に召集され、第一次世界大戦に従軍。</Text>
		</Replace>
		<Replace Tag="LOC_PEDIA_GREATPEOPLE_PAGE_GREAT_PERSON_INDIVIDUAL_STANISLAW_MACZEK_CHAPTER_HISTORY_PARA_2" Language="ja_JP">
			<Text>1938年秋、第10自動車化騎兵旅団長に任命された。同旅団は開戦時、ポーランド軍内で唯一の完全機械化がなされた精鋭部隊であり、第一次世界大戦型のドイツ軍用ヘルメット、黒革のコートという独特の軍装で、「黒旅団」の名で知られた。</Text>
		</Replace>
		<Replace Tag="LOC_PEDIA_GREATPEOPLE_PAGE_GREAT_PERSON_INDIVIDUAL_STANISLAW_MACZEK_CHAPTER_HISTORY_PARA_3" Language="ja_JP">
			<Text>ドイツ軍のポーランド侵攻時、第10自動車化騎兵旅団は南部ポーランドのクラクフ軍団に属して戦った。ソ連がポーランドへ侵攻を開始するに及び、撤退命令を受け、マチェクは部隊とともにハンガリーに逃れた。1940年春、フランスで自分の旅団を復活させ、フランス戦役時、ドイツ軍と交戦。フランス降伏後、戦友達と共にイギリスに亡命し、三度自分の部隊を復活させた。1942年2月、イギリスで編成された第1ポーランド戦車師団を指揮。1944年7月30日、師団と共にノルマンディーに上陸。1944年8月、師団は第2カナダ軍団の編成下に入った。フランス、ベルギー、オランダで戦い、ヴィルヘルムスハーフェンへの途上で終戦を迎えた。1995年12月11日にエディンバラで死去。享年103歳という長寿であった。</Text>
		</Replace>

		<Replace Tag="LOC_PEDIA_GREATPEOPLE_PAGE_GREAT_PERSON_INDIVIDUAL_FLORENCE_NIGHTINGALE_CHAPTER_HISTORY_PARA_1" Language="ja_JP">
			<Text>裕福なジェントリの家庭である両親の2年間の新婚旅行中にトスカーナ大公国の首都フィレンツェで生まれ、フローレンス（フィレンツェの英語読み）と名づけられる。幼少期は、贅の限りを尽くした教育（フランス語・ギリシャ語・イタリア語（姉妹とも読み書き会話ができた）、ラテン語（聖書や哲学の勉強の基礎となるものとして学ぶ）などの外国語、ギリシア哲学（プラトン）・数学・天文学・経済学・歴史（イギリス、外国）、美術、音楽、絵画、英語（英文法、作文）、地理、心理学、詩や小説などの文学）が施される。しかし、慈善訪問の際に接した貧しい農民の悲惨な生活を目の当たりにするうちに、徐々に人々に奉仕する仕事に就きたいと考えるようになる。精神を病んだ姉の看護をするという口実で1851年、ドイツの病院付学園施設カイザースヴェルト学園に滞在する。ここでは、看護婦に対しても教育が行われていたが、当時、看護婦は病院で病人の世話をする単なる召使として見られ、専門知識の必要がない職業と考えられていた時代であった。</Text>
		</Replace>
		<Replace Tag="LOC_PEDIA_GREATPEOPLE_PAGE_GREAT_PERSON_INDIVIDUAL_FLORENCE_NIGHTINGALE_CHAPTER_HISTORY_PARA_2" Language="ja_JP">
			<Text>しかし、1854年にクリミア戦争が勃発すると、転機が訪れた。ロンドンタイムスの特派員ウイリアム・ハワード・ラッセルにより、クリミア戦争の前線における負傷兵の扱いが後方部隊で如何に悲惨な状況となっているかが伝えられるようになると、一気に世論は沸騰する。ナイチンゲールはシドニー・ハーバート戦時大臣からの依頼を受け、シスター24名、職業看護婦14名の計38名の女性を率いて後方基地と病院のあるスクタリに向かい、スクタリ病院の看護師の総責任者として活躍した。後に判明することであるが、着任後に死亡率は上昇 (42%) したものの、『衛生委員会』の査察で衛生状態の改善により好転した。当時、その働きぶりから「クリミアの天使」とも呼ばれた。看護師を「白衣の天使」と呼ぶのは、ナイチンゲールに由来する。夜回りを欠かさなかったことから、「ランプの貴婦人」とも呼ばれた。ナイチンゲール自身はそういったイメージで見られることを喜んでいなかったようである。本人の言葉としては、「天使とは、美しい花をまき散らす者でなく、苦悩する者のために戦う者である」が知られる。</Text>
		</Replace>
		<Replace Tag="LOC_PEDIA_GREATPEOPLE_PAGE_GREAT_PERSON_INDIVIDUAL_FLORENCE_NIGHTINGALE_CHAPTER_HISTORY_PARA_3" Language="ja_JP">
			<Text>戦争終結後、国民的英雄として祭り上げられることを快く思わない彼女は偽名を使って人知れず帰国。帰国後、ナイチンゲールチームはバーリントンホテルに集結し、タロック大佐の克明な報告書を読みながら病院の状況分析を始める。数々の統計資料を作成し、改革のためにつくられた各種委員会に提出した。このためイギリスでは、ナイチンゲールを統計学の先駆者としている。37歳（1857年）の時に心臓発作で倒れてしまい、その後は慢性疲労症候群に由来すると考えられる虚脱状態に悩まされた。死去するまでの約50年間はほとんどベッドの上で過ごし、本の原稿や手紙を書くことが活動の柱となった。1910年8月13日死去。</Text>
		</Replace>

		<Replace Tag="LOC_PEDIA_GREATPEOPLE_PAGE_GREAT_PERSON_INDIVIDUAL_MIKI_NAKAYAMA_CHAPTER_HISTORY_PARA_1" Language="ja_JP">
			<Text>日本の宗教家、天理教教祖。天保9年10月23日（1838年12月9日）の夜四ッ刻（午後十時）、長男・秀司の足の病の原因究明と回復のために、修験道当山派内山永久寺の配下の山伏、中野市兵衛に祈祷を依頼した。その時市兵衛が災因を明らかにするためにする憑祈祷の依り坐が不在だったために、みきが依り坐、加持代となる。この時、みきの様子は一変し、まったく別人になったかのような、著しい変化があり、いわゆる憑依状態に入った。このことを天理教では「月日（神）のやしろ」に召される、と呼んでおり、これをもって天理教の立教としている。</Text>
		</Replace>
		<Replace Tag="LOC_PEDIA_GREATPEOPLE_PAGE_GREAT_PERSON_INDIVIDUAL_MIKI_NAKAYAMA_CHAPTER_HISTORY_PARA_2" Language="ja_JP">
			<Text>その後長らく具体的な布教は行われていなかったが、三女・はる懐妊の際にみき自ら安産祈願である「をびや（おびや）許し」をはじめて施した。これが従来の毒忌みや凭れ物、腹帯といった慣習に従わなくても、容易に安産できるとして次第に評判を呼び、これをきっかけとしてみきの評判や教えは広がっていた。旧暦10月26日に専用に「つとめ場所」を建築。またこの年春ごろより、天理教の救済手段とされる「さづ（ず）け」のはじめとして、みきが信者に授けた扇によって神意をはかることができるとする「扇のさずけ」と「肥のさずけ」を開始した。</Text>
		</Replace>
		<Replace Tag="LOC_PEDIA_GREATPEOPLE_PAGE_GREAT_PERSON_INDIVIDUAL_MIKI_NAKAYAMA_CHAPTER_HISTORY_PARA_3" Language="ja_JP">
			<Text>しかし、天理教を信仰すれば医者にかかる必要はないと説いたために僧侶、村医者などから反発を受ける。当時の布達、違警罪にも違反しているとされ警察からの取り締まりを受けるなど権力との対立が表面化していった。この中でも正式な布教許可を受けるなどしてみきは天命を貫き通し、明治20年（1887年）2月18日、90歳で死去。</Text>
		</Replace>

		<Replace Tag="LOC_PEDIA_GREATPEOPLE_PAGE_GREAT_PERSON_INDIVIDUAL_NGO_VAN_CHIEU_CHAPTER_HISTORY_PARA_1" Language="ja_JP">
			<Text>ベトナムで創始されたカオダイ教の創始者の一人（もうひとりはレ・ヴァン・チャウン）。カオダイ教は五教（儒教、道教、仏教、キリスト教、イスラム教）の教えを土台としている。</Text>
		</Replace>
		<Replace Tag="LOC_PEDIA_GREATPEOPLE_PAGE_GREAT_PERSON_INDIVIDUAL_NGO_VAN_CHIEU_CHAPTER_HISTORY_PARA_2" Language="ja_JP">
			<Text>ホーチミン市から北西約100kmのタイニン省ホアタイン県に総本山がある。信徒数は約100万から300万と言われ、タイニン省の人口の7割あるいは3分の2がカオダイ教の信者だと言われる。</Text>
		</Replace>
		<Replace Tag="LOC_PEDIA_GREATPEOPLE_PAGE_GREAT_PERSON_INDIVIDUAL_NGO_VAN_CHIEU_CHAPTER_HISTORY_PARA_3" Language="ja_JP">
			<Text>カオダイ教にはさまざまな宗教の要素が取り入れられており、キリスト教的な要素、特に聖職者の階級制度を採用していると言われるなどカトリックの側面が見られる一方で、古来からの精霊崇拝の要素も見られる。孔子、老子、釈迦、観音菩薩、キリスト、ムハンマド、さらには李白、太上老君（老子）、ソクラテス、トルストイ、ヴィクトル・ユーゴーなどを聖人や使徒と仰ぐ。</Text>
		</Replace>

		<Replace Tag="LOC_PEDIA_GREATPEOPLE_PAGE_GREAT_PERSON_INDIVIDUAL_BRADLEY_BOND_CHAPTER_HISTORY_PARA_1" Language="ja_JP">
			<Text>『ニンジャスレイヤー』原作者の1人。ブルックリン在住。エキセントリックな言動が目立つもうひとりの原作者、モーゼズ＝サンに比べると比較的まともで奥ゆかしい紳士。原稿はタイプライターで書いているとのこと。</Text>
		</Replace>
		<Replace Tag="LOC_PEDIA_GREATPEOPLE_PAGE_GREAT_PERSON_INDIVIDUAL_BRADLEY_BOND_CHAPTER_HISTORY_PARA_2" Language="ja_JP">
			<Text>メインキャラの多くの造形は彼によるものらしく、漠然としたアイディアをはっきりしたキャラクター像にするのが得意のようだ。奇抜なキャラクターや左右の振れ幅の大きい展開に定評のあるモーゼズ氏に比べ、「スワン・ソング・サング・バイ・ア・フェイデッド・クロウ」に代表されるような、比較的整然とした王道展開を好むといわれる。 ただし、中心執筆者が明かされているエピソードはごく一部であり、そもそもほとんどのエピソードが合作で両氏の手が繰り返し入っているため、あくまでヘッズ間でそう囁かれることがあるにすぎない。また、スシ回や野球回、泥酔回のような全エピソード中屈指のぶっ飛んだアイデアを出してモーゼズ＝サンに正気を疑われたこともある。</Text>
		</Replace>
		<Replace Tag="LOC_PEDIA_GREATPEOPLE_PAGE_GREAT_PERSON_INDIVIDUAL_BRADLEY_BOND_CHAPTER_HISTORY_PARA_3" Language="ja_JP">
			<Text>ニンジャスレイヤー以外での活動では、DCコミック「ヒットマン」日本語版の2巻に解説を寄稿、日本をモチーフにしたアメリカ小説のアンソロジー『ハーン・ザ・ラストハンター』（2016年 筑摩書房刊）の編者など。</Text>
		</Replace>

		<Replace Tag="LOC_PEDIA_GREATPEOPLE_PAGE_GREAT_PERSON_INDIVIDUAL_LADY_GAGA_CHAPTER_HISTORY_PARA_1" Language="ja_JP">
			<Text>アメリカ合衆国の音楽家。19歳の時にデフ・ジャム・レコーディングスと契約し、ニューヨーク市の近郊のクラブでダンサーをしながら生計を立てた。また同時期インタースコープ・レコードとソングライターとして契約をし、同レーベルのアーティストを中心に複数のミュージシャンに楽曲提供を行った。その後楽曲提供を行う中でエイコンにガガの歌手としての才能を認められ、エイコン自身のレーベルコンライブとレコード契約し、歌手としてのキャリアをスタートさせた。</Text>
		</Replace>
		<Replace Tag="LOC_PEDIA_GREATPEOPLE_PAGE_GREAT_PERSON_INDIVIDUAL_LADY_GAGA_CHAPTER_HISTORY_PARA_2" Language="ja_JP">
			<Text>2008年に発売したデビュー・アルバム『ザ・フェイム』は商業的に大きな成功を収め、4カ国の音楽チャートで1位を獲得、1500万枚以上売り上げた。米ビルボードのダンス/エレクトロニカ・アルバムチャートでも1位となり、多くの批評家から肯定的評価を受けた。アルバムからの最初のシングル2曲「ジャスト・ダンス」「ポーカー・フェイス」は世界中のチャートで1位を獲得する大ヒットとなり、前者は第51回グラミー賞にて最優秀ダンス・レコーディング賞にノミネートされた。</Text>
		</Replace>
		<Replace Tag="LOC_PEDIA_GREATPEOPLE_PAGE_GREAT_PERSON_INDIVIDUAL_LADY_GAGA_CHAPTER_HISTORY_PARA_3" Language="ja_JP">
			<Text>ガガは早い段階での成功やメーンストリーム・アーティストになれたのには同性愛者のファンとそのコミュニティでの自身への支持があり、それらのアイコンとなったことが大きいと述べている。ガガは「私の分岐点は、同性愛者のコミュニティだった。私にはとても多くの同性愛者のファンがいる。そして、彼らは私をとても慕ってくれる。そして、彼らは私を持ち上げてくれた。彼らは私を常に支持してくれてるし、私も彼らを常に支持している。ファンベースを作ることは容易ではない」とコメントしている。</Text>
		</Replace>

		<Replace Tag="LOC_PEDIA_GREATPEOPLE_PAGE_GREAT_PERSON_INDIVIDUAL_PISANELLO_CHAPTER_HISTORY_PARA_1" Language="ja_JP">
			<Text>15世紀に活動したイタリアの画家。国際ゴシック様式を代表する画家の一人であり、記念メダルの作家としても知られる。日本語では「ピサネッロ」とも表記する。生年については1380年から1395年までの間、没年は1450年から1455年までの間（おそらくは1455年7月14日から10月8日までの間）としかわかっていない。</Text>
		</Replace>
		<Replace Tag="LOC_PEDIA_GREATPEOPLE_PAGE_GREAT_PERSON_INDIVIDUAL_PISANELLO_CHAPTER_HISTORY_PARA_2" Language="ja_JP">
			<Text>現在、素描とメダルを除いた絵画作品の真作は10点ほどしか残っていない。彼の現存する作品は主にヴェローナとマントヴァにある。ロンドンのナショナル・ギャラリーには2点の作品（『聖エウスタキウスの幻視』『聖母子と聖アントニウスと聖ゲオルギウス』）がある。素描の多くはミラノのアンブロジアーナ図書館とパリのルーヴル美術館にある。</Text>
		</Replace>
		<Replace Tag="LOC_PEDIA_GREATPEOPLE_PAGE_GREAT_PERSON_INDIVIDUAL_PISANELLO_CHAPTER_HISTORY_PARA_3" Language="ja_JP">
			<Text>彼は同時代の画家たちに大きな影響を与えたが、自分自身の画派を形成しなかった。彼の才能は短期間に発揮されたが、人文主義的、古典的なルネサンス文化の勃興とともに、死後急速に忘れられていった。彼は国際ゴシック様式（1400年代の宮廷風のゴシック様式）の最後のそして最も重要な画家と見なされているとともに、ルネサンス絵画の最初のリーダーの一人とも見なされている。</Text>
		</Replace>

		<Replace Tag="LOC_PEDIA_GREATPEOPLE_PAGE_GREAT_PERSON_INDIVIDUAL_TINTORETTO_CHAPTER_HISTORY_PARA_1" Language="ja_JP">
			<Text>イタリアのルネサンス期の画家。師匠のティツィアーノ、そしてヴェロネーゼとともにルネサンス期のヴェネツィア派を代表する画家。ティツィアーノの色彩とミケランジェロのマニエリスムの形体を結びつけ、情熱的な宗教画を描いた。</Text>
		</Replace>
		<Replace Tag="LOC_PEDIA_GREATPEOPLE_PAGE_GREAT_PERSON_INDIVIDUAL_TINTORETTO_CHAPTER_HISTORY_PARA_2" Language="ja_JP">
			<Text>ヴェネツィアのドゥカーレ宮殿（総督宮殿）や当時ヴェネツィアにいくつかあったスクオーラ（信徒会、同心会）の会館などのために多くの作品を残している。ティントレットの絵画は、斬新で大胆な構図と、ドラマティックな表現に特色があり、『聖パウロの改心』、『ガリラヤ湖のキリスト』のような、聖書のエピソードを壮大なドラマのシーンのように描いた作品は、次世紀のバロック絵画を先取りするものといえよう。</Text>
		</Replace>
		<Replace Tag="LOC_PEDIA_GREATPEOPLE_PAGE_GREAT_PERSON_INDIVIDUAL_TINTORETTO_CHAPTER_HISTORY_PARA_3" Language="ja_JP">
			<Text>ヴェネツィアのサン・ジョルジョ・マッジョーレ教会の壁面を今も飾っている『最後の晩餐』は、晩年の代表作である。ここで扱われている「最後の晩餐」はティントレット以前の画家もしばしば取り上げてきた伝統的な画題である。だが先行する15世紀の同主題の作例で繰り返されていた、机を鑑賞者に対し平行に置く表現をティントレットは用いていない。その代りに晩餐のテーブルを画面手前から奥へ向かって斜めに配した斬新な構図が採用され、舞台照明のような劇的な光の扱い方、現実と幻想の入り混じった描写にティントレットの特色が現われている。</Text>
		</Replace>

		<Replace Tag="LOC_PEDIA_GREATPEOPLE_PAGE_GREAT_PERSON_INDIVIDUAL_TAIKAN_YOKOYAMA_CHAPTER_HISTORY_PARA_1" Language="ja_JP">
			<Text>日本の美術家、日本画家。常陸国水戸（現在の茨城県水戸市下市）出身。近代日本画壇の巨匠であり、今日「朦朧体（もうろうたい）」と呼ばれる、線描を抑えた独特の没線描法を確立した。</Text>
		</Replace>
		<Replace Tag="LOC_PEDIA_GREATPEOPLE_PAGE_GREAT_PERSON_INDIVIDUAL_TAIKAN_YOKOYAMA_CHAPTER_HISTORY_PARA_2" Language="ja_JP">
			<Text>大観は大変な酒好きとして知られ、人生後半の50年は飯をほとんど口にせず（たまに食べる時も一粒二粒と数えるほど）、酒と肴（少量の野菜）だけで済ませていたという。飲んでいた酒は広島の『醉心』で、これは昭和初期に醉心山根本店の社長・山根薫と知り合った大観が互いに意気投合し、「一生の飲み分を約束」した山根より無償で大観に送られていたものだった。</Text>
		</Replace>
		<Replace Tag="LOC_PEDIA_GREATPEOPLE_PAGE_GREAT_PERSON_INDIVIDUAL_TAIKAN_YOKOYAMA_CHAPTER_HISTORY_PARA_3" Language="ja_JP">
			<Text>代表作は『無我』『屈原』『流燈』『蕭湘八景』『生々流転』『夜桜』『大楠公』『或る日の太平洋』など。</Text>
		</Replace>

		<Replace Tag="LOC_PEDIA_GREATPEOPLE_PAGE_GREAT_PERSON_INDIVIDUAL_BENJAMIN_FRANKLIN_CHAPTER_HISTORY_PARA_1" Language="ja_JP">
			<Text>アメリカ合衆国の政治家、外交官、著述家、物理学者、気象学者。印刷業で成功を収めた後、政界に進出しアメリカ独立に多大な貢献をした。また、凧を用いた実験で、雷が電気であることを明らかにしたことでも知られている。現在の米100ドル紙幣に肖像が描かれている他、ハーフダラー銀貨にも1963年まで彼の肖像が使われていた。</Text>
		</Replace>
		<Replace Tag="LOC_PEDIA_GREATPEOPLE_PAGE_GREAT_PERSON_INDIVIDUAL_BENJAMIN_FRANKLIN_CHAPTER_HISTORY_PARA_2" Language="ja_JP">
			<Text>前述の有名な実験というのは、1752年に行った雷を伴う嵐の中で凧をあげ、凧糸の末端にワイヤーで接続したライデン瓶により雷雲の帯電を証明するというものである。また、雷の電気はプラスとマイナスの両方の極性があることも確認したといわれている。この命がけの研究結果によってフランクリンはロンドン王立協会の会員となった。この逸話は有名になったが、同じような実験をしようとして死者が出たため、現在はあまり紹介されない。 </Text>
		</Replace>
		<Replace Tag="LOC_PEDIA_GREATPEOPLE_PAGE_GREAT_PERSON_INDIVIDUAL_BENJAMIN_FRANKLIN_CHAPTER_HISTORY_PARA_3" Language="ja_JP">
			<Text>このほかにも避雷針、フランクリンストーブとして知られる燃焼効率の良いストーブ、遠近両用眼鏡、グラスハーモニカなどを発明した。これらの発明に関する特許は取得せず、社会に還元した。ロッキングチェアーの考案者として挙げられることもあるが、これはフランクリン以前から存在していたもので疑わしい。</Text>
		</Replace>

		<Replace Tag="LOC_PEDIA_GREATPEOPLE_PAGE_GREAT_PERSON_INDIVIDUAL_ALUBOMULLE_SUMANASARA_CHAPTER_HISTORY_PARA_1" Language="ja_JP">
			<Text>スリランカ出身の僧侶。スリランカ上座仏教（テーラワーダ仏教）長老であり、スリランカ上座仏教シャム派の日本大サンガ主任長老、日本テーラワーダ仏教協会長老、スリランカ・キリタラマヤ精舎住職。日本において仏教伝道、および瞑想指導を行う人物。</Text>
		</Replace>
		<Replace Tag="LOC_PEDIA_GREATPEOPLE_PAGE_GREAT_PERSON_INDIVIDUAL_ALUBOMULLE_SUMANASARA_CHAPTER_HISTORY_PARA_2" Language="ja_JP">
			<Text>日本テーラワーダ仏教協会や朝日カルチャーセンターでの講演、NHK教育テレビこころの時代への出演などを行い、仏教の伝道、ならびにヴィパッサナー瞑想の指導に従事する。23万部に達するベストセラーとなった『怒らないこと』（サンガ新書）など100冊以上の著書があり、累計発行部数は100万部を超え、内容としては、ダンマパダ（法句経）などのパーリ語経典の教えを現代向けに応用して話題にした法話集や、ラベリングを重視するマハーシ系統のヴィパッサナー瞑想の解説書などがある。</Text>
		</Replace>
		<Replace Tag="LOC_PEDIA_GREATPEOPLE_PAGE_GREAT_PERSON_INDIVIDUAL_ALUBOMULLE_SUMANASARA_CHAPTER_HISTORY_PARA_3" Language="ja_JP">
			<Text>上座仏教に関して、スマナサーラは、日本の仏教とは共通点も多いが違う点もあり、日本の仏教は釈迦の死後かなりたってから編纂された大乗経典に基づくため、釈迦のアイデアが旨く伝わっていない部分があると述べる。上座仏教は神も信仰も無いことで他の宗教と異なると述べ、仏教は釈迦の「教え」であって「宗教」では無く、論理的で実践的な「心の科学」だと説き、今この場で役に立ち、自ら実践し理解する智慧の教えであると説く。</Text>
		</Replace>

		<Replace Tag="LOC_PEDIA_GREATPEOPLE_PAGE_GREAT_PERSON_INDIVIDUAL_ELLEN_GOULD_WHITE_CHAPTER_HISTORY_PARA_1" Language="ja_JP">
			<Text>アメリカ合衆国のセブンスデー・アドベンチスト教会(略称：SDA)の創立において指導者として活躍し、「預言者」と呼ばれていた人物。SDAは1800年代前半に北米で起こった再臨待望運動を源としている。</Text>
		</Replace>
		<Replace Tag="LOC_PEDIA_GREATPEOPLE_PAGE_GREAT_PERSON_INDIVIDUAL_ELLEN_GOULD_WHITE_CHAPTER_HISTORY_PARA_2" Language="ja_JP">
			<Text>SDAは自身を『聖書主義に立つキリスト教・プロテスタントの教会』『聖書に示されている神の愛による救いを全人類に伝え、その愛を、人々の必要に応えるさまざまな活動を通して実践しようとしている』と述べている。</Text>
		</Replace>
		<Replace Tag="LOC_PEDIA_GREATPEOPLE_PAGE_GREAT_PERSON_INDIVIDUAL_ELLEN_GOULD_WHITE_CHAPTER_HISTORY_PARA_3" Language="ja_JP">
			<Text>キリスト教界においては各宗派によってSDAを「異端（ないしキリスト教系の新宗教）」として位置付けるかどうかの見解に違いがある。</Text>
		</Replace>

		<Replace Tag="LOC_PEDIA_GREATPEOPLE_PAGE_GREAT_PERSON_INDIVIDUAL_GUAN_YU_CHAPTER_HISTORY_PARA_1" Language="ja_JP">
			<Text>中国後漢末期の将軍。字は雲長（うんちょう）。元の字は長生。司隷河東郡解県（現在の山西省運城市塩湖区解州鎮常平村）の人。子は関平・関興。孫は関統・関彝。</Text>
		</Replace>
		<Replace Tag="LOC_PEDIA_GREATPEOPLE_PAGE_GREAT_PERSON_INDIVIDUAL_GUAN_YU_CHAPTER_HISTORY_PARA_2" Language="ja_JP">
			<Text>蜀漢の創始者である劉備に仕え、その人並み外れた武勇や義理を重んじた彼は敵の曹操や多くの同時代人から称賛された。後漢から贈られた封号は漢寿亭侯。諡が壮繆侯（または壮穆侯）だが、諡号は歴代王朝から多数贈られた。</Text>
		</Replace>
		<Replace Tag="LOC_PEDIA_GREATPEOPLE_PAGE_GREAT_PERSON_INDIVIDUAL_GUAN_YU_CHAPTER_HISTORY_PARA_3" Language="ja_JP">
			<Text>見事な鬚髯（鬚＝あごひげ、髯＝ほほひげ）をたくわえていたため、諸葛亮からは「髯（ひげ）」殿と呼ばれ、『三国志演義』などでは「美髯公（びぜんこう）」などとも呼ばれる。</Text>
		</Replace>

		<Replace Tag="LOC_PEDIA_GREATPEOPLE_PAGE_GREAT_PERSON_INDIVIDUAL_YUKICHI_FUKUZAWA_CHAPTER_HISTORY_PARA_1" Language="ja_JP">
			<Text>日本の武士（中津藩士のち旗本）、蘭学者、著述家、啓蒙思想家、教育者。慶應義塾の創設者であり、専修学校（後の専修大学）、商法講習所（後の一橋大学）、神戸商業講習所（後の神戸商業高校）、土筆ヶ岡養生園（後の北里研究所）、伝染病研究所（現在の東京大学医科学研究所）の創設にも尽力した。新聞『時事新報』の創刊者。</Text>
		</Replace>
		<Replace Tag="LOC_PEDIA_GREATPEOPLE_PAGE_GREAT_PERSON_INDIVIDUAL_YUKICHI_FUKUZAWA_CHAPTER_HISTORY_PARA_2" Language="ja_JP">
			<Text>諱は範（はん）。字は子囲（しい、旧字体：子圍）。揮毫の落款印は「明治卅弐年後之福翁」。雅号は、三十一谷人（さんじゅういっこくじん）。もともと苗字は「ふくさわ」と発音していたが、明治維新以後は「ふくざわ」と発音するようになった。 現代では「福沢諭吉」と表記されることが一般的である。なお「中村諭吉」と名乗っていた時期がある。</Text>
		</Replace>
		<Replace Tag="LOC_PEDIA_GREATPEOPLE_PAGE_GREAT_PERSON_INDIVIDUAL_YUKICHI_FUKUZAWA_CHAPTER_HISTORY_PARA_3" Language="ja_JP">
			<Text>昭和52年（1977年）、最初の埋葬地から麻布善福寺へ改葬の際、諭吉の遺体がミイラ（死蝋）化して残っているのが発見された。外気と遮断され比較的低温の地下水に浸され続けたために腐敗が進まず保存されたものと推定された。学術解剖や遺体保存の声もあったが、遺族の強い希望でそのまま荼毘にふされた。</Text>
		</Replace>

		<Replace Tag="LOC_PEDIA_GREATPEOPLE_PAGE_GREAT_PERSON_INDIVIDUAL_THOMAS_TWINING_CHAPTER_HISTORY_PARA_1" Language="ja_JP">
			<Text>紅茶のマーケター「トワイニング」の創始者。</Text>
		</Replace>
		<Replace Tag="LOC_PEDIA_GREATPEOPLE_PAGE_GREAT_PERSON_INDIVIDUAL_THOMAS_TWINING_CHAPTER_HISTORY_PARA_2" Language="ja_JP">
			<Text>1706年、ロンドンで「トムズ・コーヒーハウス」をオープン。1717年、イギリス初の紅茶専門店「ゴールデン・ライオン」を開業し、成功を収める。トーマスはこの成功を機にゴールデン・ライオンを自らの家名である「トワイニング（トワイニング社）」に改め、紅茶専門会社として更なる一歩を踏み出す。</Text>
		</Replace>
		<Replace Tag="LOC_PEDIA_GREATPEOPLE_PAGE_GREAT_PERSON_INDIVIDUAL_THOMAS_TWINING_CHAPTER_HISTORY_PARA_3" Language="ja_JP">
			<Text>トワイニング家10代当主スティーブン・トワイニングは現在トワイニング社の取締役広報部長を務めている。</Text>
		</Replace>

		<Replace Tag="LOC_GREATWORK_CHE_GUEVARA_NAME" Language="ja_JP">
			<Text>『ゲリラ戦争』</Text>
		</Replace>

		<Replace Tag="LOC_GREATWORK_MIKU_HATSUNE_1_NAME" Language="ja_JP">
			<Text>『みっくみくにしてやんよ』</Text>
		</Replace>
		<Replace Tag="LOC_GREATWORK_MIKU_HATSUNE_2_NAME" Language="ja_JP">
			<Text>『メルト』</Text>
		</Replace>

		<Replace Tag="LOC_GREATWORK_VERMEER_1_NAME" Language="ja_JP">
			<Text>『デルトフの眺望』</Text>
		</Replace>
		<Replace Tag="LOC_GREATWORK_VERMEER_2_NAME" Language="ja_JP">
			<Text>『牛乳を注ぐ女』</Text>
		</Replace>
		<Replace Tag="LOC_GREATWORK_VERMEER_3_NAME" Language="ja_JP">
			<Text>『真珠の耳飾りの少女』</Text>
		</Replace>

		<Replace Tag="LOC_GREATWORK_LOVECRAFT_1_NAME" Language="ja_JP">
			<Text>『洞窟に潜むもの』</Text>
		</Replace>
		<Replace Tag="LOC_GREATWORK_LOVECRAFT_2_NAME" Language="ja_JP">
			<Text>『ダンウィッチの怪』</Text>
		</Replace>

		<Replace Tag="LOC_GREATWORK_BRADLEY_BOND_1_NAME" Language="ja_JP">
			<Text>『ニンジャスレイヤー ネオサイタマ炎上』</Text>
		</Replace>
		<Replace Tag="LOC_GREATWORK_BRADLEY_BOND_2_NAME" Language="ja_JP">
			<Text>『ニンジャスレイヤー キョート殺伐都市』</Text>
		</Replace>

		<Replace Tag="LOC_GREATWORK_LADY_GAGA_1_NAME" Language="ja_JP">
			<Text>『Bad Romance』</Text>
		</Replace>
		<Replace Tag="LOC_GREATWORK_LADY_GAGA_2_NAME" Language="ja_JP">
			<Text>『Poker Face』</Text>
		</Replace>

		<Replace Tag="LOC_GREATWORK_PISANELLO_1_NAME" Language="ja_JP">
			<Text>『エステ家の公女』</Text>
		</Replace>
		<Replace Tag="LOC_GREATWORK_PISANELLO_2_NAME" Language="ja_JP">
			<Text>『聖エウスタキウスの幻視』</Text>
		</Replace>
		<Replace Tag="LOC_GREATWORK_PISANELLO_3_NAME" Language="ja_JP">
			<Text>『聖母子と聖アントニウス、聖ゲオルギウス』</Text>
		</Replace>

		<Replace Tag="LOC_GREATWORK_TINTORETTO_1_NAME" Language="ja_JP">
			<Text>『カナの婚礼』</Text>
		</Replace>
		<Replace Tag="LOC_GREATWORK_TINTORETTO_2_NAME" Language="ja_JP">
			<Text>『キリストの磔刑』</Text>
		</Replace>
		<Replace Tag="LOC_GREATWORK_TINTORETTO_3_NAME" Language="ja_JP">
			<Text>『スザンナの水浴』</Text>
		</Replace>

		<Replace Tag="LOC_GREATWORK_TAIKAN_1_NAME" Language="ja_JP">
			<Text>『屈原』</Text>
		</Replace>
		<Replace Tag="LOC_GREATWORK_TAIKAN_2_NAME" Language="ja_JP">
			<Text>『白梅』</Text>
		</Replace>
		<Replace Tag="LOC_GREATWORK_TAIKAN_3_NAME" Language="ja_JP">
			<Text>『蓬莱山』</Text>
		</Replace>

		<Replace Tag="LOC_GREATWORK_CHE_GUEVARA_QUOTE" Language="ja_JP">
			<Text>平和革命と選挙による変革の道は可能性があるのなら望ましいし追求するべきだ。しかし、現在の条件のもとではラテン・アメリカのどの国においてもそのような希望は実現されることはありそうもないと思われる。</Text>
		</Replace>
		<Replace Tag="LOC_GREATWORK_HOWARD_PHILLIPS_LOVECRAFT_1_QUOTE" Language="ja_JP">
			<Text>やがて恐怖が去り、代わりに驚嘆、畏怖、憐慇、畏怖などといった感情が次々に生じた。</Text>
		</Replace>
		<Replace Tag="LOC_GREATWORK_HOWARD_PHILLIPS_LOVECRAFT_2_QUOTE" Language="ja_JP">
			<Text>あの手は何だ！窓に！窓に！</Text>
		</Replace>
		<Replace Tag="LOC_GREATWORK_BRADLEY_BOND_1_QUOTE" Language="ja_JP">
			<Text>ニンジャ殺すべし慈悲はない。</Text>
		</Replace>
		<Replace Tag="LOC_GREATWORK_BRADLEY_BOND_2_QUOTE" Language="ja_JP">
			<Text>何事も暴力で解決するのが一番だ。</Text>
		</Replace>

		<Replace Tag="LOC_PEDIA_RESOURCES_PAGE_RESOURCE_COMPUTERS_CHAPTER_HISTORY_PARA_1" Language="ja_JP">
			<Text>最初のころのコンピューターというものは真空管を用いた部屋ほどの大きさのものだったが、マイクロプロセッサの登場により小型化が進み、1977年に登場したAppleⅡは商業的大成功を収め普及を促した。1980～1990年代にはオフィスへ普及し、「パーソナルコンピューター」の名称が一般化した。</Text>
		</Replace>
	</LocalizedText>
</GameData>
