<?xml version="1.0" encoding="utf-8"?>
<GameData>
	<LocalizedText>
		<Row Tag="LOC_GREAT_PERSON_INDIVIDUAL_JOSEPH_SMITH_JR_NAME" Language="en_US">
			<Text>Joseph Smith, Jr</Text>
		</Row>
		<Row Tag="LOC_GREAT_PERSON_INDIVIDUAL_BOBBY_HENDERSON_NAME" Language="en_US">
			<Text>Bobby Henderson</Text>
		</Row>
		<Row Tag="LOC_GREAT_PERSON_INDIVIDUAL_JHON_HARRISON_NAME" Language="en_US">
			<Text>Jhon Harrison</Text>
		</Row>
		<Row Tag="LOC_GREAT_PERSON_INDIVIDUAL_CHE_GUEVARA_NAME" Language="en_US">
			<Text>Che Guevara</Text>
		</Row>
		<Row Tag="LOC_GREAT_PERSON_INDIVIDUAL_MIKU_HATSUNE_NAME" Language="en_US">
			<Text>Miku Hatsune</Text>
		</Row>
		<Row Tag="LOC_GREAT_PERSON_INDIVIDUAL_MARIE_CURIE_NAME" Language="en_US">
			<Text>Marie Curie</Text>
		</Row>
		<Row Tag="LOC_GREAT_PERSON_INDIVIDUAL_JOHANNES_VERMEER_NAME" Language="en_US">
			<Text>Johannes Vermeer</Text>
		</Row>
		<Row Tag="LOC_GREAT_PERSON_INDIVIDUAL_HOWARD_PHILLIPS_LOVECRAFT_NAME" Language="en_US">
			<Text>Howard Phillips Lovecraft</Text>
		</Row>
		<Row Tag="LOC_GREAT_PERSON_INDIVIDUAL_BILL_GATES_NAME" Language="en_US">
			<Text>Bill Gates</Text>
		</Row>
		<Row Tag="LOC_GREAT_PERSON_INDIVIDUAL_CASEY_RYBACK_NAME" Language="en_US">
			<Text>Casey Ryback</Text>
		</Row>
		<Row Tag="LOC_GREAT_PERSON_INDIVIDUAL_SATHYA_SAI_BABA_NAME" Language="en_US">
			<Text>Sathya Sai Baba</Text>
		</Row>
		<Row Tag="LOC_GREAT_PERSON_INDIVIDUAL_CHARLES_TAZE_RUSSELL_NAME" Language="en_US">
			<Text>Charles Taze Russell</Text>
		</Row>
		<Row Tag="LOC_GREAT_PERSON_INDIVIDUAL_YOUSUKE_KADOMATSU_NAME" Language="en_US">
			<Text>Yousuke Kadomatsu</Text>
		</Row>
		<Row Tag="LOC_GREAT_PERSON_INDIVIDUAL_STANISLAW_MACZEK_NAME" Language="en_US">
			<Text>Stanisław Maczek</Text>
		</Row>
		<Row Tag="LOC_GREAT_PERSON_INDIVIDUAL_FLORENCE_NIGHTINGALE_NAME" Language="en_US">
			<Text>Florence Nightingale</Text>
		</Row>
		<Row Tag="LOC_GREAT_PERSON_INDIVIDUAL_MIKI_NAKAYAMA_NAME" Language="en_US">
			<Text>Miki Nakayama</Text>
		</Row>
		<Row Tag="LOC_GREAT_PERSON_INDIVIDUAL_NGO_VAN_CHIEU_NAME" Language="en_US">
			<Text>Ngô Văn Chiêu</Text>
		</Row>
		<Row Tag="LOC_GREAT_PERSON_INDIVIDUAL_BRADLEY_BOND_NAME" Language="en_US">
			<Text>Bradley bond</Text>
		</Row>
		<Row Tag="LOC_GREAT_PERSON_INDIVIDUAL_LADY_GAGA_NAME" Language="en_US">
			<Text>Lady Gaga</Text>
		</Row>
		<Row Tag="LOC_GREAT_PERSON_INDIVIDUAL_PISANELLO_NAME" Language="en_US">
			<Text>Pisanello</Text>
		</Row>
		<Row Tag="LOC_GREAT_PERSON_INDIVIDUAL_TINTORETTO_NAME" Language="en_US">
			<Text>Tintoretto</Text>
		</Row>
		<Row Tag="LOC_GREAT_PERSON_INDIVIDUAL_TAIKAN_YOKOYAMA_NAME" Language="en_US">
			<Text>Taikan Yokoyama</Text>
		</Row>
		<Row Tag="LOC_GREAT_PERSON_INDIVIDUAL_BENJAMIN_FRANKLIN_NAME" Language="en_US">
			<Text>Benjamin Franklin</Text>
		</Row>
		<Row Tag="LOC_GREAT_PERSON_INDIVIDUAL_ALUBOMULLE_SUMANASARA_NAME" Language="en_US">
			<Text>Alubomulle Sumanasara</Text>
		</Row>
		<Row Tag="LOC_GREAT_PERSON_INDIVIDUAL_ELLEN_GOULD_WHITE_NAME" Language="en_US">
			<Text>Ellen Gould White</Text>
		</Row>
		<Row Tag="LOC_GREAT_PERSON_INDIVIDUAL_GUAN_YU_NAME" Language="en_US">
			<Text>Guan Yu</Text>
		</Row>
		<Row Tag="LOC_GREAT_PERSON_INDIVIDUAL_YUKICHI_FUKUZAWA_NAME" Language="en_US">
			<Text>Yukichi Fukuzawa</Text>
		</Row>
		<Row Tag="LOC_GREAT_PERSON_INDIVIDUAL_THOMAS_TWINING_NAME" Language="en_US">
			<Text>Thomas Twining</Text>
		</Row>

		<Row Tag="LOC_GREATPERSON_CARTOGRAPHYTECHBOOST" Language="en_US">
			<Text>Triggers the [ICON_TechBoosted] Eureka moment for the Cartography technology.</Text>
		</Row>
		<Row Tag="LOC_GREATPERSON_SQUARE_RIGGINGTECHBOOST" Language="en_US">
			<Text>Triggers the [ICON_TechBoosted] Eureka moment for the Square Rigging technology.</Text>
		</Row>
		<Row Tag="LOC_GREATPERSON_WORKSHOP_PRODUCTION" Language="en_US">
			<Text>Workshops provide +{Amount} [ICON_Production] Production.</Text>
		</Row>
		<Row Tag="LOC_GREATPERSON_NUCLEAR_FISSIONTECHBOOST" Language="en_US">
			<Text>Triggers the [ICON_TechBoosted] Eureka moment for the Nuclear Fission technology.</Text>
		</Row>
		<Row Tag="LOC_GREATPERSON_1INFOMATIONTECHBOOST" Language="en_US">
			<Text>Triggers the [ICON_TechBoosted] Eureka moment for {Amount} random {Amount : plural 1?technology; other?technologies;} from the Infomation era.</Text>
		</Row>
		<Row Tag="LOC_GREATPERSON_GRANT_COMPUTERS" Language="en_US">
			<Text>Grants {Amount} Computers, a uniquely manufactured Luxury resource which provides +6 [ICON_Amenities] Amenities</Text>
		</Row>
		<Row Tag="LOC_GREATPERSON_CASEY_RYBACK_ACTIVE" Language="en_US">
			<Text>+20% [ICON_Production] Production towards units of the Naval Ranged promotion class.</Text>
		</Row>
		<Row Tag="LOC_GREATPERSON_GOLD_EX" Language="en_US">
			<Text>Gain {Amount} [ICON_Gold] Gold.</Text>
		</Row>
		<Row Tag="LOC_GREATPERSON_YOUSUKE_KADOMATSU_ACTIVE" Language="en_US">
			<Text>Instantly creates a missile cruiser unit with 1 promotion level.</Text>
		</Row>
		<Row Tag="LOC_GREATPERSON_STANISLAW_MACZEK_ACTIVE" Language="en_US">
			<Text>Instantly creates a Tank unit with 1 promotion level.</Text>
		</Row>
		<Row Tag="LOC_GREATPERSON_SANITATIONTECHBOOST" Language="en_US">
			<Text>Triggers the [ICON_TechBoosted] Eureka moment for the Sanitation technology.</Text>
		</Row>
		<Row Tag="LOC_GREATPERSON_SCIENTIFIC_THEORYTECHBOOST" Language="en_US">
			<Text>Triggers the [ICON_TechBoosted] Eureka moment for the Scientific Theory technology.</Text>
		</Row>
		<Row Tag="LOC_GREATPERSON_FLORENCE_NIGHTINGALE_ACTIVE" Language="en_US">
			<Text>Wounded units can heal +10 HP each turn.</Text>
		</Row>
		<Row Tag="LOC_GREATPERSON_ELECTRICITYTECHBOOST" Language="en_US">
			<Text>Triggers the [ICON_TechBoosted] Eureka moment for the Electricity technology.</Text>
		</Row>
		<Row Tag="LOC_GREATPERSON_FACTORY_PRODUCTION" Language="en_US">
			<Text>Factorys provide +{Amount} [ICON_Production] Production.</Text>
		</Row>
		<Row Tag="LOC_GREATPERSON_FACTORY_GOLD" Language="en_US">
			<Text>Factorys provide +{Amount} [ICON_Gold] Gold.</Text>
		</Row>
		<Row Tag="LOC_GREATPERSON_GUAN_YU_ACTIVE" Language="en_US">
			<Text>Grants 1 promotion level to a military land unit.</Text>
		</Row>
		<Row Tag="LOC_GREATPERSON_UNIVERSITY_SCIENCE" Language="en_US">
			<Text>University provide +{Amount} [ICON_Science] Scienece.</Text>
		</Row>
		<Row Tag="LOC_GREATPERSON_GRANT_TEA" Language="en_US">
			<Text>Grants {Amount} [ICON_RESOURCE_TEA] Teas.</Text>
		</Row>

		<Row Tag="LOC_RESOURCE_COMPUTERS_NAME" Language="en_US">
			<Text>Personal computers</Text>
		</Row>
	</LocalizedText>
</GameData>

