<?xml version="1.0" encoding="utf-8"?>
<GameData>
	<Buildings>
		<!-- 文章の変更 -->
		<Update>
			<Where BuildingType="BUILDING_YNL_CHEMICAL_PLANT"/>
			<Set>
				<Description>LOC_BUILDING_YNL_CHEMICAL_PLANT_EXPANSION2_DESCRIPTION</Description>
			</Set>
		</Update>
		<!-- コストの変更 -->
		<Update>
			<Where BuildingType="BUILDING_YNL_CHEMICAL_PLANT"/>
			<Set>
				<Cost>330</Cost>
			</Set>
		</Update>
	</Buildings>
	<!-- 必要電力 -->
	<Buildings_XP2>
		<Row BuildingType="BUILDING_YNL_CHEMICAL_PLANT" RequiredPower="2"/>
	</Buildings_XP2>
	<!-- ベースの生産力変更 -->
	<Building_YieldChanges>
		<Update>
			<Where BuildingType="BUILDING_YNL_CHEMICAL_PLANT" YieldType="YIELD_PRODUCTION"/>
			<Set>
				<YieldChange>3</YieldChange>
			</Set>
		</Update>
	</Building_YieldChanges>
	<!-- 電力供給によるボーナス -->
	<Building_YieldChangesBonusWithPower>
		<Row BuildingType="BUILDING_YNL_CHEMICAL_PLANT" YieldType="YIELD_PRODUCTION" YieldChange="5"/>
	</Building_YieldChangesBonusWithPower>
</GameData>
