<?xml version="1.0" encoding="utf-8"?>
<Database>
	<PlayerColors>
		<Row>
			<Type>LEADER_YNL_TYRAEL</Type>
			<Usage>Unique</Usage>
			<PrimaryColor>COLOR_PLAYER_TYRAEL_PRIMARY</PrimaryColor>
			<SecondaryColor>COLOR_PLAYER_TYRAEL_SECONDARY</SecondaryColor>
			<Alt1PrimaryColor>COLOR_STANDARD_YELLOW_MD</Alt1PrimaryColor>
			<Alt1SecondaryColor>COLOR_STANDARD_AQUA_DK</Alt1SecondaryColor>
			<Alt2PrimaryColor>COLOR_STANDARD_RED_MD</Alt2PrimaryColor>
			<Alt2SecondaryColor>COLOR_STANDARD_YELLOW_DK</Alt2SecondaryColor>
			<Alt3PrimaryColor>COLOR_STANDARD_BLUE_MD</Alt3PrimaryColor>
			<Alt3SecondaryColor>COLOR_STANDARD_WHITE_DK</Alt3SecondaryColor>
		</Row>
	</PlayerColors>
</Database>
