<?xml version="1.0" encoding="utf-8"?>
<GameData>
	<LocalizedText>
		<Row Tag="LOC_CIVILIZATION_WOD_NAME" Language="en_US">
			<Text>World of Diablo</Text>
		</Row>

		<Row Tag="LOC_CIVILIZATION_WOD_DESCRIPTION" Language="en_US">
			<Text>Those guided by Archangel</Text>
		</Row>

		<Row Tag="LOC_CIVILIZATION_WOD_ADJECTIVE" Language="en_US">
			<Text>World of Diablo</Text>
		</Row>

		<Row Tag="LOC_LEADER_YNL_TYRAEL_NAME" Language="en_US">
			<Text>Tyrael</Text>
		</Row>

		<Row Tag="LOC_TRAIT_CIVILIZATION_TYRAELS_MIGHT_NAME" Language="en_US">
			<Text>Tyrael's Might</Text>
		</Row>
		<Row Tag="LOC_TRAIT_CIVILIZATION_TYRAELS_MIGHT_DESCRIPTION" Language="en_US">
			<Text>Extra territory upon founding cities. +1 [ICON_Food] Food and +1 [ICON_Production] Production from Tundra. +1 [ICON_FAITH] Faith and +1 [ICON_CULTURE] Culture from Aqueduct.</Text>
		</Row>
		
		<Row Tag="LOC_TRAIT_LEADER_YNL_TYRAEL_NAME" Language="en_US">
			<Text>Azurewrath</Text>
		</Row>
		<Row Tag="LOC_TRAIT_LEADER_YNL_TYRAEL_DESCRIPTION" Language="en_US">
			<Text>Combat victories provide [ICON_Culture] Culture equal to 50% of the [ICON_Strength] Combat Strength of the defeated unit. Combat units have a bonus of +4 [ICON_Strength] Combat Strength against players following other Religions.</Text>
		</Row>

		<Row Tag="LOC_DISTRICT_ANGELS_DANCE_HALL_NAME" Language="en_US">
			<Text>Angel's Dance Hall</Text>
		</Row>
		<Row Tag="LOC_DISTRICT_ANGELS_DANCE_HALL_DESCRIPTION" Language="en_US">
			<Text>A district unique to World of Diablo for cultural sites. Replaces the Theater Square district.</Text>
		</Row>
		<Row Tag="LOC_DISTRICT_ANGELS_DANCE_HALL_DESCRIPTION_ADJACENCY" Language="en_US">
			<Text>Adjacency: Standard [ICON_Culture] Culture bonus for adjacent City Center. Standard [ICON_Culture] Culture bonus for each adjacent wonder and district. Can only be built on Hills.</Text>
		</Row>
		<Row Tag="LOC_TRAIT_CIVILIZATION_DISTRICT_ANGELS_DANCE_HALL_NAME" Language="en_US">
			<Text>Tyrael unique district: Angel's Dance Hall</Text>
		</Row>

		<Row Tag="LOC_PEDIA_UNITS_PAGE_UNIT_UNIQUE_BALLISTA_CHAPTER_HISTORY_PARA_1" Language="en_US">
			<Text></Text>
		</Row>
		<Row Tag="LOC_TRAIT_LEADER_UNIT_UNIQUE_BALLISTA_NAME" Language="en_US">
			<Text>Tyrael unique unit: Ballista</Text>
		</Row>
		<Row Tag="LOC_UNIT_UNIQUE_BALLISTA_DESCRIPTION" Language="en_US">
			<Text>Tyrael unique unit that replaces the Catapult. Stronger than the Catapult, 3 [ICON_Movement] Movement.</Text>
		</Row>
		<Row Tag="LOC_UNIT_UNIQUE_BALLISTA_NAME" Language="en_US">
			<Text>Ballista</Text>
		</Row>

		<Row Tag="LOC_PEDIA_UNITS_PAGE_UNIT_TYRAEL_AXEMEN_CHAPTER_HISTORY_PARA_1" Language="en_US">
			<Text></Text>
		</Row>
		<Row Tag="LOC_TRAIT_LEADER_UNIT_TYRAEL_AXEMEN_NAME" Language="en_US">
			<Text>Tyrael unique unit: Saint Axemen</Text>
		</Row>
		<Row Tag="LOC_UNIT_TYRAEL_AXEMEN_DESCRIPTION" Language="en_US">
			<Text>Tyrael unique unit that replaces the Spearman. Stronger than the Spearman.</Text>
		</Row>
		<Row Tag="LOC_UNIT_TYRAEL_AXEMEN_NAME" Language="en_US">
			<Text>Saint Axemen</Text>
		</Row>
	</LocalizedText>
</GameData>
