<?xml version="1.0" encoding="utf-8"?>
<GameData>
	<LocalizedText>
		<!-- Pedia text (historical context) about the new building. -->
		<Replace Tag="LOC_PEDIA_DISTRICTS_PAGE_DISTRICT_ANGELS_DANCE_HALL_CHAPTER_HISTORY_PARA_1" Language="ja_JP">
			<Text>ティラエルが使役する天使のために作った憩いの場。人間も彼らの踊りを見て楽しむために集う。（おさわり禁止）</Text>
		</Replace>
		
		<!-- Leader specific pedia text. -->
		<Replace Tag="LOC_PEDIA_LEADERS_PAGE_LEADER_YNL_TYRAEL_CHAPTER_CAPSULE_BODY" Language="ja_JP">
			<Text>五大天使の1人であるそのパワーを持って自ら生かすと決めた人間たちを導くことができるでしょう。</Text>
		</Replace>
		<Replace Tag="LOC_PEDIA_LEADERS_PAGE_LEADER_YNL_TYRAEL_CHAPTER_DETAILED_BODY" Language="ja_JP">
			<Text>ツンドラでも関係なく食料と生産力を確保でき、天使の舞踏場は膨大な文化力を生み出します。戦闘に勝利することによっても文化力を得ることができ、他文明に先んじて社会制度を進めていくことは比較的容易です。他宗教を信ずる文明に対しても戦闘ボーナスがあります。固有ユニットのバリスタを用いることで、序盤の都市攻略においては城壁をやすやすと打ち破れるでしょう。</Text>
		</Replace>

		<!-- Leader specific historical text. -->
		<Replace Tag="LOC_PEDIA_LEADERS_PAGE_LEADER_YNL_TYRAEL_CHAPTER_HISTORY_PARA_1" Language="ja_JP">
			<Text>この世が創造されてから、天界(光)と地獄(闇)は絶え間無く争いに疲れ果てた大天使イナリウスは、同じく嫌気がさしていた悪魔リリスと共にこの争いから抜け出し、密かに争いの無い世界サンクチュアリ(人間界)を創った。サンクチュアリは天界からも地獄からも干渉されないよう、ワールドストーンの力で巧妙に隠された。やがてイナリウスとリリスは交わり、後のこの世界の人間が生まれる。巧妙に隠されたサンクチュアリであったが、時が立つとやがて天界にその存在を知られてしまう。サンクチュアリとそこに住まう人間を破壊すべきか否か、天界の総括役の五大天使によって評議された。話し合いの結果、裁定は五大天使の多数決で決めることとなり、アウリエル、インペリウス、イセラエル、マルサエルの4人で2対2と票が割れたが、最後の1人であるティラエルがサンクチュアリと人間の存続に票を投じた。「私は人間に一票を投じる…人間がどうなるか見届けたい…驚きを持って見届けたいのだ」</Text>
		</Replace>

		<!-- Civilization specific historical text. -->
		<Replace Tag="LOC_PEDIA_CIVILIZATIONS_PAGE_CIVILIZATION_WOD_CHAPTER_HISTORY_PARA_1" Language="ja_JP">
			<Text>ティラエルの加護を受けし民の集まり。</Text>
		</Replace>

		<!-- Civlization Citizen Names -->
		<Replace Tag="LOC_CITIZEN_WOD_MALE_1" Language="ja_JP">
			<Text>プリンシパリティ</Text>
		</Replace>
		<Replace Tag="LOC_CITIZEN_WOD_MALE_2" Language="ja_JP">
			<Text>ドミニオン</Text>
		</Replace>
		<Replace Tag="LOC_CITIZEN_WOD_MALE_3" Language="ja_JP">
			<Text>スローン</Text>
		</Replace>
		<Replace Tag="LOC_CITIZEN_WOD_MALE_4" Language="ja_JP">
			<Text>ケルブ</Text>
		</Replace>
		<Replace Tag="LOC_CITIZEN_WOD_MALE_5" Language="ja_JP">
			<Text>セラフィム</Text>
		</Replace>
		<Replace Tag="LOC_CITIZEN_WOD_FEMALE_1" Language="ja_JP">
			<Text>エンジェル</Text>
		</Replace>
		<Replace Tag="LOC_CITIZEN_WOD_FEMALE_2" Language="ja_JP">
			<Text>ヴァーチャー</Text>
		</Replace>
		<Replace Tag="LOC_CITIZEN_WOD_FEMALE_3" Language="ja_JP">
			<Text>アークエンジェル</Text>
		</Replace>
		<Replace Tag="LOC_CITIZEN_WOD_FEMALE_4" Language="ja_JP">
			<Text>パワー</Text>
		</Replace>

		<!-- Civilization City Names-->
		<Replace Tag="LOC_CIVLIZATION_WOD_CITY_1" Language="ja_JP">
			<Text>トリストラム</Text>
		</Replace>
		<Replace Tag="LOC_CIVLIZATION_WOD_CITY_2" Language="ja_JP">
			<Text>ラット・ゴーレイン</Text>
		</Replace>
		<Replace Tag="LOC_CIVLIZATION_WOD_CITY_3" Language="ja_JP">
			<Text>クラスト</Text>
		</Replace>
		<Replace Tag="LOC_CIVLIZATION_WOD_CITY_4" Language="ja_JP">
			<Text>ハロガス</Text>
		</Replace>
		<Replace Tag="LOC_CIVLIZATION_WOD_CITY_5" Language="ja_JP">
			<Text>カンデュラス</Text>
		</Replace>
		<Replace Tag="LOC_CIVLIZATION_WOD_CITY_6" Language="ja_JP">
			<Text>ウェストマーチ</Text>
		</Replace>
		<Replace Tag="LOC_CIVLIZATION_WOD_CITY_7" Language="ja_JP">
			<Text>ローグ砦</Text>
		</Replace>
		<Replace Tag="LOC_CIVLIZATION_WOD_CITY_8" Language="ja_JP">
			<Text>セシェロン</Text>
		</Replace>
		<Replace Tag="LOC_CIVLIZATION_WOD_CITY_9" Language="ja_JP">
			<Text>ヴァル・ニリアン</Text>
		</Replace>
		<Replace Tag="LOC_CIVLIZATION_WOD_CITY_10" Language="ja_JP">
			<Text>ヘンノック</Text>
		</Replace>

		<!-- Leader Quotes -->
		<Replace Tag="LOC_LEADER_YNL_TYRAEL_QUOTE" Language="ja_JP">
			<Text>私は人間に一票を投じる…人間がどうなるか見届けたい…驚きを持って見届けたいのだ</Text>
		</Replace>
		
		<Replace Tag="LOC_TYRAEL_DOM_TEXT" Language="ja_JP">
			<Text>ティラエルよ、あなたははるか昔、大天使イナリウスと悪魔リリスが作りし人間を生かすと決めた。あなたは人類に対し無限の可能性を認識している。どうか人類をよき道へと導きたまえ。</Text>
		</Replace>

		<Row Tag="LOC_ABILITY_YNL_TYRAEL_COMBAT_BONUS_OTHER_RELIGION_DESCRIPTION" Language="ja_JP">
			<Text>他宗教のユニットに対する [ICON_Strength] 戦闘力+5。(ティラエル)</Text>
		</Row>
		<Row Tag="LOC_PROMOTION_COMBAT_OTHER_RELIGION_DESCRIPTION_YNL_TYRAEL" Language="ja_JP">
			<Text>他の宗教を信じる文明に対して [ICON_Strength] 戦闘力+5。</Text>
		</Row>
	</LocalizedText>
</GameData>
