<?xml version="1.0" encoding="utf-8"?>
<GameData>
	<LocalizedText>
		<Replace Tag="LOC_CIVILIZATION_WOD_NAME" Language="ja_JP">
			<Text>ディアブロの世界</Text>
		</Replace>

		<Replace Tag="LOC_CIVILIZATION_WOD_DESCRIPTION" Language="ja_JP">
			<Text>大天使に導かれし者たち</Text>
		</Replace>

		<Replace Tag="LOC_CIVILIZATION_WOD_ADJECTIVE" Language="ja_JP">
			<Text>ディアブロの世界の</Text>
		</Replace>

		<Replace Tag="LOC_LEADER_YNL_TYRAEL_NAME" Language="ja_JP">
			<Text>ティラエル</Text>
		</Replace>

		<Replace Tag="LOC_TRAIT_CIVILIZATION_TYRAELS_MIGHT_NAME" Language="ja_JP">
			<Text>ティラエルの加護</Text>
		</Replace>
		<Replace Tag="LOC_TRAIT_CIVILIZATION_TYRAELS_MIGHT_DESCRIPTION" Language="ja_JP">
			<Text>都市建設時に領土が追加される。ツンドラから [ICON_Food] 食糧+1と [ICON_Production] 生産力+1を得る。用水路から [ICON_Faith] 信仰力+1、[ICON_CULTURE] 文化力+1。</Text>
		</Replace>

		<Replace Tag="LOC_TRAIT_LEADER_YNL_TYRAEL_NAME" Language="ja_JP">
			<Text>天罰</Text>
		</Replace>
		<Replace Tag="LOC_TRAIT_LEADER_YNL_TYRAEL_DESCRIPTION" Language="ja_JP">
			<Text>戦闘に勝利すると、倒したユニットの [ICON_Strength] 戦闘力の50%に等しい [ICON_Culture] 文化力を得る。異なる宗教を信奉するプレイヤーとの戦闘時に、ユニットが [ICON_Strength] 戦闘力+4のボーナスを得る。</Text>
		</Replace>

		<Replace Tag="LOC_DISTRICT_ANGELS_DANCE_HALL_NAME" Language="ja_JP">
			<Text>天使の舞踏場</Text>
		</Replace>
		<Replace Tag="LOC_DISTRICT_ANGELS_DANCE_HALL_DESCRIPTION" Language="ja_JP">
			<Text>文化活動をつかさどる区域。ディアブロの世界固有。劇場広場区域に取ってかわる。</Text>
		</Replace>
		<Replace Tag="LOC_DISTRICT_ANGELS_DANCE_HALL_DESCRIPTION_ADJACENCY" Language="ja_JP">
			<Text>隣接効果: 都心に隣接している場合、通常の [ICON_Culture] 文化力ボーナス。隣接する遺産および区域1つにつき通常の [ICON_Culture] 文化力ボーナス。丘陵にのみ建設可能。</Text>
		</Replace>
		<Replace Tag="LOC_TRAIT_CIVILIZATION_DISTRICT_ANGELS_DANCE_HALL_NAME" Language="ja_JP">
			<Text>ティラエル固有の区域: 天使の舞踏場</Text>
		</Replace>

		<Replace Tag="LOC_PEDIA_UNITS_PAGE_UNIT_UNIQUE_BALLISTA_CHAPTER_HISTORY_PARA_1" Language="ja_JP">
			<Text>巨大な弩。攻城兵器の一種。主に古代～中世で使われた。</Text>
		</Replace>
		<Replace Tag="LOC_TRAIT_LEADER_UNIT_UNIQUE_BALLISTA_NAME" Language="ja_JP">
			<Text>ティラエル固有のユニット: バリスタ</Text>
		</Replace>
		<Replace Tag="LOC_UNIT_UNIQUE_BALLISTA_DESCRIPTION" Language="ja_JP">
			<Text>カタパルトに取ってかわるティラエル固有の太古のユニット。カタパルトよりも強力。[ICON_Movement] 移動力3。</Text>
		</Replace>
		<Replace Tag="LOC_UNIT_UNIQUE_BALLISTA_NAME" Language="ja_JP">
			<Text>バリスタ</Text>
		</Replace>

		<Replace Tag="LOC_PEDIA_UNITS_PAGE_UNIT_TYRAEL_AXEMEN_CHAPTER_HISTORY_PARA_1" Language="ja_JP">
			<Text></Text>
		</Replace>
		<Replace Tag="LOC_TRAIT_LEADER_UNIT_TYRAEL_AXEMEN_NAME" Language="ja_JP">
			<Text>ティラエル固有のユニット: 聖斧兵</Text>
		</Replace>
		<Replace Tag="LOC_UNIT_TYRAEL_AXEMEN_DESCRIPTION" Language="ja_JP">
			<Text>槍兵に取ってかわるティラエル固有の太古のユニット。槍兵よりも強力。</Text>
		</Replace>
		<Replace Tag="LOC_UNIT_TYRAEL_AXEMEN_NAME" Language="ja_JP">
			<Text>聖斧兵</Text>
		</Replace>
	</LocalizedText>
</GameData>
