<?xml version="1.0" encoding="utf-8"?>
<GameData>
	<Types>
		<Row Type="LEADER_YNL_TYRAEL" Kind="KIND_LEADER" />
		<Row Type="TRAIT_LEADER_YNL_TYRAEL" Kind="KIND_TRAIT"/>
		<Row Type="TRAIT_LEADER_UNIT_UNIQUE_BALLISTA" Kind="KIND_TRAIT"/>
		<Row Type="TRAIT_LEADER_UNIT_TYRAEL_AXEMEN"   Kind="KIND_TRAIT"/>
	</Types>
	<Leaders>
		<Row>
			<LeaderType>LEADER_YNL_TYRAEL</LeaderType>
			<Name>LOC_LEADER_YNL_TYRAEL_NAME</Name>
			<InheritFrom>LEADER_DEFAULT</InheritFrom>
		</Row>
	</Leaders>
	<LeaderTraits>
		<Row LeaderType="LEADER_YNL_TYRAEL" TraitType="TRAIT_LEADER_YNL_TYRAEL"/>
		<Row LeaderType="LEADER_YNL_TYRAEL" TraitType="TRAIT_LEADER_UNIT_UNIQUE_BALLISTA"/>
		<Row LeaderType="LEADER_YNL_TYRAEL" TraitType="TRAIT_LEADER_UNIT_TYRAEL_AXEMEN"/>
		<Row LeaderType="LEADER_YNL_TYRAEL" TraitType="TRAIT_LEADER_CULTURAL_MAJOR_CIV"/>
	</LeaderTraits>
	<LeaderQuotes>
		<Row LeaderType="LEADER_YNL_TYRAEL" Quote="LOC_LEADER_YNL_TYRAEL_QUOTE"/>
	</LeaderQuotes>
	<Traits>
		<Row TraitType="TRAIT_LEADER_YNL_TYRAEL" Name="LOC_TRAIT_LEADER_YNL_TYRAEL_NAME" Description="LOC_TRAIT_LEADER_YNL_TYRAEL_DESCRIPTION"/>
		<Row TraitType="TRAIT_LEADER_UNIT_UNIQUE_BALLISTA" Name="LOC_TRAIT_LEADER_UNIT_UNIQUE_BALLISTA_NAME"/>
		<Row TraitType="TRAIT_LEADER_UNIT_TYRAEL_AXEMEN"   Name="LOC_TRAIT_LEADER_UNIT_TYRAEL_AXEMEN_NAME"/>
	</Traits>
	<TraitModifiers>
		<!-- バニラにある -->
		<Row TraitType="TRAIT_LEADER_YNL_TYRAEL" ModifierId="UNIQUE_LEADER_CULTURE_KILLS"/>
		<Row TraitType="TRAIT_LEADER_YNL_TYRAEL" ModifierId="TRAIT_COMBAT_BONUS_OTHER_RELIGION_YNL_TYRAEL"/>
	</TraitModifiers>
	<Modifiers>
		<Row>
			<ModifierId>TRAIT_COMBAT_BONUS_OTHER_RELIGION_YNL_TYRAEL</ModifierId>
			<ModifierType>MODIFIER_PLAYER_UNITS_GRANT_ABILITY</ModifierType>
		</Row>
	</Modifiers>
	<ModifierArguments>
		<Row>
			<ModifierId>TRAIT_COMBAT_BONUS_OTHER_RELIGION_YNL_TYRAEL</ModifierId>
			<Name>AbilityType</Name>
			<Value>ABILITY_YNL_TYRAEL_COMBAT_BONUS_OTHER_RELIGION</Value>
		</Row>
	</ModifierArguments>
	<HistoricalAgendas>
		<Row LeaderType="LEADER_YNL_TYRAEL" AgendaType="AGENDA_BACKSTAB_AVERSE"/>
	</HistoricalAgendas>
	<AiListTypes>
		<Row ListType="YNL_TyraelWonders"/>
		<Row ListType="YNL_TyraelCivics"/>
		<Row ListType="YNL_TyraelTechs"/>
		<Row ListType="YNL_TyraelCultureDistrict"/>
	</AiListTypes>
	<AiLists>
		<!-- Buildings -->
		<Row ListType="YNL_TyraelWonders"         LeaderType="TRAIT_LEADER_YNL_TYRAEL" System="Buildings"/>
		<!-- Civics -->					          
		<Row ListType="YNL_TyraelCivics"          LeaderType="TRAIT_LEADER_YNL_TYRAEL" System="Civics"/>
		<!-- Techs -->					          
		<Row ListType="YNL_TyraelTechs"           LeaderType="TRAIT_LEADER_YNL_TYRAEL" System="Technologies"/>
		
		<Row ListType="YNL_TyraelCultureDistrict" LeaderType="TRAIT_LEADER_YNL_TYRAEL" System="Districts"/>
	</AiLists>
	<AiFavoredItems>
		<!-- Buildings -->
		<Row ListType="YNL_TyraelWonders" Item="BUILDING_STONEHENGE"/>
		<Row ListType="YNL_TyraelWonders" Item="BUILDING_COLOSSEUM"/>
		<Row ListType="YNL_TyraelWonders" Item="BUILDING_FORBIDDEN_CITY"/>
		<Row ListType="YNL_TyraelWonders" Item="BUILDING_HERMITAGE"/>
		<Row ListType="YNL_TyraelWonders" Item="BUILDING_SYDNEY_OPERA_HOUSE"/>
		<!-- Civics -->
		<Row ListType="YNL_TyraelCivics" Item="CIVIC_DRAMA_POETRY"/>
		<Row ListType="YNL_TyraelCivics" Item="CIVIC_OPERA_BALLET"/>
		<Row ListType="YNL_TyraelCivics" Item="CIVIC_HUMANISM"/>
		<!-- Techs -->
		<Row ListType="YNL_TyraelTechs" Item="TECH_MASONRY"/>
		<Row ListType="YNL_TyraelTechs" Item="TECH_ENGINEERING"/>
		<Row ListType="YNL_TyraelTechs" Item="TECH_PRINTING"/>
		
		<Row ListType="YNL_TyraelCultureDistrict" Item="DISTRICT_THEATER" Favored="true"/>
	</AiFavoredItems>

	<DiplomacyInfo>
		<Row Type="LEADER_YNL_TYRAEL" BackgroundImage="Tyrael_Diplomacy_Background.dds"/>
	</DiplomacyInfo>
	<LoadingInfo>
		<Row LeaderType="LEADER_YNL_TYRAEL" BackgroundImage="Tyrael_LoadingInfo_Background.dds" ForegroundImage="Tyrael_LoadingInfo_Foreground.dds" LeaderText="LOC_TYRAEL_DOM_TEXT" PlayDawnOfManAudio="1"/>
	</LoadingInfo>
</GameData>
