<?xml version="1.0" encoding="utf-8"?>
<GameData>
	<LocalizedText>
		<!-- 文明 -->
		<Replace Tag="LOC_CIVILIZATION_YNL_AMLD_NAME" Language="ja_JP">
			<Text>真夏の夜の淫夢</Text>
		</Replace>
		<Replace Tag="LOC_CIVILIZATION_YNL_AMLD_DESCRIPTION" Language="ja_JP">
			<Text>真夏の夜の淫夢</Text>
		</Replace>
		<Replace Tag="LOC_CIVILIZATION_YNL_AMLD_ADJECTIVE" Language="ja_JP">
			<Text>真夏の夜の淫夢の</Text>
		</Replace>
		<Replace Tag="LOC_TRAIT_CIVILIZATION_YNL_AMLD_NAME" Language="ja_JP">
			<Text>アイスティーしかなかったんだけど、いいかな？</Text>
		</Replace>
		<Replace Tag="LOC_TRAIT_CIVILIZATION_YNL_AMLD_DESCRIPTION" Language="ja_JP">
			<Text>熱帯雨林タイルに隣接するキャンパス、商業ハブ、聖地、劇場広場は+1の隣接ボーナスを得る。[ICON_RESOURCE_TEA] 茶、[ICON_RESOURCE_SUGAR] 砂糖、[ICON_RESOURCE_SPICES] 香辛料から [ICON_CULTURE] 文化力+2。</Text>
		</Replace>

		<!-- 指導者 -->
		<!-- 田所 -->
		<Replace Tag="LOC_LEADER_YNL_KOJI_TADOKORO_NAME" Language="ja_JP">
			<Text>田所浩二</Text>
		</Replace>
		<Replace Tag="LOC_TRAIT_LEADER_YNL_KOJI_TADOKORO_NAME" Language="ja_JP">
			<Text>野獣先輩</Text>
		</Replace>
		<Replace Tag="LOC_TRAIT_LEADER_YNL_KOJI_TADOKORO_DESCRIPTION" Language="ja_JP">
			<Text>追加の軍事政策スロット。兵営のある各都市に [ICON_PRODUCTION] 生産力+3。ダムのある各都市に [ICON_CULTURE] 文化力+2、娯楽による [ICON_AMENITIES] 快適性+1。</Text>
		</Replace>
		<Replace Tag="LOC_LEADER_YNL_KOJI_TADOKORO_DOM_TEXT" Language="ja_JP">
			<Text>オッスお願いしまーす！</Text>
		</Replace>
		<!-- 豪 -->
		<Replace Tag="LOC_LEADER_YNL_GO_IS_GOD_NAME" Language="ja_JP">
			<Text>GO</Text>
		</Replace>
		<Replace Tag="LOC_TRAIT_LEADER_YNL_GO_IS_GOD_NAME" Language="ja_JP">
			<Text>GO is GOD</Text>
		</Replace>
		<Replace Tag="LOC_TRAIT_LEADER_YNL_GO_IS_GOD_DESCRIPTION" Language="ja_JP">
			<Text>徴用されたユニットの [ICON_Movement] 移動力+2、 [ICON_Strength] 戦闘力+5。徴用されたユニットのアップグレードに必要な [ICON_GOLD] ゴールドや資源が75%低下する。部隊を徴用すると、その都市国家の [ICON_ENVOY] 代表団+2。戦闘に勝利すると、倒したユニットの [ICON_Strength] 戦闘力の10%に等しい [ICON_Science] 科学力、[ICON_Culture] 文化力、[ICON_Faith] 信仰力、[ICON_Gold] ゴールドを得る。(標準のスピードで)</Text>
		</Replace>
		<Replace Tag="LOC_LEADER_YNL_GO_IS_GOD_DOM_TEXT" Language="ja_JP">
			<Text>ハイ、ヨロシクゥ！</Text>
		</Replace>
		<!-- 虐待おじさん -->
		<Replace Tag="LOC_LEADER_YNL_VIOLENCE_MAN_NAME" Language="ja_JP">
			<Text>虐待おじさん</Text>
		</Replace>
		<Replace Tag="LOC_TRAIT_LEADER_YNL_VIOLENCE_MAN_NAME" Language="ja_JP">
			<Text>加虐体質</Text>
		</Replace>
		<Replace Tag="LOC_TRAIT_LEADER_YNL_VIOLENCE_MAN_DESCRIPTION" Language="ja_JP">
			<Text>負傷したユニットを攻撃する際、すべてのユニットの [ICON_Strength] 戦闘力+5。キャンパス区域に隣接している鉱山、採石場の [ICON_SCIENCE] 科学力+1。[ICON_POWER] 電力が供給されると産出量が増える建造物の産出量+2。</Text>
		</Replace>
		<Replace Tag="LOC_LEADER_YNL_VIOLENCE_MAN_DOM_TEXT" Language="ja_JP">
			<Text>動いたら叩くぞ？</Text>
		</Replace>
		<!-- TNOK -->
		<Replace Tag="LOC_LEADER_YNL_TNOK_NAME" Language="ja_JP">
			<Text>TNOK</Text>
		</Replace>
		<Replace Tag="LOC_TRAIT_LEADER_YNL_TNOK_NAME" Language="ja_JP">
			<Text>金、暴力、SEX！</Text>
		</Replace>
		<Replace Tag="LOC_TRAIT_LEADER_YNL_TNOK_DESCRIPTION" Language="ja_JP">
			<Text>領土内にある高級資源が2つの都市に追加で [ICON_Amenities] 快適性+1をもたらす。[ICON_Governor] 総督が着任しているすべての都市の [ICON_PRODUCTION] 生産力と [ICON_GOLD] ゴールドが、獲得しているレベルアップ1つにつき+3% (最初のレベルアップを含む)。</Text>
		</Replace>
		<Replace Tag="LOC_LEADER_YNL_TNOK_DOM_TEXT" Language="ja_JP">
			<Text>試合を終えて家路へ向かうサッカー部員達。[NEWLINE]疲れからか、不幸にも黒塗りの高級車に追突してしまう。[NEWLINE]後輩をかばいすべての責任を負った三浦に対し、[NEWLINE]車の主、暴力団員谷岡が言い渡した示談の条件とは・・・。</Text>
		</Replace>
		<!-- TDN -->
		<Replace Tag="LOC_LEADER_YNL_TDN_NAME" Language="ja_JP">
			<Text>TDN</Text>
		</Replace>
		<Replace Tag="LOC_TRAIT_LEADER_YNL_TDN_NAME" Language="ja_JP">
			<Text>指名回避</Text>
		</Replace>
		<Replace Tag="LOC_TRAIT_LEADER_YNL_TDN_DESCRIPTION" Language="ja_JP">
			<Text>長距離戦闘ユニットからの攻撃を受ける際にすべてのユニットの [ICON_Strength] 戦闘力+7。市民が山岳タイルを利用できるようになる。山岳タイルの [ICON_FAITH] 信仰力+2、[ICON_FOOD] 食料+1。隣接する鉱山1つにつき山岳タイルの [ICON_FAITH] 信仰力+1。</Text>
		</Replace>
		<Replace Tag="LOC_LEADER_YNL_TDN_DOM_TEXT" Language="ja_JP">
			<Text>オナシャス！センセンシャル！</Text>
		</Replace>
		<!-- MUR -->
		<Replace Tag="LOC_LEADER_YNL_MUR_NAME" Language="ja_JP">
			<Text>MUR</Text>
		</Replace>
		<Replace Tag="LOC_TRAIT_LEADER_YNL_MUR_NAME" Language="ja_JP">
			<Text>縦割れアナル</Text>
		</Replace>
		<Replace Tag="LOC_TRAIT_LEADER_YNL_MUR_DESCRIPTION" Language="ja_JP">
			<Text>固有総督であるKMRを雇用することができる。政府複合施設の建造物や区域1つにつき [ICON_TradeRoute] 交易路+1。野獣先輩BBが [ICON_FOOD] 食料+1をもたらす。</Text>
		</Replace>
		<Replace Tag="LOC_LEADER_YNL_MUR_DOM_TEXT" Language="ja_JP">
			<Text>そうだよ（便乗）</Text>
		</Replace>
		
		<!-- UI -->
		<Replace Tag="LOC_IMPROVEMENT_YNL_YZSP_BB_NAME" Language="ja_JP">
			<Text>野獣先輩BB</Text>
		</Replace>
		<Replace Tag="LOC_IMPROVEMENT_YNL_YZSP_BB_DESCRIPTION" Language="ja_JP">
			<Text>労働者が真夏の夜の淫夢固有の施設である野獣先輩BBを建設できるようになる。[NEWLINE][NEWLINE][ICON_GOLD] ゴールド+1、[ICON_Culture] 文化力+1。コンピューター解禁で [ICON_Culture] 文化力+2。ソーシャルメディア解禁で[ICON_GOLD] ゴールド+2。ボーナス資源か高級資源の周りにのみ建造可能。他の野獣先輩BBと隣接不可。</Text>
		</Replace>
		<Replace Tag="LOC_TRAIT_CIVILIZATION_IMPROVEMENT_YNL_YZSP_BB_NAME" Language="ja_JP">
			<Text>真夏の夜の淫夢固有の地形改善: 野獣先輩BB</Text>
		</Replace>
		<Replace Tag="LOC_PEDIA_IMPROVEMENTS_PAGE_IMPROVEMENT_YNL_YZSP_BB_CHAPTER_HISTORY_PARA_1" Language="ja_JP">
			<Text></Text>
		</Replace>

		<!-- UU -->
		<!-- 迫真空手部員 -->
		<Replace Tag="LOC_UNIT_YNL_HAKUSHIN_KARATE_NAME" Language="ja_JP">
			<Text>迫真空手部員</Text>
		</Replace>
		<Replace Tag="LOC_UNIT_YNL_HAKUSHIN_KARATE_DESCRIPTION" Language="ja_JP">
			<Text>田所浩二固有の古典時代の近接戦闘ユニット。[ICON_Movement] 移動力3。このユニットは戦略資源を必要とせず、独自の昇進を持つ。産業時代以降の陸軍ユニット隣接で [ICON_Strength] 戦闘力+12。</Text>
		</Replace>
		<Replace Tag="LOC_TRAIT_LEADER_UNIT_YNL_HAKUSHIN_KARATE_NAME" Language="ja_JP">
			<Text>田所浩二固有のユニット: 迫真空手部員</Text>
		</Replace>
		<Replace Tag="LOC_PEDIA_UNITS_PAGE_UNIT_YNL_HAKUSHIN_KARATE_CHAPTER_HISTORY_PARA_1" Language="ja_JP">
			<Text>カスが効かねえんだよ！</Text>
		</Replace>
		<!-- オナガー -->
		<Replace Tag="LOC_UNIT_YNL_ONAGER_NAME" Language="ja_JP">
			<Text>オナガー</Text>
		</Replace>
		<Replace Tag="LOC_UNIT_YNL_ONAGER_DESCRIPTION" Language="ja_JP">
			<Text>カタパルトに取ってかわるGO固有の古典時代の攻城ユニット。カタパルトよりも打たれ強く、ZOCを発生させる。</Text>
		</Replace>
		<Replace Tag="LOC_TRAIT_LEADER_UNIT_YNL_ONAGER_NAME" Language="ja_JP">
			<Text>GO固有のユニット: オナガー</Text>
		</Replace>
		<Replace Tag="LOC_PEDIA_UNITS_PAGE_UNIT_YNL_ONAGER_CHAPTER_HISTORY_PARA_1" Language="ja_JP">
			<Text></Text>
		</Replace>
		<!-- 極道の黒備え -->
		<Replace Tag="LOC_UNIT_YNL_BLACK_CAVALRY_NAME" Language="ja_JP">
			<Text>極道の黒備え</Text>
		</Replace>
		<Replace Tag="LOC_UNIT_YNL_BLACK_CAVALRY_DESCRIPTION" Language="ja_JP">
			<Text>軽騎兵に取ってかわるTNOK固有の古典時代の軽騎兵ユニット。軽騎兵よりも強い。側面攻撃2倍。</Text>
		</Replace>
		<Replace Tag="LOC_TRAIT_LEADER_UNIT_YNL_BLACK_CAVALRY_NAME" Language="ja_JP">
			<Text>TNOK固有のユニット: 極道の黒備え</Text>
		</Replace>
		<Replace Tag="LOC_PEDIA_UNITS_PAGE_UNIT_YNL_BLACK_CAVALRY_CHAPTER_HISTORY_PARA_1" Language="ja_JP">
			<Text></Text>
		</Replace>
		<!-- 黒塗りの高級車 -->
		<Replace Tag="LOC_UNIT_YNL_BLACK_CAR_NAME" Language="ja_JP">
			<Text>黒塗りの高級車</Text>
		</Replace>
		<Replace Tag="LOC_UNIT_YNL_BLACK_CAR_DESCRIPTION" Language="ja_JP">
			<Text>TNOK固有の産業時代の支援ユニット。[ICON_Movement] 移動力5。隣接する敵ユニットの [ICON_Strength] 戦闘力-5。</Text>
		</Replace>
		<Replace Tag="LOC_TRAIT_LEADER_UNIT_YNL_BLACK_CAR_NAME" Language="ja_JP">
			<Text>TNOK固有のユニット: 黒塗りの高級車</Text>
		</Replace>
		<Replace Tag="LOC_PEDIA_UNITS_PAGE_UNIT_YNL_BLACK_CAR_CHAPTER_HISTORY_PARA_1" Language="ja_JP">
			<Text>誰の車にぶつけたと思ってんだ？どう落とし前つけんだよ？</Text>
		</Replace>
		<!-- 国崩し -->
		<Replace Tag="LOC_UNIT_YNL_KUNIKUZUSHI_NAME" Language="ja_JP">
			<Text>国崩し</Text>
		</Replace>
		<Replace Tag="LOC_UNIT_YNL_KUNIKUZUSHI_DESCRIPTION" Language="ja_JP">
			<Text>弩兵に取ってかわる虐待おじさん固有の中世の陸上遠距離ユニット。弩兵よりも強い。</Text>
		</Replace>
		<Replace Tag="LOC_TRAIT_LEADER_UNIT_YNL_KUNIKUZUSHI_NAME" Language="ja_JP">
			<Text>虐待おじさん固有のユニット: 国崩し</Text>
		</Replace>
		<Replace Tag="LOC_PEDIA_UNITS_PAGE_UNIT_YNL_KUNIKUZUSHI_CHAPTER_HISTORY_PARA_1" Language="ja_JP">
			<Text></Text>
		</Replace>
		<!-- クリバナリウス -->
		<Replace Tag="LOC_UNIT_YNL_CLIBANARIUS_NAME" Language="ja_JP">
			<Text>クリバナリウス</Text>
		</Replace>
		<Replace Tag="LOC_UNIT_YNL_CLIBANARIUS_DESCRIPTION" Language="ja_JP">
			<Text>軽騎兵に取ってかわるTDN固有の古典時代の重騎兵ユニット。軽騎兵よりも強く、同じタイルに宗教ユニットがいると [ICON_Strength] 戦闘力+10。このユニットが都市を制圧するか、このユニットが隣接した状態で都市を制圧すると、そのプレイヤーの宗教が自動的にその都市の主流宗教になる。</Text>
		</Replace>
		<Replace Tag="LOC_TRAIT_LEADER_UNIT_YNL_CLIBANARIUS_NAME" Language="ja_JP">
			<Text>TDN固有のユニット: クリバナリウス</Text>
		</Replace>
		<Replace Tag="LOC_PEDIA_UNITS_PAGE_UNIT_YNL_CLIBANARIUS_CHAPTER_HISTORY_PARA_1" Language="ja_JP">
			<Text></Text>
		</Replace>
		<!-- フランキスカ -->
		<Replace Tag="LOC_UNIT_YNL_FRANCISCA_NAME" Language="ja_JP">
			<Text>フランキスカ</Text>
		</Replace>
		<Replace Tag="LOC_UNIT_YNL_FRANCISCA_DESCRIPTION" Language="ja_JP">
			<Text>長槍兵に取ってかわるMUR固有の中世の対騎兵ユニット。近接戦闘ユニットでありながら [ICON_Range] 射程2の長距離攻撃が可能。白兵ユニットに対して [ICON_Strength] 戦闘力+10。</Text>
		</Replace>
		<Replace Tag="LOC_TRAIT_LEADER_UNIT_YNL_FRANCISCA_NAME" Language="ja_JP">
			<Text>MUR固有のユニット: フランキスカ</Text>
		</Replace>
		<Replace Tag="LOC_PEDIA_UNITS_PAGE_UNIT_YNL_FRANCISCA_CHAPTER_HISTORY_PARA_1" Language="ja_JP">
			<Text></Text>
		</Replace>
		
		<!-- UB -->
		<!-- 屋上日焼けサロン -->
		<Replace Tag="LOC_BUILDING_YNL_ROOFTOP_NAME" Language="ja_JP">
			<Text>屋上日焼けサロン</Text>
		</Replace>
		<Replace Tag="LOC_BUILDING_YNL_ROOFTOP_DESCRIPTION" Language="ja_JP">
			<Text>ショッピングモールに取って代わる近代の田所浩二固有の建造物。[ICON_Amenities] 快適性+1。野獣先輩BBの [ICON_Tourism] 観光力+100%。</Text>
		</Replace>
		<Replace Tag="LOC_TRAIT_LEADER_BUILDING_YNL_ROOFTOP_NAME" Language="ja_JP">
			<Text>田所浩二固有の建造物: 屋上日焼けサロン</Text>
		</Replace>
		<Replace Tag="LOC_PEDIA_BUILDINGS_PAGE_BUILDING_YNL_ROOFTOP_CHAPTER_HISTORY_PARA_1" Language="ja_JP">
			<Text>まずうちさぁ…屋上あんだけど…焼いてかない？</Text>
		</Replace>
		<!-- 娼館 -->
		<Replace Tag="LOC_BUILDING_YNL_BROTHEL_NAME" Language="ja_JP">
			<Text>娼館</Text>
		</Replace>
		<Replace Tag="LOC_BUILDING_YNL_BROTHEL_DESCRIPTION" Language="ja_JP">
			<Text>アリーナに取って代わる古典時代のGO固有の建造物。[ICON_Culture] 文化力+2、[ICON_Amenities] 快適性+2。この都市で非民間人ユニットが作られた場合、そのユニットのコストの25%に相当する [ICON_CULTURE] 文化力が加算される。</Text>
		</Replace>
		<Replace Tag="LOC_TRAIT_LEADER_BUILDING_YNL_BROTHEL_NAME" Language="ja_JP">
			<Text>GO固有の建造物: 娼館</Text>
		</Replace>
		<Replace Tag="LOC_PEDIA_BUILDINGS_PAGE_BUILDING_YNL_BROTHEL_CHAPTER_HISTORY_PARA_1" Language="ja_JP">
			<Text></Text>
		</Replace>
		<!-- 拷問器具工房 -->
		<Replace Tag="LOC_BUILDING_YNL_TORTURE_WORKSHOP_NAME" Language="ja_JP">
			<Text>拷問器具工房</Text>
		</Replace>
		<Replace Tag="LOC_BUILDING_YNL_TORTURE_WORKSHOP_DESCRIPTION" Language="ja_JP">
			<Text>工房に取って代わる中世の虐待おじさん固有の建造物。[ICON_Science] 科学力+2、[ICON_Production] 生産力+3。[ICON_GreatEngineer] 大技術者ポイント+1、[ICON_GreatScientist] 大科学者ポイント+1。</Text>
		</Replace>
		<Replace Tag="LOC_TRAIT_LEADER_BUILDING_YNL_TORTURE_WORKSHOP_NAME" Language="ja_JP">
			<Text>虐待おじさん固有の建造物: 拷問器具工房</Text>
		</Replace>
		<Replace Tag="LOC_PEDIA_BUILDINGS_PAGE_BUILDING_YNL_TORTURE_WORKSHOP_CHAPTER_HISTORY_PARA_1" Language="ja_JP">
			<Text></Text>
		</Replace>
		<!-- 立教大学 -->
		<Replace Tag="LOC_BUILDING_YNL_SAINT_PAULS_UNIVERSITY_NAME" Language="ja_JP">
			<Text>立教大学</Text>
		</Replace>
		<Replace Tag="LOC_BUILDING_YNL_SAINT_PAULS_UNIVERSITY_DESCRIPTION" Language="ja_JP">
			<Text>大学に取って代わる中世のTDN固有の建造物。キャンパス (区域) の隣接ボーナスと同量の [ICON_Faith] 信仰力ボーナスを得る。この都市内のボーナス資源タイルごとに [ICON_Faith] 信仰力+1。</Text>
		</Replace>
		<Replace Tag="LOC_TRAIT_LEADER_BUILDING_YNL_SAINT_PAULS_UNIVERSITY_NAME" Language="ja_JP">
			<Text>TDN固有の建造物: 立教大学</Text>
		</Replace>
		<Replace Tag="LOC_PEDIA_BUILDINGS_PAGE_BUILDING_YNL_SAINT_PAULS_UNIVERSITY_CHAPTER_HISTORY_PARA_1" Language="ja_JP">
			<Text></Text>
		</Replace>
		<!-- ドーム球場 -->
		<Replace Tag="LOC_BUILDING_YNL_DOMED_STADIUM_NAME" Language="ja_JP">
			<Text>ドーム球場</Text>
		</Replace>
		<Replace Tag="LOC_BUILDING_YNL_DOMED_STADIUM_DESCRIPTION" Language="ja_JP">
			<Text>スタジアムに取って代わる原子力時代のTDN固有の建造物。9タイル以内にある都心に [ICON_Amenities] 快適性ボーナスが及ぶ。このボーナスは1つの都市に対して一度だけ適用され、都心の9タイル以内に同種の建造物が2つ以上あってもボーナスが増えることはない。この都市の [ICON_CITIZEN] 人口が10以上の場合は [ICON_Tourism] 観光力+3。 [ICON_CITIZEN] 人口が20以上の場合は [ICON_Tourism] 観光力+7。この都市を起点とする国家間の [ICON_TradeRoute] 交易路の [ICON_Culture] 文化力+4</Text>
		</Replace>
		<Replace Tag="LOC_TRAIT_LEADER_BUILDING_YNL_DOMED_STADIUM_NAME" Language="ja_JP">
			<Text>TDN固有の建造物: ドーム球場</Text>
		</Replace>
		<Replace Tag="LOC_PEDIA_BUILDINGS_PAGE_BUILDING_YNL_DOMED_STADIUM_CHAPTER_HISTORY_PARA_1" Language="ja_JP">
			<Text></Text>
		</Replace>
		
		<!-- UD -->
		<!-- 組事務所 -->
		<Replace Tag="LOC_DISTRICT_YNL_OUTLAW_OFFICE_NAME" Language="ja_JP">
			<Text>組事務所</Text>
		</Replace>
		<Replace Tag="LOC_DISTRICT_YNL_OUTLAW_OFFICE_DESCRIPTION" Language="ja_JP">
			<Text>兵営に取って代わるTNOK固有の区域。[ICON_Housing] 住宅+1。隣接する他の区域1つにつき [ICON_Gold] ゴールド+1。タピオカミルクティーを1つ得る。</Text>
		</Replace>
		<Replace Tag="LOC_TRAIT_DISTRICT_YNL_OUTLAW_OFFICE_NAME" Language="ja_JP">
			<Text>TNOK固有の建造物: 組事務所</Text>
		</Replace>
		<Replace Tag="LOC_PEDIA_DISTRICTS_PAGE_DISTRICT_YNL_OUTLAW_OFFICE_CHAPTER_HISTORY_PARA_1" Language="ja_JP">
			<Text></Text>
		</Replace>
		<!-- ハンマーム -->
		<Replace Tag="LOC_DISTRICT_YNL_HAMAM_NAME" Language="ja_JP">
			<Text>ハンマーム</Text>
		</Replace>
		<Replace Tag="LOC_DISTRICT_YNL_HAMAM_DESCRIPTION" Language="ja_JP">
			<Text>用水路に取って代わるMUR固有の区域。より安価に建設できる。[NEWLINE][NEWLINE]隣接する川、湖、オアシス、山岳から真水を都市にもたらす。都市に真水がまだ供給されていなかった場合は最大で [ICON_Housing] 住宅6を獲得。真水がすでに引かれている都市は [ICON_Housing] 住宅+2。地熱孔に隣接している場所に築くと [ICON_Amenities] 快適性+1。いずれの場合も浴場の特別ボーナスとして [ICON_Housing] 住宅+1、 [ICON_Amenities] 快適性+1。干ばつ中に [ICON_Food] 食料が失われない。都心に隣接している必要がある。工兵はチャージ1を消費することでハンマームを20%完成させられる。この都市を目的地とする [ICON_TradeRoute] 交易路に [ICON_Culture] 文化力+1。</Text>
		</Replace>
		<Replace Tag="LOC_TRAIT_DISTRICT_YNL_HAMAM_NAME" Language="ja_JP">
			<Text>MUR固有の建造物: ハンマーム</Text>
		</Replace>
		<Replace Tag="LOC_PEDIA_DISTRICTS_PAGE_DISTRICT_YNL_HAMAM_CHAPTER_HISTORY_PARA_1" Language="ja_JP">
			<Text></Text>
		</Replace>
	</LocalizedText>
</GameData>
