<?xml version="1.0" encoding="utf-8"?>
<GameData>
	<LocalizedText>
		<!-- 文明 -->
		<Row Tag="LOC_CIVILIZATION_YNL_AMLD_NAME" Language="en_US">
			<Text>A Middsummer Lewd Dream</Text>
		</Row>
		<Row Tag="LOC_CIVILIZATION_YNL_AMLD_DESCRIPTION" Language="en_US">
			<Text>A Middsummer Lewd Dream</Text>
		</Row>
		<Row Tag="LOC_CIVILIZATION_YNL_AMLD_ADJECTIVE" Language="en_US">
			<Text>A Middsummer Lewd Dream</Text>
		</Row>
		<Row Tag="LOC_TRAIT_CIVILIZATION_YNL_AMLD_NAME" Language="en_US">
			<Text>I only had iced tea, is not it?</Text>
		</Row>
		<Row Tag="LOC_TRAIT_CIVILIZATION_YNL_AMLD_DESCRIPTION" Language="en_US">
			<Text>Rainforest tiles provide +1 adjacency bonus for Campus, Commercial Hub, Holy Site, and Theater Square districts. +2 [ICON_Culture] Culture from [ICON_RESOURCE_TEA] Tea, [ICON_RESOURCE_SUGAR] Sugar and [ICON_RESOURCE_SPICES] Spices.</Text>
		</Row>
		
		<!-- 指導者 -->
		<!-- 田所 -->
		<Row Tag="LOC_LEADER_YNL_KOJI_TADOKORO_NAME" Language="en_US">
			<Text>Koji Tadokoro</Text>
		</Row>
		<Row Tag="LOC_TRAIT_LEADER_YNL_KOJI_TADOKORO_NAME" Language="en_US">
			<Text>The Beast Senior</Text>
		</Row>
		<Row Tag="LOC_TRAIT_LEADER_YNL_KOJI_TADOKORO_DESCRIPTION" Language="en_US">
			<Text>Additional Military policy slot. +3 [ICON_PRODUCTION] Production to each city with encampment.</Text>
		</Row>
		<Row Tag="LOC_LLEADER_YNL_KOJI_TADOKORO_DOM_TEXT" Language="en_US">
			<Text>I really appreciate that.</Text>
		</Row>
		<!-- 豪 -->
		<Row Tag="LOC_LEADER_YNL_GO_IS_GOD_NAME" Language="en_US">
			<Text>GO</Text>
		</Row>
		<Row Tag="LOC_TRAIT_LEADER_YNL_GO_IS_GOD_NAME" Language="en_US">
			<Text>GO is GOD</Text>
		</Row>
		<Row Tag="LOC_TRAIT_LEADER_YNL_GO_IS_GOD_DESCRIPTION" Language="en_US">
			<Text>Levied units gain an ability giving them +2 [ICON_Movement] Movement and +5 [ICON_Strength] Combat Strength. It costs no [ICON_GOLD] Gold or Resources to upgrade Levied units. If you Levy troops from a City-State receive 2 [ICON_ENVOY] Envoys with that City-State. Combat victories provide [ICON_Culture] Culture, [ICON_Science] Science, [ICON_Faith] Faith and [ICON_Gold] Gold equal to 10% of the [ICON_Strength] Combat Strength of the defeated unit.</Text>
		</Row>
		<Row Tag="LOC_LLEADER_YNL_GO_IS_GOD_DOM_TEXT" Language="en_US">
			<Text>I really appreciate that.</Text>
		</Row>
		
		<!-- UI -->
		<Row Tag="LOC_IMPROVEMENT_YNL_YZSP_BB_NAME" Language="en_US">
			<Text>The Beast BB</Text>
		</Row>
		<Row Tag="LOC_IMPROVEMENT_YNL_YZSP_BB_DESCRIPTION" Language="en_US">
			<Text>Unlocks the Builder ability to construct a The Beast BB, unique to A Middsummer Lewd Dream.[NEWLINE][NEWLINE]+1 [ICON_GOLD] Gold, +1 [ICON_Culture] Culture. +2 [ICON_CULTURE] Culture when unlock the Computers. +2 [ICON_GOLD] Gold whe unlock the Social Media. Can be built on Adjecent any resources. Cannot be built on adjacent to another The Beast BB.</Text>
		</Row>
		<Row Tag="LOC_TRAIT_CIVILIZATION_IMPROVEMENT_YNL_YZSP_BB_NAME" Language="en_US">
			<Text>A Middsummer Lewd Dream unique improvement: The Beast BB</Text>
		</Row>
		<Row Tag="LOC_PEDIA_IMPROVEMENTS_PAGE_IMPROVEMENT_YNL_YZSP_BB_CHAPTER_HISTORY_PARA_1" Language="en_US">
			<Text></Text>
		</Row>

		<!-- UU -->
		<Row Tag="LOC_UNIT_YNL_HAKUSHIN_KARATE_NAME" Language="en_US">
			<Text>Hakushin Karate Member</Text>
		</Row>
		<Row Tag="LOC_UNIT_YNL_HAKUSHIN_KARATE_DESCRIPTION" Language="en_US">
			<Text>A Middsummer Lewd Dream unique Classical era melee unit that replaces the Swordsman. 3 [ICON_Movement] movement. this unit no need strategic resouces. this unit have unique primotion.</Text>
		</Row>
		<Row Tag="LOC_TRAIT_CIVILIZATION_UNIT_YNL_HAKUSHIN_KARATE_NAME" Language="en_US">
			<Text>A Middsummer Lewd Dream unique unit: Hakushin Karate Member</Text>
		</Row>
		<Row Tag="LOC_PEDIA_UNITS_PAGE_UNIT_YNL_HAKUSHIN_KARATE_CHAPTER_HISTORY_PARA_1" Language="en_US">
			<Text></Text>
		</Row>

		<!-- UB -->
		<!-- 屋上 -->
		<Row Tag="LOC_BUILDING_YNL_ROOFTOP_NAME" Language="en_US">
			<Text>Rooftop</Text>
		</Row>
		<Row Tag="LOC_BUILDING_YNL_ROOFTOP_DESCRIPTION" Language="en_US">
			<Text>Koji Tadokoro unique Modern era building that replaces the Shopping Mall. +1 [ICON_Amenities] Amenity. +100% [ICON_Tourism] Tourism from The Beast BB across your civilization.</Text>
		</Row>
		<Row Tag="LOC_TRAIT_LEADER_BUILDING_YNL_ROOFTOP_NAME" Language="en_US">
			<Text>Koji Tadokoro unique building: Rooftop</Text>
		</Row>
		<Row Tag="LOC_PEDIA_BUILDINGS_PAGE_BUILDING_YNL_ROOFTOP_CHAPTER_HISTORY_PARA_1" Language="en_US">
			<Text></Text>
		</Row>
		<!-- 娼館 -->
		<Row Tag="LOC_BUILDING_YNL_BROTHEL_NAME" Language="en_US">
			<Text>Brothel</Text>
		</Row>
		<Row Tag="LOC_BUILDING_YNL_BROTHEL_DESCRIPTION" Language="en_US">
			<Text>GO unique Classical era building that replaces the Arena. +2 [ICON_Culture] Culture, +2 [ICON_Amenities] Amenity. Gain [ICON_CULTURE] Culture equal to 25% of the unit's cost when a non civilian unit is created in this city.</Text>
		</Row>
		<Row Tag="LOC_TRAIT_LEADER_BUILDING_YNL_BROTHEL_NAME" Language="en_US">
			<Text>GO unique building: Brothel</Text>
		</Row>
		<Row Tag="LOC_PEDIA_BUILDINGS_PAGE_BUILDING_YNL_BROTHEL_CHAPTER_HISTORY_PARA_1" Language="en_US">
			<Text></Text>
		</Row>
	</LocalizedText>
</GameData>
