<?xml version="1.0" encoding="utf-8"?>
<GameInfo>
	<!-- 文明固有カラー定義 -->
	<Colors>
		<!-- 田所 -->
		<Row>
			<Type>COLOR_PLAYER_LEADER_YNL_KOJI_TADOKORO_PRIMARY</Type>
			<Color>111,75,62,255</Color>
		</Row>
		<Row>
			<Type>COLOR_PLAYER_LEADER_YNL_KOJI_TADOKORO_SECONDARY</Type>
			<Color>165,143,134,255</Color>
		</Row>
		<!-- 豪 -->
		<Row>
			<Type>COLOR_PLAYER_LEADER_YNL_GO_IS_GOD_PRIMARY</Type>
			<Color>40,26,20,255</Color>
		</Row>
		<Row>
			<Type>COLOR_PLAYER_LEADER_YNL_GO_IS_GOD_SECONDARY</Type>
			<Color>230,180,34,255</Color>
		</Row>
		<!-- 虐待おじさん -->
		<Row>
			<Type>COLOR_PLAYER_LEADER_YNL_VIOLENCE_MAN_PRIMARY</Type>
			<Color>28,48,92,255</Color>
		</Row>
		<Row>
			<Type>COLOR_PLAYER_LEADER_YNL_VIOLENCE_MAN_SECONDARY</Type>
			<Color>166,165,196,255</Color>
		</Row>
		<!-- TNOK -->
		<Row>
			<Type>COLOR_PLAYER_LEADER_YNL_TNOK_PRIMARY</Type>
			<Color>48,40,51,255</Color>
		</Row>
		<Row>
			<Type>COLOR_PLAYER_LEADER_YNL_TNOK_SECONDARY</Type>
			<Color>118,5,５,255</Color>
		</Row>
	</Colors>
</GameInfo>
