<?xml version="1.0" encoding="utf-8"?>
<GameData>
	<LocalizedText>
		<!-- 文明 -->
		<Row Tag="LOC_CIVILIZATION_YNL_AMLD_NAME" Language="en_US">
			<Text>A Middsummer Lewd Dream</Text>
		</Row>
		<Row Tag="LOC_CIVILIZATION_YNL_AMLD_DESCRIPTION" Language="en_US">
			<Text>A Middsummer Lewd Dream</Text>
		</Row>
		<Row Tag="LOC_CIVILIZATION_YNL_AMLD_ADJECTIVE" Language="en_US">
			<Text>A Middsummer Lewd Dream</Text>
		</Row>
		<Row Tag="LOC_TRAIT_CIVILIZATION_YNL_AMLD_NAME" Language="en_US">
			<Text>I only had iced tea, is not it?</Text>
		</Row>
		<Row Tag="LOC_TRAIT_CIVILIZATION_YNL_AMLD_DESCRIPTION" Language="en_US">
			<Text>Rainforest tiles provide +1 adjacency bonus for Campus, Commercial Hub, Holy Site, and Theater Square districts. +2 [ICON_Culture] Culture from [ICON_RESOURCE_TEA] Tea, [ICON_RESOURCE_SUGAR] Sugar and [ICON_RESOURCE_SPICES] Spices.</Text>
		</Row>
		
		<!-- 指導者 -->
		<!-- 田所 -->
		<Row Tag="LOC_LEADER_YNL_KOJI_TADOKORO_NAME" Language="en_US">
			<Text>Koji Tadokoro</Text>
		</Row>
		<Row Tag="LOC_TRAIT_LEADER_YNL_KOJI_TADOKORO_NAME" Language="en_US">
			<Text>The Beast Senior</Text>
		</Row>
		<Row Tag="LOC_TRAIT_LEADER_YNL_KOJI_TADOKORO_DESCRIPTION" Language="en_US">
			<Text>Additional Military policy slot. +3 [ICON_PRODUCTION] Production to each city with encampment.</Text>
		</Row>
		<Row Tag="LOC_LEADER_YNL_KOJI_TADOKORO_DOM_TEXT" Language="en_US">
			<Text>I really appreciate that.</Text>
		</Row>
		<!-- 豪 -->
		<Row Tag="LOC_LEADER_YNL_GO_IS_GOD_NAME" Language="en_US">
			<Text>GO</Text>
		</Row>
		<Row Tag="LOC_TRAIT_LEADER_YNL_GO_IS_GOD_NAME" Language="en_US">
			<Text>GO is GOD</Text>
		</Row>
		<Row Tag="LOC_TRAIT_LEADER_YNL_GO_IS_GOD_DESCRIPTION" Language="en_US">
			<Text>Levied units gain an ability giving them +2 [ICON_Movement] Movement and +5 [ICON_Strength] Combat Strength. It costs no [ICON_GOLD] Gold or Resources to upgrade Levied units. If you Levy troops from a City-State receive 2 [ICON_ENVOY] Envoys with that City-State. Combat victories provide [ICON_Culture] Culture, [ICON_Science] Science, [ICON_Faith] Faith and [ICON_Gold] Gold equal to 10% of the [ICON_Strength] Combat Strength of the defeated unit.</Text>
		</Row>
		<Row Tag="LOC_LEADER_YNL_GO_IS_GOD_DOM_TEXT" Language="en_US">
			<Text>I really appreciate that.</Text>
		</Row>
		<!-- 虐待おじさん -->
		<Row Tag="LOC_LEADER_YNL_VIOLENCE_MAN_NAME" Language="en_US">
			<Text>The Violence Man</Text>
		</Row>
		<Row Tag="LOC_TRAIT_LEADER_YNL_VIOLENCE_MAN_NAME" Language="en_US">
			<Text>Sadistic Streak</Text>
		</Row>
		<Row Tag="LOC_TRAIT_LEADER_YNL_VIOLENCE_MAN_DESCRIPTION" Language="en_US">
			<Text>All units receive +5 [ICON_Strength] Combat Strength when attacking wounded units. Mines and quarry receive +1 [ICON_SCIENCE] Science if there is an adjacent Campus district. Buildings that provide additional yields when [ICON_POWER] Powered receive +2 of that yield.</Text>
		</Row>
		<Row Tag="LOC_LEADER_YNL_VIOLENCE_MAN_DOM_TEXT" Language="en_US">
			<Text>I will beat you if you move.</Text>
		</Row>
		<!-- TNOK -->
		<Row Tag="LOC_LEADER_YNL_TNOK_NAME" Language="en_US">
			<Text>TNOK</Text>
		</Row>
		<Row Tag="LOC_TRAIT_LEADER_YNL_TNOK_NAME" Language="en_US">
			<Text>Money, Violence and Sex</Text>
		</Row>
		<Row Tag="LOC_TRAIT_LEADER_YNL_TNOK_DESCRIPTION" Language="en_US">
			<Text>Luxury resources in his territory provide an [ICON_Amenities] Amenity to 2 extra cities. [ICON_Governor] Governors established in a city provide +3% [ICON_Production] Production and [ICON_Gold] Gold for each Promotion they have earned, including their first.</Text>
		</Row>
		<Row Tag="LOC_LEADER_YNL_TNOK_DOM_TEXT" Language="en_US">
			<Text>The soccer members who go home after the game.[NEWLINE]They are tired, and unfortunately run into a black-painted luxury car.[NEWLINE]To Miura who has all the responsibility to cover the juniors, [NEWLINE]What is the condition of the talk that the car owner, gang member Tanioka told?</Text>
		</Row>
		
		<!-- UI -->
		<Row Tag="LOC_IMPROVEMENT_YNL_YZSP_BB_NAME" Language="en_US">
			<Text>The Beast BB</Text>
		</Row>
		<Row Tag="LOC_IMPROVEMENT_YNL_YZSP_BB_DESCRIPTION" Language="en_US">
			<Text>Unlocks the Builder ability to construct a The Beast BB, unique to A Middsummer Lewd Dream.[NEWLINE][NEWLINE]+1 [ICON_GOLD] Gold, +1 [ICON_Culture] Culture. +2 [ICON_CULTURE] Culture when unlock the Computers. +2 [ICON_GOLD] Gold whe unlock the Social Media. Can be built on Adjecent any resources. Cannot be built on adjacent to another The Beast BB.</Text>
		</Row>
		<Row Tag="LOC_TRAIT_CIVILIZATION_IMPROVEMENT_YNL_YZSP_BB_NAME" Language="en_US">
			<Text>A Middsummer Lewd Dream unique improvement: The Beast BB</Text>
		</Row>
		<Row Tag="LOC_PEDIA_IMPROVEMENTS_PAGE_IMPROVEMENT_YNL_YZSP_BB_CHAPTER_HISTORY_PARA_1" Language="en_US">
			<Text></Text>
		</Row>

		<!-- UU -->
		<!-- 迫真空手部員 -->
		<Row Tag="LOC_UNIT_YNL_HAKUSHIN_KARATE_NAME" Language="en_US">
			<Text>Hakushin Karate Member</Text>
		</Row>
		<Row Tag="LOC_UNIT_YNL_HAKUSHIN_KARATE_DESCRIPTION" Language="en_US">
			<Text>A Middsummer Lewd Dream unique Classical era melee unit that replaces the Swordsman. 3 [ICON_Movement] movement. this unit no need strategic resouces. this unit have unique primotion.</Text>
		</Row>
		<Row Tag="LOC_TRAIT_CIVILIZATION_UNIT_YNL_HAKUSHIN_KARATE_NAME" Language="en_US">
			<Text>A Middsummer Lewd Dream unique unit: Hakushin Karate Member</Text>
		</Row>
		<Row Tag="LOC_PEDIA_UNITS_PAGE_UNIT_YNL_HAKUSHIN_KARATE_CHAPTER_HISTORY_PARA_1" Language="en_US">
			<Text></Text>
		</Row>
		<!-- 黒塗りの高級車 -->
		<Row Tag="LOC_UNIT_YNL_BLACK_CAR_NAME" Language="en_US">
			<Text>Black Car</Text>
		</Row>
		<Row Tag="LOC_UNIT_YNL_BLACK_CAR_DESCRIPTION" Language="en_US">
			<Text>TNOK unique Industrial era support unit. 5 [ICON_Movement] movement. Adjacent enemy units receive -5 [ICON_STRENGTH] Combat Strength.</Text>
		</Row>
		<Row Tag="LOC_TRAIT_CIVILIZATION_UNIT_YNL_BLACK_CAR_NAME" Language="en_US">
			<Text>TNOK unique unit: Black Car</Text>
		</Row>
		<Row Tag="LOC_PEDIA_UNITS_PAGE_UNIT_YNL_BLACK_CAR_CHAPTER_HISTORY_PARA_1" Language="en_US">
			<Text></Text>
		</Row>

		<!-- UB -->
		<!-- 屋上 -->
		<Row Tag="LOC_BUILDING_YNL_ROOFTOP_NAME" Language="en_US">
			<Text>Rooftop</Text>
		</Row>
		<Row Tag="LOC_BUILDING_YNL_ROOFTOP_DESCRIPTION" Language="en_US">
			<Text>Koji Tadokoro unique Modern era building that replaces the Shopping Mall. +1 [ICON_Amenities] Amenity. +100% [ICON_Tourism] Tourism from The Beast BB across your civilization.</Text>
		</Row>
		<Row Tag="LOC_TRAIT_LEADER_BUILDING_YNL_ROOFTOP_NAME" Language="en_US">
			<Text>Koji Tadokoro unique building: Rooftop</Text>
		</Row>
		<Row Tag="LOC_PEDIA_BUILDINGS_PAGE_BUILDING_YNL_ROOFTOP_CHAPTER_HISTORY_PARA_1" Language="en_US">
			<Text></Text>
		</Row>
		<!-- 娼館 -->
		<Row Tag="LOC_BUILDING_YNL_BROTHEL_NAME" Language="en_US">
			<Text>Brothel</Text>
		</Row>
		<Row Tag="LOC_BUILDING_YNL_BROTHEL_DESCRIPTION" Language="en_US">
			<Text>GO unique Classical era building that replaces the Arena. +2 [ICON_Culture] Culture, +2 [ICON_Amenities] Amenity. Gain [ICON_CULTURE] Culture equal to 25% of the unit's cost when a non civilian unit is created in this city.</Text>
		</Row>
		<Row Tag="LOC_TRAIT_LEADER_BUILDING_YNL_BROTHEL_NAME" Language="en_US">
			<Text>GO unique building: Brothel</Text>
		</Row>
		<Row Tag="LOC_PEDIA_BUILDINGS_PAGE_BUILDING_YNL_BROTHEL_CHAPTER_HISTORY_PARA_1" Language="en_US">
			<Text></Text>
		</Row>
		<!-- 拷問器具工房 -->
		<Row Tag="LOC_BUILDING_YNL_TORTURE_WORKSHOP_NAME" Language="en_US">
			<Text>Torture Workshop</Text>
		</Row>
		<Row Tag="LOC_BUILDING_YNL_TORTURE_WORKSHOP_DESCRIPTION" Language="en_US">
			<Text>The Violence Man unique Medival era building that replaces the Workshop. +2 [ICON_Science] Science, +2 [ICON_Production] Production. +1 [ICON_GreatEngineer] Great Engineer point, +1 [ICON_GreatScientist] Great Scientist point.</Text>
		</Row>
		<Row Tag="LOC_TRAIT_LEADER_BUILDING_YNL_TORTURE_WORKSHOP_NAME" Language="en_US">
			<Text>The Violence Man unique building: Torture Workshop</Text>
		</Row>
		<Row Tag="LOC_PEDIA_BUILDINGS_PAGE_BUILDING_YNL_TORTURE_WORKSHOP_CHAPTER_HISTORY_PARA_1" Language="en_US">
			<Text></Text>
		</Row>
		<!-- 組事務所 -->
		<Row Tag="LOC_DISTRICT_YNL_OUTLAW_OFFICE_NAME" Language="en_US">
			<Text>Outlaw Office</Text>
		</Row>
		<Row Tag="LOC_DISTRICT_YNL_OUTLAW_OFFICE_DESCRIPTION" Language="en_US">
			<Text>TNOK unique District that replaces the Encampment. Provides +1 [ICON_Housing] Housing. +1 [ICON_GOLD] Gold from the other adjecent districts.</Text>
		</Row>
		<Row Tag="LOC_TRAIT_LEADER_DISTRICT_YNL_OUTLAW_OFFICE_NAME" Language="en_US">
			<Text>TNOK unique district: Outlaw Office</Text>
		</Row>
		<Row Tag="LOC_PEDIA_DISTRICTS_PAGE_DISTRICT_YNL_OUTLAW_OFFICE_CHAPTER_HISTORY_PARA_1" Language="en_US">
			<Text></Text>
		</Row>
	</LocalizedText>
</GameData>
