<?xml version="1.0" encoding="utf-8"?>
<GameData>
	<LocalizedText>
		<!-- 文明 -->
		<Row Tag="LOC_CIVILIZATION_YNL_AMLD_NAME" Language="en_US">
			<Text>A Middsummer Lewd Dream</Text>
		</Row>
		<Row Tag="LOC_CIVILIZATION_YNL_AMLD_DESCRIPTION" Language="en_US">
			<Text>A Middsummer Lewd Dream</Text>
		</Row>
		<Row Tag="LOC_CIVILIZATION_YNL_AMLD_ADJECTIVE" Language="en_US">
			<Text>A Middsummer Lewd Dream</Text>
		</Row>
		<Row Tag="LOC_TRAIT_CIVILIZATION_YNL_AMLD_NAME" Language="en_US">
			<Text>I only had iced tea, is not it?</Text>
		</Row>
		<Row Tag="LOC_TRAIT_CIVILIZATION_YNL_AMLD_DESCRIPTION" Language="en_US">
			<Text>Rainforest tiles provide +1 adjacency bonus for Campus, Commercial Hub, Holy Site, and Theater Square districts. +2 [ICON_Culture] Culture from [ICON_RESOURCE_TEA] Tea, [ICON_RESOURCE_SUGAR] Sugar and [ICON_RESOURCE_SPICES] Spices.</Text>
		</Row>
		
		<!-- 指導者 -->
		<!-- 田所 -->
		<Row Tag="LOC_LEADER_YNL_KOJI_TADOKORO_NAME" Language="en_US">
			<Text>Koji Tadokoro</Text>
		</Row>
		<Row Tag="LOC_TRAIT_LEADER_YNL_KOJI_TADOKORO_NAME" Language="en_US">
			<Text>The Beast Senior</Text>
		</Row>
		<Row Tag="LOC_TRAIT_LEADER_YNL_KOJI_TADOKORO_DESCRIPTION" Language="en_US">
			<Text>Additional Military policy slot. +3 [ICON_PRODUCTION] Production to each city with encampment. +2 [ICON_CULTURE] Culture and +1 [ICON_AMENITIES] Amenity from entertainment to each city with an dam.</Text>
		</Row>
		<Row Tag="LOC_LEADER_YNL_KOJI_TADOKORO_DOM_TEXT" Language="en_US">
			<Text>I really appreciate that.</Text>
		</Row>
		<!-- 豪 -->
		<Row Tag="LOC_LEADER_YNL_GO_IS_GOD_NAME" Language="en_US">
			<Text>GO</Text>
		</Row>
		<Row Tag="LOC_TRAIT_LEADER_YNL_GO_IS_GOD_NAME" Language="en_US">
			<Text>GO is GOD</Text>
		</Row>
		<Row Tag="LOC_TRAIT_LEADER_YNL_GO_IS_GOD_DESCRIPTION" Language="en_US">
			<Text>Levied units gain an ability giving them +2 [ICON_Movement] Movement and +5 [ICON_Strength] Combat Strength. It cost 75% less [ICON_GOLD] Gold and resources to upgrade Levied units. If you Levy troops from a City-State receive 2 [ICON_ENVOY] Envoys with that City-State. Combat victories provide [ICON_Culture] Culture, [ICON_Science] Science, [ICON_Faith] Faith and [ICON_Gold] Gold equal to 10% of the [ICON_Strength] Combat Strength of the defeated unit.(on Standard Speed)</Text>
		</Row>
		<Row Tag="LOC_LEADER_YNL_GO_IS_GOD_DOM_TEXT" Language="en_US">
			<Text>I really appreciate that.</Text>
		</Row>
		<!-- 虐待おじさん -->
		<Row Tag="LOC_LEADER_YNL_VIOLENCE_MAN_NAME" Language="en_US">
			<Text>The Violence Man</Text>
		</Row>
		<Row Tag="LOC_TRAIT_LEADER_YNL_VIOLENCE_MAN_NAME" Language="en_US">
			<Text>Sadistic Streak</Text>
		</Row>
		<Row Tag="LOC_TRAIT_LEADER_YNL_VIOLENCE_MAN_DESCRIPTION" Language="en_US">
			<Text>All units receive +5 [ICON_Strength] Combat Strength when attacking wounded units. Mines and quarry receive +1 [ICON_SCIENCE] Science if there is an adjacent Campus district. Buildings that provide additional yields when [ICON_POWER] Powered receive +2 of that yield.</Text>
		</Row>
		<Row Tag="LOC_LEADER_YNL_VIOLENCE_MAN_DOM_TEXT" Language="en_US">
			<Text>I will beat you if you move.</Text>
		</Row>
		<!-- TNOK -->
		<Row Tag="LOC_LEADER_YNL_TNOK_NAME" Language="en_US">
			<Text>TNOK</Text>
		</Row>
		<Row Tag="LOC_TRAIT_LEADER_YNL_TNOK_NAME" Language="en_US">
			<Text>Money, Violence and Sex!</Text>
		</Row>
		<Row Tag="LOC_TRAIT_LEADER_YNL_TNOK_DESCRIPTION" Language="en_US">
			<Text>All units gains +7 [ICON_Strength] Combat Strength when defending Ranged. Citizens may work Mountain tiles. Mountain tiles provide +2 [ICON_FAITH] Faith, +1 [ICON_FOOD] Food. +1 [ICON_FAITH] Faith to Mountain tiles for every adjacent Mine.</Text>
		</Row>
		<Row Tag="LOC_LEADER_YNL_TNOK_DOM_TEXT" Language="en_US">
			<Text>The soccer members who go home after the game.[NEWLINE]They are tired, and unfortunately run into a black-painted luxury car.[NEWLINE]To Miura who has all the responsibility to cover the juniors, [NEWLINE]What is the condition of the talk that the car owner, gang member Tanioka told?</Text>
		</Row>
		<!-- TDN -->
		<Row Tag="LOC_LEADER_YNL_TDN_NAME" Language="en_US">
			<Text>TDN</Text>
		</Row>
		<Row Tag="LOC_TRAIT_LEADER_YNL_TDN_NAME" Language="en_US">
			<Text>Nomination Stop</Text>
		</Row>
		<Row Tag="LOC_TRAIT_LEADER_YNL_TDN_DESCRIPTION" Language="en_US">
			<Text>All units gain +7 [ICON_Strength] Combat Strength when defending against ranged units. Citizens may work Mountain tiles. Mountain tiles provide +2 [ICON_FAITH] Faith, +1 [ICON_FOOD] Food. +1 [ICON_FAITH] Faith to Mountain tiles for every adjacent Mines.</Text>
		</Row>
		<Row Tag="LOC_LEADER_YNL_TDN_DOM_TEXT" Language="en_US">
			<Text>Please. I'm sorry.</Text>
		</Row>
		<!-- MUR -->
		<Row Tag="LOC_LEADER_YNL_MUR_NAME" Language="en_US">
			<Text>MUR</Text>
		</Row>
		<Row Tag="LOC_TRAIT_LEADER_YNL_MUR_NAME" Language="en_US">
			<Text>Vertical Cracked Anal</Text>
		</Row>
		<Row Tag="LOC_TRAIT_LEADER_YNL_MUR_DESCRIPTION" Language="en_US">
			<Text>Can employ a unique governor, KMR. +1 [ICON_TradeRoute] Trade Route capacity for each Government Plaza building and the Government Plaza district. The Beast BB provide +1 [ICON_FOOD] Food.</Text>
		</Row>
		<Row Tag="LOC_LEADER_YNL_MUR_DOM_TEXT" Language="en_US">
			<Text>I agree.(Jumped on the bandwagon)</Text>
		</Row>
		
		<!-- UI -->
		<Row Tag="LOC_IMPROVEMENT_YNL_YZSP_BB_NAME" Language="en_US">
			<Text>The Beast BB</Text>
		</Row>
		<Row Tag="LOC_IMPROVEMENT_YNL_YZSP_BB_DESCRIPTION" Language="en_US">
			<Text>Unlocks the Builder ability to construct a The Beast BB, unique to A Middsummer Lewd Dream.[NEWLINE][NEWLINE]+1 [ICON_GOLD] Gold, +1 [ICON_Culture] Culture. +2 [ICON_CULTURE] Culture when unlock the Computers. +2 [ICON_GOLD] Gold whe unlock the Social Media. Can be built on Adjecent Bonus or Luxury resources. Cannot be built on adjacent to another The Beast BB.</Text>
		</Row>
		<Row Tag="LOC_TRAIT_CIVILIZATION_IMPROVEMENT_YNL_YZSP_BB_NAME" Language="en_US">
			<Text>A Middsummer Lewd Dream unique improvement: The Beast BB</Text>
		</Row>
		<Row Tag="LOC_PEDIA_IMPROVEMENTS_PAGE_IMPROVEMENT_YNL_YZSP_BB_CHAPTER_HISTORY_PARA_1" Language="en_US">
			<Text></Text>
		</Row>

		<!-- UU -->
		<!-- 迫真空手部員 -->
		<Row Tag="LOC_UNIT_YNL_HAKUSHIN_KARATE_NAME" Language="en_US">
			<Text>Hakushin Karate Member</Text>
		</Row>
		<Row Tag="LOC_UNIT_YNL_HAKUSHIN_KARATE_DESCRIPTION" Language="en_US">
			<Text>Koji Tadokoro unique Classical era melee unit. 3 [ICON_Movement] movement. this unit no need strategic resouces. this unit have unique primotion. +12 [ICON_Strength] Combat Strength from Army units since the Industrial era.</Text>
		</Row>
		<Row Tag="LOC_TRAIT_LEADER_UNIT_YNL_HAKUSHIN_KARATE_NAME" Language="en_US">
			<Text>Koji Tadokoro unique unit: Hakushin Karate Member</Text>
		</Row>
		<Row Tag="LOC_PEDIA_UNITS_PAGE_UNIT_YNL_HAKUSHIN_KARATE_CHAPTER_HISTORY_PARA_1" Language="en_US">
			<Text></Text>
		</Row>
		<!-- オナガー -->
		<Row Tag="LOC_UNIT_YNL_ONAGER_NAME" Language="en_US">
			<Text>Onager</Text>
		</Row>
		<Row Tag="LOC_UNIT_YNL_ONAGER_DESCRIPTION" Language="en_US">
			<Text>GO unique Classical era bombard unit that replaces the Catapult. Strongly beaten and generate ZOC.</Text>
		</Row>
		<Row Tag="LOC_TRAIT_LEADER_UNIT_YNL_ONAGER_NAME" Language="en_US">
			<Text>GO unique unit: Onager</Text>
		</Row>
		<Row Tag="LOC_PEDIA_UNITS_PAGE_UNIT_YNL_ONAGER_CHAPTER_HISTORY_PARA_1" Language="en_US">
			<Text></Text>
		</Row>
		<!-- 極道の黒備え -->
		<Row Tag="LOC_UNIT_YNL_BLACK_CAVALRY_NAME" Language="en_US">
			<Text>Outlaw Black Horseman</Text>
		</Row>
		<Row Tag="LOC_UNIT_YNL_BLACK_CAVALRY_DESCRIPTION" Language="en_US">
			<Text>TNOK unique Classical era light cavalry unit that replaces the Horseman. Stronger than Horseman. Double Flanking Bonus.</Text>
		</Row>
		<Row Tag="LOC_TRAIT_LEADER_UNIT_YNL_BLACK_CAVALRY_NAME" Language="en_US">
			<Text>TNOK unique unit: Outlaw Black Horseman</Text>
		</Row>
		<Row Tag="LOC_PEDIA_UNITS_PAGE_UNIT_YNL_BLACK_CAVALRY_CHAPTER_HISTORY_PARA_1" Language="en_US">
			<Text></Text>
		</Row>
		<!-- 黒塗りの高級車 -->
		<Row Tag="LOC_UNIT_YNL_BLACK_CAR_NAME" Language="en_US">
			<Text>Black Car</Text>
		</Row>
		<Row Tag="LOC_UNIT_YNL_BLACK_CAR_DESCRIPTION" Language="en_US">
			<Text>TNOK unique Industrial era support unit. 5 [ICON_Movement] movement. Adjacent enemy units receive -5 [ICON_STRENGTH] Combat Strength.</Text>
		</Row>
		<Row Tag="LOC_TRAIT_LEADER_UNIT_YNL_BLACK_CAR_NAME" Language="en_US">
			<Text>TNOK unique unit: Black Car</Text>
		</Row>
		<Row Tag="LOC_PEDIA_UNITS_PAGE_UNIT_YNL_BLACK_CAR_CHAPTER_HISTORY_PARA_1" Language="en_US">
			<Text></Text>
		</Row>
		<!-- 国崩し -->
		<Row Tag="LOC_UNIT_YNL_KUNIKUZUSHI_NAME" Language="en_US">
			<Text>Kunikuzushi</Text>
		</Row>
		<Row Tag="LOC_UNIT_YNL_KUNIKUZUSHI_DESCRIPTION" Language="en_US">
			<Text>The Violence Man unique Medival ranged unit that replace Crossbowman. Stronger than the Crossbowman. </Text>
		</Row>
		<Row Tag="LOC_TRAIT_LEADER_UNIT_YNL_KUNIKUZUSHI_NAME" Language="en_US">
			<Text>The Violence Man unique unit: Kunikuzushi</Text>
		</Row>
		<Row Tag="LOC_PEDIA_UNITS_PAGE_UNIT_YNL_KUNIKUZUSHI_CHAPTER_HISTORY_PARA_1" Language="en_US">
			<Text></Text>
		</Row>
		<!-- クリバナリウス -->
		<Row Tag="LOC_UNIT_YNL_CLIBANARIUS_NAME" Language="en_US">
			<Text>Clibanarius</Text>
		</Row>
		<Row Tag="LOC_UNIT_YNL_CLIBANARIUS_DESCRIPTION" Language="en_US">
			<Text>TDN unique Classical heavy cavalry unit that replace Horseman. Stronger than the Horseman. +10 [ICON_Strength] Combat Strength when there is a religious unit in the same hex. If this unit captures a city or is adjacent to a city when it is captured, the city will automatically adopt the Conquistador player's Religion as the dominant Religion.</Text>
		</Row>
		<Row Tag="LOC_TRAIT_LEADER_UNIT_YNL_CLIBANARIUS_NAME" Language="en_US">
			<Text>TDN unique unit: Clibanarius</Text>
		</Row>
		<Row Tag="LOC_PEDIA_UNITS_PAGE_UNIT_YNL_CLIBANARIUS_CHAPTER_HISTORY_PARA_1" Language="en_US">
			<Text></Text>
		</Row>
		<!-- フランキスカ -->
		<Row Tag="LOC_UNIT_YNL_FRANCISCA_NAME" Language="en_US">
			<Text>Francisca</Text>
		</Row>
		<Row Tag="LOC_UNIT_YNL_FRANCISCA_DESCRIPTION" Language="en_US">
			<Text>MUR unique Medival anti cavalry unit that replace Pikeman. Melee class unit with a ranged attack, [ICON_Range] Range 2. Ignore unti-spear bonus.</Text>
		</Row>
		<Row Tag="LOC_TRAIT_LEADER_UNIT_YNL_FRANCISCA_NAME" Language="en_US">
			<Text>MUR unique unit: Clibanarius</Text>
		</Row>
		<Row Tag="LOC_PEDIA_UNITS_PAGE_UNIT_YNL_FRANCISCA_CHAPTER_HISTORY_PARA_1" Language="en_US">
			<Text></Text>
		</Row>
		
		<!-- UB -->
		<!-- 屋上 -->
		<Row Tag="LOC_BUILDING_YNL_ROOFTOP_NAME" Language="en_US">
			<Text>Rooftop Tanning Salon</Text>
		</Row>
		<Row Tag="LOC_BUILDING_YNL_ROOFTOP_DESCRIPTION" Language="en_US">
			<Text>Koji Tadokoro unique Modern era building that replaces the Shopping Mall. +1 [ICON_Amenities] Amenity. +100% [ICON_Tourism] Tourism from The Beast BB across your civilization.</Text>
		</Row>
		<Row Tag="LOC_TRAIT_LEADER_BUILDING_YNL_ROOFTOP_NAME" Language="en_US">
			<Text>Koji Tadokoro unique building: Rooftop Tanning Salon</Text>
		</Row>
		<Row Tag="LOC_PEDIA_BUILDINGS_PAGE_BUILDING_YNL_ROOFTOP_CHAPTER_HISTORY_PARA_1" Language="en_US">
			<Text></Text>
		</Row>
		<!-- 娼館 -->
		<Row Tag="LOC_BUILDING_YNL_BROTHEL_NAME" Language="en_US">
			<Text>Brothel</Text>
		</Row>
		<Row Tag="LOC_BUILDING_YNL_BROTHEL_DESCRIPTION" Language="en_US">
			<Text>GO unique Classical era building that replaces the Arena. +2 [ICON_Culture] Culture, +2 [ICON_Amenities] Amenity. Gain [ICON_CULTURE] Culture equal to 25% of the unit's cost when a non civilian unit is created in this city.</Text>
		</Row>
		<Row Tag="LOC_TRAIT_LEADER_BUILDING_YNL_BROTHEL_NAME" Language="en_US">
			<Text>GO unique building: Brothel</Text>
		</Row>
		<Row Tag="LOC_PEDIA_BUILDINGS_PAGE_BUILDING_YNL_BROTHEL_CHAPTER_HISTORY_PARA_1" Language="en_US">
			<Text></Text>
		</Row>
		<!-- 拷問器具工房 -->
		<Row Tag="LOC_BUILDING_YNL_TORTURE_WORKSHOP_NAME" Language="en_US">
			<Text>Torture Workshop</Text>
		</Row>
		<Row Tag="LOC_BUILDING_YNL_TORTURE_WORKSHOP_DESCRIPTION" Language="en_US">
			<Text>The Violence Man unique Medival era building that replaces the Workshop. +2 [ICON_Science] Science, +3 [ICON_Production] Production. +1 [ICON_GreatEngineer] Great Engineer point, +1 [ICON_GreatScientist] Great Scientist point.</Text>
		</Row>
		<Row Tag="LOC_TRAIT_LEADER_BUILDING_YNL_TORTURE_WORKSHOP_NAME" Language="en_US">
			<Text>The Violence Man unique building: Torture Workshop</Text>
		</Row>
		<Row Tag="LOC_PEDIA_BUILDINGS_PAGE_BUILDING_YNL_TORTURE_WORKSHOP_CHAPTER_HISTORY_PARA_1" Language="en_US">
			<Text></Text>
		</Row>
		<!-- 立教大学 -->
		<Row Tag="LOC_BUILDING_YNL_SAINT_PAULS_UNIVERSITY_NAME" Language="en_US">
			<Text>Saint Paul's University</Text>
		</Row>
		<Row Tag="LOC_BUILDING_YNL_SAINT_PAULS_UNIVERSITY_DESCRIPTION" Language="en_US">
			<Text>TDN Man unique Medival era building that replaces the University. Bonus [ICON_Faith] Faith equal to the adjacency bonus of the Campus district. +1 [ICON_FAITH] Faith to each Bonus resource tile in this city.</Text>
		</Row>
		<Row Tag="LOC_TRAIT_LEADER_BUILDING_YNL_SAINT_PAULS_UNIVERSITY_NAME" Language="en_US">
			<Text>TDN unique building: Saint Paul's University</Text>
		</Row>
		<Row Tag="LOC_PEDIA_BUILDINGS_PAGE_BUILDING_YNL_SAINT_PAULS_UNIVERSITY_CHAPTER_HISTORY_PARA_1" Language="en_US">
			<Text></Text>
		</Row>
		<!-- ドーム球場 -->
		<Row Tag="LOC_BUILDING_YNL_DOMED_STADIUM_NAME" Language="en_US">
			<Text>Domed Stadium</Text>
		</Row>
		<Row Tag="LOC_BUILDING_YNL_DOMED_STADIUM_DESCRIPTION" Language="en_US">
			<Text>TDN Man unique Atomic era building that replaces the Stadium. Bonus [ICON_Amenities] Amenities extend to each city center within 9 tiles. This bonus applies once to a city, and multiple copies of this building within 9 tiles of a city center do not provide additional bonuses. +3 [ICON_Tourism] Tourism if the city [ICON_CITIZEN] population is 10 or higher and +5 [ICON_Tourism] Tourism if the city [ICON_CITIZEN] population is 20 or higher. International [ICON_TradeRoute] Trade Routes from this city gain +4 [ICON_Culture] Culture.</Text>
		</Row>
		<Row Tag="LOC_TRAIT_LEADER_BUILDING_YNL_DOMED_STADIUM_NAME" Language="en_US">
			<Text>TDN unique building: Domed Stadium</Text>
		</Row>
		<Row Tag="LOC_PEDIA_BUILDINGS_PAGE_BUILDING_YNL_DOMED_STADIUM_CHAPTER_HISTORY_PARA_1" Language="en_US">
			<Text></Text>
		</Row>
		
		<!-- UD -->
		<!-- 組事務所 -->
		<Row Tag="LOC_DISTRICT_YNL_OUTLAW_OFFICE_NAME" Language="en_US">
			<Text>Outlaw Office</Text>
		</Row>
		<Row Tag="LOC_DISTRICT_YNL_OUTLAW_OFFICE_DESCRIPTION" Language="en_US">
			<Text>TNOK unique District that replaces the Encampment. Provides +1 [ICON_Housing] Housing. +1 [ICON_GOLD] Gold from the other adjecent districts. Grant 1 Tapioca Milk Tea.</Text>
		</Row>
		<Row Tag="LOC_TRAIT_LEADER_DISTRICT_YNL_OUTLAW_OFFICE_NAME" Language="en_US">
			<Text>TNOK unique district: Outlaw Office</Text>
		</Row>
		<Row Tag="LOC_PEDIA_DISTRICTS_PAGE_DISTRICT_YNL_OUTLAW_OFFICE_CHAPTER_HISTORY_PARA_1" Language="en_US">
			<Text></Text>
		</Row>
		<!-- ハンマーム -->
		<Row Tag="LOC_DISTRICT_YNL_HAMAM_NAME" Language="en_US">
			<Text>Hamam</Text>
		</Row>
		<Row Tag="LOC_DISTRICT_YNL_HAMAM_DESCRIPTION" Language="en_US">
			<Text>MUR unique District that replaces the Aqueduct and cheaper to build. [NEWLINE][NEWLINE]It provides this city with a source of fresh water from an adjacent River, Lake, Oasis, or Mountain. Cities that do not yet have existing fresh water receive up to 6 [ICON_Housing] Housing. Cities that already have existing fresh water will instead get +2 [ICON_Housing] Housing. If built adjacent to a Geothermal Fissure +1 [ICON_Amenities] Amenity. In all cases the Hamam provides an additional bonus of +1 [ICON_Housing] Housing and +1 [ICON_Amenities] Amenity. Prevents [ICON_Food] Food loss during Drought. Must be built adjacent to the City Center. Military Engineers can spend a charge to complete 20% of a Hamam's production. [ICON_TradeRoute] Trade Routes with this city as a destination gain +1 [ICON_Culture] Culture.</Text>
		</Row>
		<Row Tag="LOC_TRAIT_LEADER_DISTRICT_YNL_HAMAM_NAME" Language="en_US">
			<Text>MUR unique district: Hamam</Text>
		</Row>
		<Row Tag="LOC_PEDIA_DISTRICTS_PAGE_DISTRICT_YNL_HAMAM_CHAPTER_HISTORY_PARA_1" Language="en_US">
			<Text></Text>
		</Row>
	</LocalizedText>
</GameData>
