<?xml version="1.0" encoding="utf-8"?>
<GameData>
	<LocalizedText>
		<!-- Leader specific pedia text. -->
		<Row Tag="LOC_PEDIA_LEADERS_PAGE_LEADER_YNL_KOJI_TADOKORO_CHAPTER_CAPSULE_BODY" Language="en_US">
			<Text></Text>
		</Row>
		<Row Tag="LOC_PEDIA_LEADERS_PAGE_LEADER_YNL_KOJI_TADOKORO_CHAPTER_DETAILED_BODY" Language="en_US">
			<Text></Text>
		</Row>
		<Row Tag="LOC_PEDIA_LEADERS_PAGE_LEADER_YNL_GO_IS_GOD_CHAPTER_CAPSULE_BODY" Language="en_US">
			<Text></Text>
		</Row>
		<Row Tag="LOC_PEDIA_LEADERS_PAGE_LEADER_YNL_GO_IS_GOD_CHAPTER_DETAILED_BODY" Language="en_US">
			<Text></Text>
		</Row>
		<Row Tag="LOC_PEDIA_LEADERS_PAGE_LEADER_YNL_VIOLENCE_MAN_CHAPTER_CAPSULE_BODY" Language="en_US">
			<Text></Text>
		</Row>
		<Row Tag="LOC_PEDIA_LEADERS_PAGE_LEADER_YNL_VIOLENCE_MAN_CHAPTER_DETAILED_BODY" Language="en_US">
			<Text></Text>
		</Row>
		<Row Tag="LOC_PEDIA_LEADERS_PAGE_LEADER_YNL_TNOK_CHAPTER_CAPSULE_BODY" Language="en_US">
			<Text></Text>
		</Row>
		<Row Tag="LOC_PEDIA_LEADERS_PAGE_LEADER_YNL_TNOK_CHAPTER_DETAILED_BODY" Language="en_US">
			<Text></Text>
		</Row>
		
		<!-- Leader specific historical text. -->
		<Row Tag="LOC_PEDIA_LEADERS_PAGE_LEADER_YNL_KOJI_TADOKORO_CHAPTER_HISTORY_PARA_1" Language="en_US">
			<Text></Text>
		</Row>
		<Row Tag="LOC_PEDIA_LEADERS_PAGE_LEADER_YNL_GO_IS_GOD_CHAPTER_HISTORY_PARA_1" Language="en_US">
			<Text></Text>
		</Row>
		<Row Tag="LOC_PEDIA_LEADERS_PAGE_LEADER_YNL_VIOLENCE_MAN_CHAPTER_HISTORY_PARA_1" Language="en_US">
			<Text></Text>
		</Row>
		<Row Tag="LOC_PEDIA_LEADERS_PAGE_LEADER_YNL_TNOK_CHAPTER_HISTORY_PARA_1" Language="en_US">
			<Text></Text>
		</Row>
		
		<!-- Civilization specific historical text. -->
		<Row Tag="LOC_PEDIA_CIVILIZATIONS_PAGE_CIVILIZATION_YNL_AMLD_CHAPTER_HISTORY_PARA_1" Language="en_US">
			<Text>https://wiki.yjsnpi.nu/%E6%B7%AB%E5%A4%A2%E5%B9%B4%E8%A1%A8</Text>
		</Row>

		<!-- Civlization Citizen Names -->
		<Row Tag="LOC_CITIZEN_YNL_AMLD_MALE_1" Language="en_US">
			<Text>YSKN</Text>
		</Row>
		<Row Tag="LOC_CITIZEN_YNL_AMLD_MALE_2" Language="en_US">
			<Text>Senior Ikusabata</Text>
		</Row>
		<Row Tag="LOC_CITIZEN_YNL_AMLD_MALE_3" Language="en_US">
			<Text>KKW</Text>
		</Row>
		<Row Tag="LOC_CITIZEN_YNL_AMLD_MALE_4" Language="en_US">
			<Text>SMJ</Text>
		</Row>
		<Row Tag="LOC_CITIZEN_YNL_AMLD_MALE_5" Language="en_US">
			<Text>TMBK</Text>
		</Row>
		<Row Tag="LOC_CITIZEN_YNL_AMLD_MALE_6" Language="en_US">
			<Text>NOT</Text>
		</Row>
		<Row Tag="LOC_CITIZEN_YNL_AMLD_MALE_7" Language="en_US">
			<Text>AOK</Text>
		</Row>
		<Row Tag="LOC_CITIZEN_YNL_AMLD_MALE_8" Language="en_US">
			<Text>EMT</Text>
		</Row>
		<Row Tag="LOC_CITIZEN_YNL_AMLD_MALE_9" Language="en_US">
			<Text>Gengoro Hirano</Text>
		</Row>
		<Row Tag="LOC_CITIZEN_YNL_AMLD_MALE_10" Language="en_US">
			<Text>ONDISK</Text>
		</Row>
		<Row Tag="LOC_CITIZEN_YNL_AMLD_FEMALE_1" Language="en_US">
			<Text>Mosaic Sister</Text>
		</Row>
		<Row Tag="LOC_CITIZEN_YNL_AMLD_FEMALE_2" Language="en_US">
			<Text>Pinky</Text>
		</Row>
		<Row Tag="LOC_CITIZEN_YNL_AMLD_FEMALE_3" Language="en_US">
			<Text>NRK</Text>
		</Row>

		<!-- Civilization City Names-->
		<Row Tag="LOC_CIVLIZATION_YNL_AMLD_CITY_1" Language="en_US">
			<Text>Shimokitazawa</Text>
		</Row>
		<Row Tag="LOC_CIVLIZATION_YNL_AMLD_CITY_2" Language="en_US">
			<Text>Sugamo</Text>
		</Row>
		<Row Tag="LOC_CIVLIZATION_YNL_AMLD_CITY_3" Language="en_US">
			<Text>Uguisudani</Text>
		</Row>
		<Row Tag="LOC_CIVLIZATION_YNL_AMLD_CITY_4" Language="en_US">
			<Text>Hattyonawate</Text>
		</Row>
		<Row Tag="LOC_CIVLIZATION_YNL_AMLD_CITY_5" Language="en_US">
			<Text>Sensoku</Text>
		</Row>
		<Row Tag="LOC_CIVLIZATION_YNL_AMLD_CITY_6" Language="en_US">
			<Text>Asagaya</Text>
		</Row>
		<Row Tag="LOC_CIVLIZATION_YNL_AMLD_CITY_7" Language="en_US">
			<Text>Mejiro</Text>
		</Row>
		<Row Tag="LOC_CIVLIZATION_YNL_AMLD_CITY_8" Language="en_US">
			<Text>Hatanodai</Text>
		</Row>
		<Row Tag="LOC_CIVLIZATION_YNL_AMLD_CITY_9" Language="en_US">
			<Text>Jiyugaoka</Text>
		</Row>
		<Row Tag="LOC_CIVLIZATION_YNL_AMLD_CITY_10" Language="en_US">
			<Text>Sendagaya</Text>
		</Row>
		<Row Tag="LOC_CIVLIZATION_YNL_AMLD_CITY_11" Language="en_US">
			<Text>MinamiSenjyu</Text>
		</Row>
		<Row Tag="LOC_CIVLIZATION_YNL_AMLD_CITY_12" Language="en_US">
			<Text>Shinkiba</Text>
		</Row>
		<Row Tag="LOC_CIVLIZATION_YNL_AMLD_CITY_13" Language="en_US">
			<Text>Sangendyaya</Text>
		</Row>
		<Row Tag="LOC_CIVLIZATION_YNL_AMLD_CITY_14" Language="en_US">
			<Text>Mizonokuchi</Text>
		</Row>
		<Row Tag="LOC_CIVLIZATION_YNL_AMLD_CITY_15" Language="en_US">
			<Text>Minamishinjyuku</Text>
		</Row>
		<Row Tag="LOC_CIVLIZATION_YNL_AMLD_CITY_16" Language="en_US">
			<Text>Noborito</Text>
		</Row>
		<Row Tag="LOC_CIVLIZATION_YNL_AMLD_CITY_17" Language="en_US">
			<Text>Machida</Text>
		</Row>
		<Row Tag="LOC_CIVLIZATION_YNL_AMLD_CITY_18" Language="en_US">
			<Text>Ikebukuro</Text>
		</Row>
		<Row Tag="LOC_CIVLIZATION_YNL_AMLD_CITY_19" Language="en_US">
			<Text>Ikejiriohashi</Text>
		</Row>
		<Row Tag="LOC_CIVLIZATION_YNL_AMLD_CITY_20" Language="en_US">
			<Text>Nishinippori</Text>
		</Row>
		<Row Tag="LOC_CIVLIZATION_YNL_AMLD_CITY_21" Language="en_US">
			<Text>Takadanobaba</Text>
		</Row>
		<Row Tag="LOC_CIVLIZATION_YNL_AMLD_CITY_22" Language="en_US">
			<Text>Futakotamagawa</Text>
		</Row>
		<Row Tag="LOC_CIVLIZATION_YNL_AMLD_CITY_23" Language="en_US">
			<Text>Youga</Text>
		</Row>
		<Row Tag="LOC_CIVLIZATION_YNL_AMLD_CITY_24" Language="en_US">
			<Text>Kyodo</Text>
		</Row>
		<Row Tag="LOC_CIVLIZATION_YNL_AMLD_CITY_25" Language="en_US">
			<Text>Musashikosugi</Text>
		</Row>
		<Row Tag="LOC_CIVLIZATION_YNL_AMLD_CITY_26" Language="en_US">
			<Text>Tachikawa</Text>
		</Row>
		<Row Tag="LOC_CIVLIZATION_YNL_AMLD_CITY_27" Language="en_US">
			<Text>Shinkoiwa</Text>
		</Row>
		<Row Tag="LOC_CIVLIZATION_YNL_AMLD_CITY_28" Language="en_US">
			<Text>Saginomiya</Text>
		</Row>
		<Row Tag="LOC_CIVLIZATION_YNL_AMLD_CITY_29" Language="en_US">
			<Text>Todoroki</Text>
		</Row>
		<Row Tag="LOC_CIVLIZATION_YNL_AMLD_CITY_30" Language="en_US">
			<Text>Kuhonbutu</Text>
		</Row>
		<Row Tag="LOC_CIVLIZATION_YNL_AMLD_CITY_31" Language="en_US">
			<Text>Minowa</Text>
		</Row>
		<Row Tag="LOC_CIVLIZATION_YNL_AMLD_CITY_32" Language="en_US">
			<Text>Nakanobe</Text>
		</Row>
		<Row Tag="LOC_CIVLIZATION_YNL_AMLD_CITY_33" Language="en_US">
			<Text>Ohokayama</Text>
		</Row>
		<Row Tag="LOC_CIVLIZATION_YNL_AMLD_CITY_34" Language="en_US">
			<Text>Hachiouji</Text>
		</Row>
		<Row Tag="LOC_CIVLIZATION_YNL_AMLD_CITY_35" Language="en_US">
			<Text>Hasunuma</Text>
		</Row>
		<Row Tag="LOC_CIVLIZATION_YNL_AMLD_CITY_36" Language="en_US">
			<Text>Nogisaka</Text>
		</Row>
		<Row Tag="LOC_CIVLIZATION_YNL_AMLD_CITY_37" Language="en_US">
			<Text>Zoushiki</Text>
		</Row>
		<Row Tag="LOC_CIVLIZATION_YNL_AMLD_CITY_38" Language="en_US">
			<Text>Tenkubashi</Text>
		</Row>
		<Row Tag="LOC_CIVLIZATION_YNL_AMLD_CITY_39" Language="en_US">
			<Text>Denencyofu</Text>
		</Row>
		<Row Tag="LOC_CIVLIZATION_YNL_AMLD_CITY_40" Language="en_US">
			<Text>Sumiyoshi</Text>
		</Row>
		
		<!-- Leader Quotes -->
		<Row Tag="LOC_LEADER_YNL_KOJI_TADOKORO_QUOTE" Language="en_US">
			<Text>I'm 24 old, and Leader.</Text>
		</Row>
		<Row Tag="LOC_LEADER_YNL_GO_IS_GOD_QUOTE" Language="en_US">
			<Text>You’ll be fine. No need to worry.</Text>
		</Row>
		<Row Tag="LOC_LEADER_YNL_VIOLENCE_MAN_QUOTE" Language="en_US">
			<Text>I love the awful face of a cute boy like you!</Text>
		</Row>
		<Row Tag="LOC_LEADER_YNL_TNOK_QUOTE" Language="en_US">
			<Text>Dare to singing like a dog!</Text>
		</Row>
		
		<!-- 昇進 -->
		<Row Tag="LOC_PROMOTION_CLASS_HAKUSHIN_KARATE_YNL_NAME" Language="en_US">
			<Text>Hakushin Karate</Text>
		</Row>
		<!-- 昇進(個別名) -->
		<Row Tag="LOC_PROMOTION_HAKUSHIN_KARATE_YNL_BEASTCRY_NAME" Language="en_US">
			<Text>Beast Cry</Text>
		</Row>
		<Row Tag="LOC_PROMOTION_HAKUSHIN_KARATE_YNL_BACKSTAB_NAME" Language="en_US">
			<Text>Backstab</Text>
		</Row>
		<Row Tag="LOC_PROMOTION_HAKUSHIN_KARATE_YNL_EXPLODING_PALMS_NAME" Language="en_US">
			<Text>Dirty Palms</Text>
		</Row>
		<Row Tag="LOC_PROMOTION_HAKUSHIN_KARATE_YNL_SHUKUCHI_NAME" Language="en_US">
			<Text>Shukuchi</Text>
		</Row>
		<Row Tag="LOC_PROMOTION_HAKUSHIN_KARATE_YNL_CHARGE_NAME" Language="en_US">
			<Text>Charge</Text>
		</Row>
		<Row Tag="LOC_PROMOTION_HAKUSHIN_KARATE_YNL_DANCING_BEAST_NAME" Language="en_US">
			<Text>Dancing Beast</Text>
		</Row>
		<Row Tag="LOC_PROMOTION_HAKUSHIN_KARATE_YNL_COBRA_STRIKE_NAME" Language="en_US">
			<Text>Crushing Blow</Text>
		</Row>
		<!-- 昇進(個別説明) -->
		<Row Tag="LOC_PROMOTION_HAKUSHIN_KARATE_YNL_BEASTCRY_DESCRIPTION" Language="en_US">
			<Text>+7 [ICON_Strength] Combat Strength vs. melee and ranged units.</Text>
		</Row>
		<Row Tag="LOC_PROMOTION_HAKUSHIN_KARATE_YNL_BACKSTAB_DESCRIPTION" Language="en_US">
			<Text>2x flanking bonus. Only adjacent enemy units can reveal this unit.</Text>
		</Row>
		<Row Tag="LOC_PROMOTION_HAKUSHIN_KARATE_YNL_EXPLODING_PALMS_DESCRIPTION" Language="en_US">
			<Text>+10 [ICON_Strength] Combat Strength in all situations.</Text>
		</Row>
		<Row Tag="LOC_PROMOTION_HAKUSHIN_KARATE_YNL_SHUKUCHI_DESCRIPTION" Language="en_US">
			<Text>+1 [ICON_Movement] Movement. Can scale Cliff walls.</Text>
		</Row>
		<Row Tag="LOC_PROMOTION_HAKUSHIN_KARATE_YNL_CHARGE_DESCRIPTION" Language="en_US">
			<Text>+10 [ICON_Strength] Combat Strength vs. fortified defender.</Text>
		</Row>
		<Row Tag="LOC_PROMOTION_HAKUSHIN_KARATE_YNL_DANCING_BEAST_DESCRIPTION" Language="en_US">
			<Text>+1 additional attack per turn if [ICON_Movement] Movement allows. Can move after attacking.</Text>
		</Row>
		<Row Tag="LOC_PROMOTION_HAKUSHIN_KARATE_YNL_COBRA_STRIKE_DESCRIPTION" Language="en_US">
			<Text>+15 [ICON_Strength] Combat Strength in all situations.</Text>
		</Row>

		<!-- ユニットアビリティ -->
		<!-- 黒塗りの高級車 -->
		<Row Tag="LOC_ABILITY_YNL_BLACK_CAR_NAME" Language="en_US">
			<Text>Fear</Text>
		</Row>
		<Row Tag="LOC_ABILITY_YNL_BLACK_CAR_DESCRIPTION" Language="en_US">
			<Text>-5 [ICON_Strength] Combat Strength to adjacent enemy units.</Text>
		</Row>
		<Row Tag="LOC_ABILITY_YNL_BLACK_CAR_NEGATIVE_COMBAT_MODIFIER_DESCRIPTION" Language="en_US">
			<Text>{1_Amount} Combat Strength when adjacent to an enemy Black Car</Text>
		</Row>
		<!-- 産業時代以降の軍事ユニット隣接時の戦闘ボーナス -->
		<Row Tag="LOC_ABILITY_YNL_HAKUSHIN_KARATE_NAME" Language="en_US">
			<Text>Bonus from military units since the Industrial era.</Text>
		</Row>
		<Row Tag="LOC_ABILITY_YNL_HAKUSHIN_KARATE_DESCRIPTION" Language="en_US">
			<Text>+12 [ICON_Strength] Combat Strength from military units since the Industrial era.</Text>
		</Row>
		<Row Tag="LOC_ABILITY_YNL_HAKUSHIN_KARATE_SPECIFIC_UNIT_COMBAT_MODIFIER_DESCRIPTION" Language="en_US">
			<Text>+{1_Amount} Combat Strength from military units since the Industrial era.</Text>
		</Row>
	</LocalizedText>
</GameData>
