<?xml version="1.0" encoding="utf-8"?>
<GameData>
	<LocalizedText>
		<!-- 文明 -->
		<Replace Tag="LOC_CIVILIZATION_YNL_AMLD_NAME" Language="ja_JP">
			<Text>真夏の夜の淫夢</Text>
		</Replace>
		<Replace Tag="LOC_CIVILIZATION_YNL_AMLD_DESCRIPTION" Language="ja_JP">
			<Text>真夏の夜の淫夢</Text>
		</Replace>
		<Replace Tag="LOC_CIVILIZATION_YNL_AMLD_ADJECTIVE" Language="ja_JP">
			<Text>真夏の夜の淫夢の</Text>
		</Replace>
		<Replace Tag="LOC_TRAIT_CIVILIZATION_YNL_AMLD_NAME" Language="ja_JP">
			<Text>アイスティーしかなかったんだけど、いいかな？</Text>
		</Replace>
		<Replace Tag="LOC_TRAIT_CIVILIZATION_YNL_AMLD_DESCRIPTION" Language="ja_JP">
			<Text>熱帯雨林タイルに隣接するキャンパス、商業ハブ、聖地、劇場広場は+1の隣接ボーナスを得る。[ICON_RESOURCE_TEA] 茶、[ICON_RESOURCE_SUGAR] 砂糖、[ICON_RESOURCE_SPICES] 香辛料から [ICON_CULTURE] 文化力+2。</Text>
		</Replace>

		<!-- 指導者 -->
		<!-- 田所 -->
		<Replace Tag="LOC_LEADER_YNL_KOJI_TADOKORO_NAME" Language="ja_JP">
			<Text>田所浩二</Text>
		</Replace>
		<Replace Tag="LOC_TRAIT_LEADER_YNL_KOJI_TADOKORO_NAME" Language="ja_JP">
			<Text>野獣先輩</Text>
		</Replace>
		<Replace Tag="LOC_TRAIT_LEADER_YNL_KOJI_TADOKORO_DESCRIPTION" Language="ja_JP">
			<Text>追加の軍事政策スロット。兵営のある各都市に [ICON_PRODUCTION] 生産力+3。</Text>
		</Replace>
		<Replace Tag="LOC_LEADER_YNL_KOJI_TADOKORO_DOM_TEXT" Language="ja_JP">
			<Text>オッスお願いしまーす！</Text>
		</Replace>
		<!-- 豪 -->
		<Replace Tag="LOC_LEADER_YNL_GO_IS_GOD_NAME" Language="ja_JP">
			<Text>GO</Text>
		</Replace>
		<Replace Tag="LOC_TRAIT_LEADER_YNL_GO_IS_GOD_NAME" Language="ja_JP">
			<Text>GO is GOD</Text>
		</Replace>
		<Replace Tag="LOC_TRAIT_LEADER_YNL_GO_IS_GOD_DESCRIPTION" Language="ja_JP">
			<Text>徴用されたユニットの [ICON_Movement] 移動力+2、 [ICON_Strength] 戦闘力+5。徴用されたユニットのアップグレードに [ICON_GOLD] ゴールドや資源が不要になる。部隊を徴用すると、その都市国家の [ICON_ENVOY] 代表団+2。戦闘に勝利すると、倒したユニットの [ICON_Strength] 戦闘力の10%に等しい [ICON_Science] 科学力、[ICON_Culture] 文化力、[ICON_Faith] 信仰力、[ICON_Gold] ゴールドを得る。</Text>
		</Replace>
		<Replace Tag="LOC_LEADER_YNL_GO_IS_GOD_DOM_TEXT" Language="ja_JP">
			<Text>ハイ、ヨロシクゥ！</Text>
		</Replace>
		<!-- 虐待おじさん -->
		<Replace Tag="LOC_LEADER_YNL_VIOLENCE_MAN_NAME" Language="ja_JP">
			<Text>虐待おじさん</Text>
		</Replace>
		<Replace Tag="LOC_TRAIT_LEADER_YNL_VIOLENCE_MAN_NAME" Language="ja_JP">
			<Text>加虐体質</Text>
		</Replace>
		<Replace Tag="LOC_TRAIT_LEADER_YNL_VIOLENCE_MAN_DESCRIPTION" Language="ja_JP">
			<Text>負傷したユニットを攻撃する際、すべてのユニットの [ICON_Strength] 戦闘力+5。キャンパス区域に隣接している鉱山、採石場の [ICON_SCIENCE] 科学力+1。[ICON_POWER] 電力が供給されると産出量が増える建造物の産出量+2。</Text>
		</Replace>
		<Replace Tag="LOC_LEADER_YNL_VIOLENCE_MAN_DOM_TEXT" Language="ja_JP">
			<Text>動いたら叩くぞ？</Text>
		</Replace>
		<!-- TNOK -->
		<Replace Tag="LOC_LEADER_YNL_TNOK_NAME" Language="ja_JP">
			<Text>TNOK</Text>
		</Replace>
		<Replace Tag="LOC_TRAIT_LEADER_YNL_TNOK_NAME" Language="ja_JP">
			<Text>金、暴力、SEX！</Text>
		</Replace>
		<Replace Tag="LOC_TRAIT_LEADER_YNL_TNOK_DESCRIPTION" Language="ja_JP">
			<Text>領土内にある高級資源が2つの都市に追加で [ICON_Amenities] 快適性+1をもたらす。[ICON_Governor] 総督が着任しているすべての都市の [ICON_PRODUCTION] 生産力と [ICON_GOLD] ゴールドが、獲得しているレベルアップ1つにつき+3% (最初のレベルアップを含む)。</Text>
		</Replace>
		<Replace Tag="LOC_LEADER_YNL_TNOK_DOM_TEXT" Language="ja_JP">
			<Text>試合を終えて家路へ向かうサッカー部員達。[NEWLINE]疲れからか、不幸にも黒塗りの高級車に追突してしまう。[NEWLINE]後輩をかばいすべての責任を負った三浦に対し、[NEWLINE]車の主、暴力団員谷岡が言い渡した示談の条件とは・・・。</Text>
		</Replace>
		
		<!-- UI -->
		<Replace Tag="LOC_IMPROVEMENT_YNL_YZSP_BB_NAME" Language="ja_JP">
			<Text>野獣先輩BB</Text>
		</Replace>
		<Replace Tag="LOC_IMPROVEMENT_YNL_YZSP_BB_DESCRIPTION" Language="ja_JP">
			<Text>労働者が真夏の夜の淫夢固有の施設である野獣先輩BBを建設できるようになる。[NEWLINE][NEWLINE][ICON_GOLD] ゴールド+1、[ICON_Culture] 文化力+1。コンピューター解禁で [ICON_Culture] 文化力+2。ソーシャルメディア解禁で[ICON_GOLD] ゴールド+2。何らかの資源の周りにのみ建造可能。他の野獣先輩BBと隣接不可。</Text>
		</Replace>
		<Replace Tag="LOC_TRAIT_CIVILIZATION_IMPROVEMENT_YNL_YZSP_BB_NAME" Language="ja_JP">
			<Text>真夏の夜の淫夢固有の地形改善: 野獣先輩BB</Text>
		</Replace>
		<Replace Tag="LOC_PEDIA_IMPROVEMENTS_PAGE_IMPROVEMENT_YNL_YZSP_BB_CHAPTER_HISTORY_PARA_1" Language="ja_JP">
			<Text></Text>
		</Replace>

		<!-- UU -->
		<!-- 迫真空手部員 -->
		<Replace Tag="LOC_UNIT_YNL_HAKUSHIN_KARATE_NAME" Language="ja_JP">
			<Text>迫真空手部員</Text>
		</Replace>
		<Replace Tag="LOC_UNIT_YNL_HAKUSHIN_KARATE_DESCRIPTION" Language="ja_JP">
			<Text>剣士に取ってかわる真夏の夜の淫夢固有の古典時代の近接戦闘ユニット。[ICON_Movement] 移動力3。このユニットは戦略資源を必要とせず、独自の昇進を持つ。</Text>
		</Replace>
		<Replace Tag="LOC_TRAIT_CIVILIZATION_UNIT_YNL_HAKUSHIN_KARATE_NAME" Language="ja_JP">
			<Text>真夏の夜の淫夢固有のユニット: 迫真空手部員</Text>
		</Replace>
		<Replace Tag="LOC_PEDIA_UNITS_PAGE_UNIT_YNL_HAKUSHIN_KARATE_CHAPTER_HISTORY_PARA_1" Language="ja_JP">
			<Text>カスが効かねえんだよ！</Text>
		</Replace>
		<!-- 黒塗りの高級車 -->
		<Replace Tag="LOC_UNIT_YNL_BLACK_CAR_NAME" Language="ja_JP">
			<Text>黒塗りの高級車</Text>
		</Replace>
		<Replace Tag="LOC_UNIT_YNL_BLACK_CAR_DESCRIPTION" Language="ja_JP">
			<Text>TNOK固有の産業時代の支援ユニット。[ICON_Movement] 移動力5。隣接する敵ユニットの [ICON_Strength] 戦闘力-5。</Text>
		</Replace>
		<Replace Tag="LOC_TRAIT_CIVILIZATION_UNIT_YNL_BLACK_CAR_NAME" Language="ja_JP">
			<Text>真夏の夜の淫夢固有のユニット: 黒塗りの高級車</Text>
		</Replace>
		<Replace Tag="LOC_PEDIA_UNITS_PAGE_UNIT_YNL_BLACK_CAR_CHAPTER_HISTORY_PARA_1" Language="ja_JP">
			<Text>誰の車にぶつけたと思ってんだ？どう落とし前つけんだよ？</Text>
		</Replace>
		
		<!-- UB -->
		<!-- 屋上 -->
		<Replace Tag="LOC_BUILDING_YNL_ROOFTOP_NAME" Language="ja_JP">
			<Text>屋上</Text>
		</Replace>
		<Replace Tag="LOC_BUILDING_YNL_ROOFTOP_DESCRIPTION" Language="ja_JP">
			<Text>ショッピングモールに取って代わる近代の田所浩二固有の建造物。[ICON_Amenities] 快適性+1。野獣先輩BBの [ICON_Tourism] 観光力+100%。</Text>
		</Replace>
		<Replace Tag="LOC_TRAIT_LEADER_BUILDING_YNL_ROOFTOP_NAME" Language="ja_JP">
			<Text>田所浩二固有の建造物: 屋上</Text>
		</Replace>
		<Replace Tag="LOC_PEDIA_BUILDINGS_PAGE_BUILDING_YNL_ROOFTOP_CHAPTER_HISTORY_PARA_1" Language="ja_JP">
			<Text>まずうちさぁ…屋上あんだけど…焼いてかない？</Text>
		</Replace>
		<!-- 娼館 -->
		<Replace Tag="LOC_BUILDING_YNL_BROTHEL_NAME" Language="ja_JP">
			<Text>娼館</Text>
		</Replace>
		<Replace Tag="LOC_BUILDING_YNL_BROTHEL_DESCRIPTION" Language="ja_JP">
			<Text>アリーナに取って代わる古典時代のGO固有の建造物。[ICON_Culture] 文化力+2、[ICON_Amenities] 快適性+2。この都市で非民間人ユニットが作られた場合、そのユニットのコストの25%に相当する [ICON_CULTURE] 文化力が加算される。</Text>
		</Replace>
		<Replace Tag="LOC_TRAIT_LEADER_BUILDING_YNL_BROTHEL_NAME" Language="ja_JP">
			<Text>GO固有の建造物: 娼館</Text>
		</Replace>
		<Replace Tag="LOC_PEDIA_BUILDINGS_PAGE_BUILDING_YNL_BROTHEL_CHAPTER_HISTORY_PARA_1" Language="ja_JP">
			<Text></Text>
		</Replace>
		<!-- 拷問器具工房 -->
		<Replace Tag="LOC_BUILDING_YNL_TORTURE_WORKSHOP_NAME" Language="ja_JP">
			<Text>拷問器具工房</Text>
		</Replace>
		<Replace Tag="LOC_BUILDING_YNL_TORTURE_WORKSHOP_DESCRIPTION" Language="ja_JP">
			<Text>工房に取って代わる中世の虐待おじさん固有の建造物。[ICON_Science] 科学力+2、[ICON_Production] 生産力+2。[ICON_GreatEngineer] 大技術者ポイント+1、[ICON_GreatScientist] 大科学者ポイント+1。</Text>
		</Replace>
		<Replace Tag="LOC_TRAIT_LEADER_BUILDING_YNL_TORTURE_WORKSHOP_NAME" Language="ja_JP">
			<Text>虐待おじさん固有の建造物: 拷問器具工房</Text>
		</Replace>
		<Replace Tag="LOC_PEDIA_BUILDINGS_PAGE_BUILDING_YNL_TORTURE_WORKSHOP_CHAPTER_HISTORY_PARA_1" Language="ja_JP">
			<Text></Text>
		</Replace>
		<!-- 組事務所 -->
		<Replace Tag="LOC_DISTRICT_YNL_OUTLAW_OFFICE_NAME" Language="ja_JP">
			<Text>組事務所</Text>
		</Replace>
		<Replace Tag="LOC_DISTRICT_YNL_OUTLAW_OFFICE_DESCRIPTION" Language="ja_JP">
			<Text>兵営に取って代わるTNOK固有の区域。[ICON_Housing] 住宅+1。隣接する他の区域1つにつき [ICON_Gold] ゴールド+1。</Text>
		</Replace>
		<Replace Tag="LOC_TRAIT_DISTRICT_YNL_OUTLAW_OFFICE_NAME" Language="ja_JP">
			<Text>TNOK固有の建造物: 組事務所</Text>
		</Replace>
		<Replace Tag="LOC_PEDIA_DISTRICTS_PAGE_DISTRICT_YNL_OUTLAW_OFFICE_CHAPTER_HISTORY_PARA_1" Language="ja_JP">
			<Text></Text>
		</Replace>
	</LocalizedText>
</GameData>
