<?xml version="1.0" encoding="utf-8"?>
<GameInfo>
	<!-- 親定義 -->
	<Types>
		<Row Type="BUILDING_YNL_ROOFTOP"                Kind="KIND_BUILDING"/>
		<Row Type="BUILDING_YNL_BROTHEL"                Kind="KIND_BUILDING"/>
		<Row Type="BUILDING_YNL_TORTURE_WORKSHOP"       Kind="KIND_BUILDING"/>
		<Row Type="BUILDING_YNL_SAINT_PAULS_UNIVERSITY" Kind="KIND_BUILDING"/>
		<Row Type="BUILDING_YNL_DOMED_STADIUM"          Kind="KIND_BUILDING"/>
	</Types>
	<!-- 主設定 -->
	<Buildings>
		<!-- 屋上 -->
		<Row BuildingType="BUILDING_YNL_ROOFTOP" Name="LOC_BUILDING_YNL_ROOFTOP_NAME" Description="LOC_BUILDING_YNL_ROOFTOP_DESCRIPTION" 
			 PrereqCivic="CIVIC_CAPITALISM" PrereqDistrict="DISTRICT_NEIGHBORHOOD" 
			 PurchaseYield="YIELD_GOLD" Cost="580" AdvisorType="ADVISOR_CULTURE" Maintenance="1" Entertainment="1"
			 TraitType="TRAIT_LEADER_BUILDING_YNL_ROOFTOP"/>
		<!-- 娼館 -->
		<Row BuildingType="BUILDING_YNL_BROTHEL" Name="LOC_BUILDING_YNL_BROTHEL_NAME" Description="LOC_BUILDING_YNL_BROTHEL_DESCRIPTION" 
			 PrereqCivic="CIVIC_GAMES_RECREATION" PrereqDistrict="DISTRICT_ENTERTAINMENT_COMPLEX" 
			 PurchaseYield="YIELD_GOLD" Cost="150" AdvisorType="ADVISOR_GENERIC" Maintenance="1" Entertainment="2"
			 TraitType="TRAIT_LEADER_BUILDING_YNL_BROTHEL"/>
		<!-- 拷問器具工房 -->
		<Row BuildingType="BUILDING_YNL_TORTURE_WORKSHOP" Name="LOC_BUILDING_YNL_TORTURE_WORKSHOP_NAME" Description="LOC_BUILDING_YNL_TORTURE_WORKSHOP_DESCRIPTION"
			 PrereqTech="TECH_APPRENTICESHIP" PrereqDistrict="DISTRICT_INDUSTRIAL_ZONE" 
			 PurchaseYield="YIELD_GOLD" Cost="195" AdvisorType="ADVISOR_GENERIC" Maintenance="1" CitizenSlots="1"
		     TraitType="TRAIT_LEADER_BUILDING_YNL_TORTURE_WORKSHOP"/>
		<!-- 立教大学 -->
		<Row BuildingType="BUILDING_YNL_SAINT_PAULS_UNIVERSITY" Name="LOC_BUILDING_YNL_SAINT_PAULS_UNIVERSITY_NAME" Description="LOC_BUILDING_YNL_SAINT_PAULS_UNIVERSITY_DESCRIPTION" 
			 PrereqCivic="CIVIC_THEOLOGY" PrereqDistrict="DISTRICT_CAMPUS" 
			 PurchaseYield="YIELD_GOLD" Cost="250" AdvisorType="ADVISOR_TECHNOLOGY" Maintenance="2" Housing="1" CitizenSlots="1" 
			 TraitType="TRAIT_LEADER_BUILDING_YNL_SAINT_PAULS_UNIVERSITY"/>
		<!-- ドーム球場 -->
		<Row BuildingType="BUILDING_YNL_DOMED_STADIUM" Name="LOC_BUILDING_YNL_DOMED_STADIUM_NAME" Description="LOC_BUILDING_YNL_DOMED_STADIUM_DESCRIPTION" 
			 PrereqCivic="CIVIC_PROFESSIONAL_SPORTS" PrereqDistrict="DISTRICT_ENTERTAINMENT_COMPLEX" 
			 PurchaseYield="YIELD_GOLD" Cost="660" AdvisorType="ADVISOR_GENERIC" Maintenance="3" Entertainment="1" RegionalRange="9"
			 TraitType="TRAIT_LEADER_BUILDING_YNL_DOMED_STADIUM"/>
	</Buildings>
	<!-- 置き換え設定 -->
	<BuildingReplaces>
		<Row CivUniqueBuildingType="BUILDING_YNL_ROOFTOP"                ReplacesBuildingType="BUILDING_SHOPPING_MALL"/>
		<Row CivUniqueBuildingType="BUILDING_YNL_BROTHEL"                ReplacesBuildingType="BUILDING_ARENA"/>
		<Row CivUniqueBuildingType="BUILDING_YNL_TORTURE_WORKSHOP"       ReplacesBuildingType="BUILDING_WORKSHOP"/>
		<Row CivUniqueBuildingType="BUILDING_YNL_SAINT_PAULS_UNIVERSITY" ReplacesBuildingType="BUILDING_UNIVERSITY"/>
		<Row CivUniqueBuildingType="BUILDING_YNL_DOMED_STADIUM"          ReplacesBuildingType="BUILDING_STADIUM"/>
	</BuildingReplaces>
	<!-- 事前に必要な建造物 -->
	<BuildingPrereqs>
		<Row Building="BUILDING_YNL_SAINT_PAULS_UNIVERSITY" PrereqBuilding="BUILDING_LIBRARY"/>
		<Row Building="BUILDING_YNL_DOMED_STADIUM"          PrereqBuilding="BUILDING_ZOO"/>
	</BuildingPrereqs>
	<!-- 排他制御 -->
	<MutuallyExclusiveBuildings>
		<Row Building="BUILDING_YNL_ROOFTOP" MutuallyExclusiveBuilding="BUILDING_FOOD_MARKET"/>
	</MutuallyExclusiveBuildings>
	<!-- 出力ボーナス設定 -->
	<Building_YieldChanges>
		<Row BuildingType="BUILDING_YNL_BROTHEL"                YieldType="YIELD_CULTURE"    YieldChange="2"/>
		<Row BuildingType="BUILDING_YNL_TORTURE_WORKSHOP"       YieldType="YIELD_PRODUCTION" YieldChange="2"/>
		<Row BuildingType="BUILDING_YNL_TORTURE_WORKSHOP"       YieldType="YIELD_SCIENCE"    YieldChange="2"/>
		<Row BuildingType="BUILDING_YNL_SAINT_PAULS_UNIVERSITY" YieldType="YIELD_SCIENCE"    YieldChange="4"/>
	</Building_YieldChanges>
	<!-- 偉人ポイント -->
	<Building_GreatPersonPoints>
		<Row BuildingType="BUILDING_YNL_TORTURE_WORKSHOP"       GreatPersonClassType="GREAT_PERSON_CLASS_ENGINEER"  PointsPerTurn="1"/>
		<Row BuildingType="BUILDING_YNL_TORTURE_WORKSHOP"       GreatPersonClassType="GREAT_PERSON_CLASS_SCIENTIST" PointsPerTurn="1"/>
		<Row BuildingType="BUILDING_YNL_SAINT_PAULS_UNIVERSITY" GreatPersonClassType="GREAT_PERSON_CLASS_SCIENTIST" PointsPerTurn="1"/>
	</Building_GreatPersonPoints>
	<!-- 区域の隣接ボーナスと同等の出力を得る設定 -->
	<Building_YieldDistrictCopies>
		<Row BuildingType="BUILDING_YNL_SAINT_PAULS_UNIVERSITY" OldYieldType="YIELD_SCIENCE" NewYieldType="YIELD_FAITH"/>
	</Building_YieldDistrictCopies>
	<!-- 電力による出力の上昇とその必要電力 -->
	<Buildings_XP2>
		<Row BuildingType="BUILDING_YNL_DOMED_STADIUM" RequiredPower="3" EntertainmentBonusWithPower="2"/>
	</Buildings_XP2>
	<!-- 観光ポイント爆弾設定(ロックバンド用) -->
	<Building_TourismBombs_XP2>
		<Row BuildingType="BUILDING_YNL_SAINT_PAULS_UNIVERSITY" TourismBombValue="500"/>
		<Row BuildingType="BUILDING_YNL_DOMED_STADIUM"          TourismBombValue="750"/>
	</Building_TourismBombs_XP2>	
	<!-- 特殊効果 -->
	<BuildingModifiers>
		<!-- 屋上：野獣先輩BBの観光力強化 -->
		<Row>
			<BuildingType>BUILDING_YNL_ROOFTOP</BuildingType>
			<ModifierId>YNL_ROOFTOP_YZSP_BB_TOURISM</ModifierId>
		</Row>
		<!-- 娼館：建設した都市で軍事ユニット訓練すると文化力取得 -->
		<Row>
			<BuildingType>BUILDING_YNL_BROTHEL</BuildingType>
			<ModifierId>BROTHEL_SCIENCE_TRAINED_UNIT_YNL</ModifierId>
		</Row>
		<!-- 立教大学：ボーナス資源から信仰力+1 -->
		<Row>
			<BuildingType>BUILDING_YNL_SAINT_PAULS_UNIVERSITY</BuildingType>
			<ModifierId>YNL_SAINT_PAULS_UNIVERSITY_BONUSRESOURCE_FAITH</ModifierId>
		</Row>
		<!-- ドーム球場：人口による観光力の追加ボーナス -->
		<Row>
			<BuildingType>BUILDING_YNL_DOMED_STADIUM</BuildingType>
			<ModifierId>YNL_DOMED_STADIUM_10_POPULATION_TOURISM</ModifierId>
		</Row>
		<Row>
			<BuildingType>BUILDING_YNL_DOMED_STADIUM</BuildingType>
			<ModifierId>YNL_DOMED_STADIUM_20_POPULATION_TOURISM</ModifierId>
		</Row>
		<!-- ドーム球場：この都市を起点とする国家間の交易路に文化力+4 -->
		<Row>
			<BuildingType>BUILDING_YNL_DOMED_STADIUM</BuildingType>
			<ModifierId>YNL_DOMED_STADIUM_INTERNATIONAL_CULTURE</ModifierId>
		</Row>
	</BuildingModifiers>
	<Modifiers>
		<!-- 屋上：野獣先輩BBの観光力強化 -->
		<Row>
			<ModifierId>YNL_ROOFTOP_YZSP_BB_TOURISM</ModifierId>
			<ModifierType>MODIFIER_PLAYER_CITIES_ADJUST_TOURISM</ModifierType>
		</Row>
		<!-- 娼館：建設した都市で軍事ユニット訓練すると文化力取得 -->
		<Row>
			<ModifierId>BROTHEL_SCIENCE_TRAINED_UNIT_YNL</ModifierId>
			<ModifierType>MODIFIER_SINGLE_CITY_GRANT_YIELD_PER_UNIT_COST</ModifierType>
			<RunOnce>true</RunOnce>
			<Permanent>true</Permanent>
		</Row>
		<!-- 立教大学：ボーナス資源から信仰力+1 -->
		<Row>
			<ModifierId>YNL_SAINT_PAULS_UNIVERSITY_BONUSRESOURCE_FAITH</ModifierId>
			<ModifierType>MODIFIER_CITY_PLOT_YIELDS_ADJUST_PLOT_YIELD</ModifierType>
			<SubjectRequirementSetId>YNL_SAINT_PAULS_UNIVERSITY_BONUSRESOURCE_REQUIREMENTS</SubjectRequirementSetId>
		</Row>
		<!-- ドーム球場：人口による観光力の追加ボーナス -->
		<Row>
			<ModifierId>YNL_DOMED_STADIUM_10_POPULATION_TOURISM</ModifierId>
			<ModifierType>MODIFIER_PLAYER_DISTRICT_ADJUST_TOURISM_CHANGE</ModifierType>
			<SubjectRequirementSetId>STADIUM_10_POPULATION_REQUIREMENTS</SubjectRequirementSetId><!-- GSにある -->
		</Row>
		<Row>
			<ModifierId>YNL_DOMED_STADIUM_20_POPULATION_TOURISM</ModifierId>
			<ModifierType>MODIFIER_PLAYER_DISTRICT_ADJUST_TOURISM_CHANGE</ModifierType>
			<SubjectRequirementSetId>STADIUM_20_POPULATION_REQUIREMENTS</SubjectRequirementSetId><!-- GSにある -->
		</Row>
		<!-- ドーム球場：この都市を起点とする国家間の交易路に文化力+4 -->
		<Row>
			<ModifierId>YNL_DOMED_STADIUM_INTERNATIONAL_CULTURE</ModifierId>
			<ModifierType>MODIFIER_SINGLE_CITY_ADJUST_TRADE_ROUTE_YIELD_FOR_INTERNATIONAL</ModifierType>
		</Row>
	</Modifiers>
	<ModifierArguments>
		<!-- 屋上：野獣先輩BBの観光力強化 -->
		<Row>
			<ModifierId>YNL_ROOFTOP_YZSP_BB_TOURISM</ModifierId>
			<Name>ImprovementType</Name>
			<Value>IMPROVEMENT_YNL_YZSP_BB</Value>
		</Row>
		<Row>
			<ModifierId>YNL_ROOFTOP_YZSP_BB_TOURISM</ModifierId>
			<Name>ScalingFactor</Name>
			<Value>200</Value>
		</Row>
		<!-- 娼館：建設した都市で軍事ユニット訓練すると文化力取得 -->
		<Row>
			<ModifierId>BROTHEL_SCIENCE_TRAINED_UNIT_YNL</ModifierId>
			<Name>YieldType</Name>
			<Value>YIELD_CULTURE</Value>
		</Row>
		<Row>
			<ModifierId>BROTHEL_SCIENCE_TRAINED_UNIT_YNL</ModifierId>
			<Name>UnitProductionPercent</Name>
			<Value>25</Value>
		</Row>
		<!-- 立教大学：ボーナス資源から信仰力+1 -->
		<Row>
			<ModifierId>YNL_SAINT_PAULS_UNIVERSITY_BONUSRESOURCE_FAITH</ModifierId>
			<Name>YieldType</Name>
			<Value>YIELD_FAITH</Value>
		</Row>
		<Row>
			<ModifierId>YNL_SAINT_PAULS_UNIVERSITY_BONUSRESOURCE_FAITH</ModifierId>
			<Name>Amount</Name>
			<Value>1</Value>
		</Row>
		<!-- ドーム球場：人口による観光力の追加ボーナス -->
		<Row>
			<ModifierId>YNL_DOMED_STADIUM_10_POPULATION_TOURISM</ModifierId>
			<Name>Amount</Name>
			<Value>3</Value>
		</Row>
		<Row>
			<ModifierId>YNL_DOMED_STADIUM_20_POPULATION_TOURISM</ModifierId>
			<Name>Amount</Name>
			<Value>7</Value>
		</Row>
		<!-- ドーム球場：この都市を起点とする国家間の交易路に文化力+4 -->
		<Row>
			<ModifierId>YNL_DOMED_STADIUM_INTERNATIONAL_CULTURE</ModifierId>
			<Name>YieldType</Name>
			<Value>YIELD_CULTURE</Value>
		</Row>
		<Row>
			<ModifierId>YNL_DOMED_STADIUM_INTERNATIONAL_CULTURE</ModifierId>
			<Name>Amount</Name>
			<Value>4</Value>
		</Row>
	</ModifierArguments>
	<!-- 条件設定 -->
	<RequirementSets>
		<Row>
			<RequirementSetId>YNL_SAINT_PAULS_UNIVERSITY_BONUSRESOURCE_REQUIREMENTS</RequirementSetId>
			<RequirementSetType>REQUIREMENTSET_TEST_ALL</RequirementSetType>
		</Row>
	</RequirementSets>
	<RequirementSetRequirements>
		<Row>
			<RequirementSetId>YNL_SAINT_PAULS_UNIVERSITY_BONUSRESOURCE_REQUIREMENTS</RequirementSetId>
			<RequirementId>REQUIRES_PLOT_HAS_BONUS</RequirementId><!-- バニラにある -->
		</Row>
	</RequirementSetRequirements>
</GameInfo>
