<?xml version="1.0" encoding="utf-8"?>
<GameData>
	<Players>
		<!-- バニラ(GS専用のため記述なし) -->
		<!-- RaF(GS専用のため記述なし) -->
		
		<!-- GS -->
		<!-- 田所 -->
		<Row>
			<Domain>Players:Expansion2_Players</Domain>
			<CivilizationType>CIVILIZATION_YNL_AMLD</CivilizationType>
			<LeaderType>LEADER_YNL_KOJI_TADOKORO</LeaderType>
			<CivilizationName>LOC_CIVILIZATION_YNL_AMLD_NAME</CivilizationName>
			<CivilizationIcon>ICON_CIVILIZATION_YNL_AMLD</CivilizationIcon>
			<LeaderName>LOC_LEADER_YNL_KOJI_TADOKORO_NAME</LeaderName>
			<LeaderIcon>ICON_LEADER_YNL_KOJI_TADOKORO</LeaderIcon>
			<CivilizationAbilityName>LOC_TRAIT_CIVILIZATION_YNL_AMLD_NAME</CivilizationAbilityName>
			<CivilizationAbilityDescription>LOC_TRAIT_CIVILIZATION_YNL_AMLD_DESCRIPTION</CivilizationAbilityDescription>
			<CivilizationAbilityIcon>ICON_CIVILIZATION_YNL_AMLD</CivilizationAbilityIcon>
			<LeaderAbilityName>LOC_TRAIT_LEADER_YNL_KOJI_TADOKORO_NAME</LeaderAbilityName>
			<LeaderAbilityDescription>LOC_TRAIT_LEADER_YNL_KOJI_TADOKORO_DESCRIPTION</LeaderAbilityDescription>
			<LeaderAbilityIcon>ICON_LEADER_YNL_KOJI_TADOKORO</LeaderAbilityIcon>
			<Portrait>PORTRAIT_LEADER_YNL_KOJI_TADOKORO</Portrait>
		</Row>
		<!-- 豪 -->
		<Row>
			<Domain>Players:Expansion2_Players</Domain>
			<CivilizationType>CIVILIZATION_YNL_AMLD</CivilizationType>
			<LeaderType>LEADER_YNL_GO_IS_GOD</LeaderType>
			<CivilizationName>LOC_CIVILIZATION_YNL_AMLD_NAME</CivilizationName>
			<CivilizationIcon>ICON_CIVILIZATION_YNL_AMLD</CivilizationIcon>
			<LeaderName>LOC_LEADER_YNL_GO_IS_GOD_NAME</LeaderName>
			<LeaderIcon>ICON_LEADER_YNL_GO_IS_GOD</LeaderIcon>
			<CivilizationAbilityName>LOC_TRAIT_CIVILIZATION_YNL_AMLD_NAME</CivilizationAbilityName>
			<CivilizationAbilityDescription>LOC_TRAIT_CIVILIZATION_YNL_AMLD_DESCRIPTION</CivilizationAbilityDescription>
			<CivilizationAbilityIcon>ICON_CIVILIZATION_YNL_AMLD</CivilizationAbilityIcon>
			<LeaderAbilityName>LOC_TRAIT_LEADER_YNL_GO_IS_GOD_NAME</LeaderAbilityName>
			<LeaderAbilityDescription>LOC_TRAIT_LEADER_YNL_GO_IS_GOD_DESCRIPTION</LeaderAbilityDescription>
			<LeaderAbilityIcon>ICON_LEADER_YNL_GO_IS_GOD</LeaderAbilityIcon>
			<Portrait>PORTRAIT_LEADER_YNL_GO_IS_GOD</Portrait>
		</Row>
		<!-- 虐待おじさん -->
		<Row>
			<Domain>Players:Expansion2_Players</Domain>
			<CivilizationType>CIVILIZATION_YNL_AMLD</CivilizationType>
			<LeaderType>LEADER_YNL_VIOLENCE_MAN</LeaderType>
			<CivilizationName>LOC_CIVILIZATION_YNL_AMLD_NAME</CivilizationName>
			<CivilizationIcon>ICON_CIVILIZATION_YNL_AMLD</CivilizationIcon>
			<LeaderName>LOC_LEADER_YNL_VIOLENCE_MAN_NAME</LeaderName>
			<LeaderIcon>ICON_LEADER_YNL_VIOLENCE_MAN</LeaderIcon>
			<CivilizationAbilityName>LOC_TRAIT_CIVILIZATION_YNL_AMLD_NAME</CivilizationAbilityName>
			<CivilizationAbilityDescription>LOC_TRAIT_CIVILIZATION_YNL_AMLD_DESCRIPTION</CivilizationAbilityDescription>
			<CivilizationAbilityIcon>ICON_CIVILIZATION_YNL_AMLD</CivilizationAbilityIcon>
			<LeaderAbilityName>LOC_TRAIT_LEADER_YNL_VIOLENCE_MAN_NAME</LeaderAbilityName>
			<LeaderAbilityDescription>LOC_TRAIT_LEADER_YNL_VIOLENCE_MAN_DESCRIPTION</LeaderAbilityDescription>
			<LeaderAbilityIcon>ICON_LEADER_YNL_VIOLENCE_MAN</LeaderAbilityIcon>
			<Portrait>PORTRAIT_LEADER_YNL_VIOLENCE_MAN</Portrait>
		</Row>
		<!-- TNOK -->
		<Row>
			<Domain>Players:Expansion2_Players</Domain>
			<CivilizationType>CIVILIZATION_YNL_AMLD</CivilizationType>
			<LeaderType>LEADER_YNL_TNOK</LeaderType>
			<CivilizationName>LOC_CIVILIZATION_YNL_AMLD_NAME</CivilizationName>
			<CivilizationIcon>ICON_CIVILIZATION_YNL_AMLD</CivilizationIcon>
			<LeaderName>LOC_LEADER_YNL_TNOK_NAME</LeaderName>
			<LeaderIcon>ICON_LEADER_YNL_TNOK</LeaderIcon>
			<CivilizationAbilityName>LOC_TRAIT_CIVILIZATION_YNL_AMLD_NAME</CivilizationAbilityName>
			<CivilizationAbilityDescription>LOC_TRAIT_CIVILIZATION_YNL_AMLD_DESCRIPTION</CivilizationAbilityDescription>
			<CivilizationAbilityIcon>ICON_CIVILIZATION_YNL_AMLD</CivilizationAbilityIcon>
			<LeaderAbilityName>LOC_TRAIT_LEADER_YNL_TNOK_NAME</LeaderAbilityName>
			<LeaderAbilityDescription>LOC_TRAIT_LEADER_YNL_TNOK_DESCRIPTION</LeaderAbilityDescription>
			<LeaderAbilityIcon>ICON_LEADER_YNL_TNOK</LeaderAbilityIcon>
			<Portrait>PORTRAIT_LEADER_YNL_TNOK</Portrait>
		</Row>
		<!-- TDN -->
		<Row>
			<Domain>Players:Expansion2_Players</Domain>
			<CivilizationType>CIVILIZATION_YNL_AMLD</CivilizationType>
			<LeaderType>LEADER_YNL_TDN</LeaderType>
			<CivilizationName>LOC_CIVILIZATION_YNL_AMLD_NAME</CivilizationName>
			<CivilizationIcon>ICON_CIVILIZATION_YNL_AMLD</CivilizationIcon>
			<LeaderName>LOC_LEADER_YNL_TDN_NAME</LeaderName>
			<LeaderIcon>ICON_LEADER_YNL_TDN</LeaderIcon>
			<CivilizationAbilityName>LOC_TRAIT_CIVILIZATION_YNL_AMLD_NAME</CivilizationAbilityName>
			<CivilizationAbilityDescription>LOC_TRAIT_CIVILIZATION_YNL_AMLD_DESCRIPTION</CivilizationAbilityDescription>
			<CivilizationAbilityIcon>ICON_CIVILIZATION_YNL_AMLD</CivilizationAbilityIcon>
			<LeaderAbilityName>LOC_TRAIT_LEADER_YNL_TDN_NAME</LeaderAbilityName>
			<LeaderAbilityDescription>LOC_TRAIT_LEADER_YNL_TDN_DESCRIPTION</LeaderAbilityDescription>
			<LeaderAbilityIcon>ICON_LEADER_YNL_TDN</LeaderAbilityIcon>
			<Portrait>PORTRAIT_LEADER_YNL_TDN</Portrait>
		</Row>
		<!-- MUR -->
		<Row>
			<Domain>Players:Expansion2_Players</Domain>
			<CivilizationType>CIVILIZATION_YNL_AMLD</CivilizationType>
			<LeaderType>LEADER_YNL_MUR</LeaderType>
			<CivilizationName>LOC_CIVILIZATION_YNL_AMLD_NAME</CivilizationName>
			<CivilizationIcon>ICON_CIVILIZATION_YNL_AMLD</CivilizationIcon>
			<LeaderName>LOC_LEADER_YNL_MUR_NAME</LeaderName>
			<LeaderIcon>ICON_LEADER_YNL_MUR</LeaderIcon>
			<CivilizationAbilityName>LOC_TRAIT_CIVILIZATION_YNL_AMLD_NAME</CivilizationAbilityName>
			<CivilizationAbilityDescription>LOC_TRAIT_CIVILIZATION_YNL_AMLD_DESCRIPTION</CivilizationAbilityDescription>
			<CivilizationAbilityIcon>ICON_CIVILIZATION_YNL_AMLD</CivilizationAbilityIcon>
			<LeaderAbilityName>LOC_TRAIT_LEADER_YNL_MUR_NAME</LeaderAbilityName>
			<LeaderAbilityDescription>LOC_TRAIT_LEADER_YNL_MUR_DESCRIPTION</LeaderAbilityDescription>
			<LeaderAbilityIcon>ICON_LEADER_YNL_MUR</LeaderAbilityIcon>
			<Portrait>PORTRAIT_LEADER_YNL_MUR</Portrait>
		</Row>
	</Players>
	<PlayerItems>
		<!-- バニラ(GS専用のため記述なし) -->
		<!-- RaF(GS専用のため記述なし) -->
		
		<!-- GS -->
		<!-- ========== 田所 ========== -->
		<!-- UI:野獣先輩BB -->
		<Row>
			<Domain>Players:Expansion2_Players</Domain>
			<CivilizationType>CIVILIZATION_YNL_AMLD</CivilizationType>
			<LeaderType>LEADER_YNL_KOJI_TADOKORO</LeaderType>
			<Type>IMPROVEMENT_YNL_YZSP_BB</Type>
			<Name>LOC_IMPROVEMENT_YNL_YZSP_BB_NAME</Name>
			<Description>LOC_IMPROVEMENT_YNL_YZSP_BB_DESCRIPTION</Description>
			<Icon>ICON_IMPROVEMENT_YNL_YZSP_BB</Icon>
			<SortIndex>10</SortIndex>
		</Row>
		<!-- UU:迫真空手部員 -->
		<Row>
			<Domain>Players:Expansion2_Players</Domain>
			<CivilizationType>CIVILIZATION_YNL_AMLD</CivilizationType>
			<LeaderType>LEADER_YNL_KOJI_TADOKORO</LeaderType>
			<Type>UNIT_YNL_HAKUSHIN_KARATE</Type>
			<Name>LOC_UNIT_YNL_HAKUSHIN_KARATE_NAME</Name>
			<Description>LOC_UNIT_YNL_HAKUSHIN_KARATE_DESCRIPTION</Description>
			<Icon>ICON_UNIT_YNL_HAKUSHIN_KARATE</Icon>
			<SortIndex>20</SortIndex>
		</Row>
		<!-- UB:屋上 -->
		<Row>
			<Domain>Players:Expansion2_Players</Domain>
			<CivilizationType>CIVILIZATION_YNL_AMLD</CivilizationType>
			<LeaderType>LEADER_YNL_KOJI_TADOKORO</LeaderType>
			<Type>BUILDING_YNL_ROOFTOP</Type>
			<Name>LOC_BUILDING_YNL_ROOFTOP_NAME</Name>
			<Description>LOC_BUILDING_YNL_ROOFTOP_DESCRIPTION</Description>
			<Icon>ICON_BUILDING_YNL_ROOFTOP</Icon>
			<SortIndex>30</SortIndex>
		</Row>
		<!-- ========== 豪 ========== -->
		<!-- UI:野獣先輩BB -->
		<Row>
			<Domain>Players:Expansion2_Players</Domain>
			<CivilizationType>CIVILIZATION_YNL_AMLD</CivilizationType>
			<LeaderType>LEADER_YNL_GO_IS_GOD</LeaderType>
			<Type>IMPROVEMENT_YNL_YZSP_BB</Type>
			<Name>LOC_IMPROVEMENT_YNL_YZSP_BB_NAME</Name>
			<Description>LOC_IMPROVEMENT_YNL_YZSP_BB_DESCRIPTION</Description>
			<Icon>ICON_IMPROVEMENT_YNL_YZSP_BB</Icon>
			<SortIndex>10</SortIndex>
		</Row>
		<!-- UU:オナガー -->
		<Row>
			<Domain>Players:Expansion2_Players</Domain>
			<CivilizationType>CIVILIZATION_YNL_AMLD</CivilizationType>
			<LeaderType>LEADER_YNL_GO_IS_GOD</LeaderType>
			<Type>UNIT_YNL_ONAGER</Type>
			<Name>LOC_UNIT_YNL_ONAGER_NAME</Name>
			<Description>LOC_UNIT_YNL_ONAGER_DESCRIPTION</Description>
			<Icon>ICON_UNIT_YNL_ONAGER</Icon>
			<SortIndex>20</SortIndex>
		</Row>
		<!-- UB:娼館 -->
		<Row>
			<Domain>Players:Expansion2_Players</Domain>
			<CivilizationType>CIVILIZATION_YNL_AMLD</CivilizationType>
			<LeaderType>LEADER_YNL_GO_IS_GOD</LeaderType>
			<Type>BUILDING_YNL_BROTHEL</Type>
			<Name>LOC_BUILDING_YNL_BROTHEL_NAME</Name>
			<Description>LOC_BUILDING_YNL_BROTHEL_DESCRIPTION</Description>
			<Icon>ICON_BUILDING_YNL_BROTHEL</Icon>
			<SortIndex>30</SortIndex>
		</Row>
		<!-- ========== 虐待おじさん ========== -->
		<!-- UI:野獣先輩BB -->
		<Row>
			<Domain>Players:Expansion2_Players</Domain>
			<CivilizationType>CIVILIZATION_YNL_AMLD</CivilizationType>
			<LeaderType>LEADER_YNL_VIOLENCE_MAN</LeaderType>
			<Type>IMPROVEMENT_YNL_YZSP_BB</Type>
			<Name>LOC_IMPROVEMENT_YNL_YZSP_BB_NAME</Name>
			<Description>LOC_IMPROVEMENT_YNL_YZSP_BB_DESCRIPTION</Description>
			<Icon>ICON_IMPROVEMENT_YNL_YZSP_BB</Icon>
			<SortIndex>10</SortIndex>
		</Row>
		<!-- UU:国崩し-->
		<Row>
			<Domain>Players:Expansion2_Players</Domain>
			<CivilizationType>CIVILIZATION_YNL_AMLD</CivilizationType>
			<LeaderType>LEADER_YNL_VIOLENCE_MAN</LeaderType>
			<Type>UNIT_YNL_KUNIKUZUSHI</Type>
			<Name>LOC_UNIT_YNL_KUNIKUZUSHI_NAME</Name>
			<Description>LOC_UNIT_YNL_KUNIKUZUSHI_DESCRIPTION</Description>
			<Icon>ICON_UNIT_YNL_KUNIKUZUSHI</Icon>
			<SortIndex>20</SortIndex>
		</Row>
		<!-- UB:拷問器具工房 -->
		<Row>
			<Domain>Players:Expansion2_Players</Domain>
			<CivilizationType>CIVILIZATION_YNL_AMLD</CivilizationType>
			<LeaderType>LEADER_YNL_VIOLENCE_MAN</LeaderType>
			<Type>BUILDING_YNL_TORTURE_WORKSHOP</Type>
			<Name>LOC_BUILDING_YNL_TORTURE_WORKSHOP_NAME</Name>
			<Description>LOC_BUILDING_YNL_TORTURE_WORKSHOP_DESCRIPTION</Description>
			<Icon>ICON_BUILDING_YNL_TORTURE_WORKSHOP</Icon>
			<SortIndex>30</SortIndex>
		</Row>
		<!-- ========== TNOK ========== -->
		<!-- UI:野獣先輩BB -->
		<Row>
			<Domain>Players:Expansion2_Players</Domain>
			<CivilizationType>CIVILIZATION_YNL_AMLD</CivilizationType>
			<LeaderType>LEADER_YNL_TNOK</LeaderType>
			<Type>IMPROVEMENT_YNL_YZSP_BB</Type>
			<Name>LOC_IMPROVEMENT_YNL_YZSP_BB_NAME</Name>
			<Description>LOC_IMPROVEMENT_YNL_YZSP_BB_DESCRIPTION</Description>
			<Icon>ICON_IMPROVEMENT_YNL_YZSP_BB</Icon>
			<SortIndex>10</SortIndex>
		</Row>
		<!-- UU:極道の黒備え-->
		<Row>
			<Domain>Players:Expansion2_Players</Domain>
			<CivilizationType>CIVILIZATION_YNL_AMLD</CivilizationType>
			<LeaderType>LEADER_YNL_TNOK</LeaderType>
			<Type>UNIT_YNL_BLACK_CAVALRY</Type>
			<Name>LOC_UNIT_YNL_BLACK_CAVALRY_NAME</Name>
			<Description>LOC_UNIT_YNL_BLACK_CAVALRY_DESCRIPTION</Description>
			<Icon>ICON_UNIT_YNL_BLACK_CAVALRY</Icon>
			<SortIndex>20</SortIndex>
		</Row>
		<!-- UU:黒塗りの高級車 -->
		<Row>
			<Domain>Players:Expansion2_Players</Domain>
			<CivilizationType>CIVILIZATION_YNL_AMLD</CivilizationType>
			<LeaderType>LEADER_YNL_TNOK</LeaderType>
			<Type>UNIT_YNL_BLACK_CAR</Type>
			<Name>LOC_UNIT_YNL_BLACK_CAR_NAME</Name>
			<Description>LOC_UNIT_YNL_BLACK_CAR_DESCRIPTION</Description>
			<Icon>ICON_UNIT_YNL_BLACK_CAR</Icon>
			<SortIndex>30</SortIndex>
		</Row>
		<!-- UD:組事務所 -->
		<Row>
			<Domain>Players:Expansion2_Players</Domain>
			<CivilizationType>CIVILIZATION_YNL_AMLD</CivilizationType>
			<LeaderType>LEADER_YNL_TNOK</LeaderType>
			<Type>DISTRICT_YNL_OUTLAW_OFFICE</Type>
			<Name>LOC_DISTRICT_YNL_OUTLAW_OFFICE_NAME</Name>
			<Description>LOC_DISTRICT_YNL_OUTLAW_OFFICE_DESCRIPTION</Description>
			<Icon>ICON_DISTRICT_YNL_OUTLAW_OFFICE</Icon>
			<SortIndex>40</SortIndex>
		</Row>
		<!-- ========== TDN ========== -->
		<!-- UI:野獣先輩BB -->
		<Row>
			<Domain>Players:Expansion2_Players</Domain>
			<CivilizationType>CIVILIZATION_YNL_AMLD</CivilizationType>
			<LeaderType>LEADER_YNL_TDN</LeaderType>
			<Type>IMPROVEMENT_YNL_YZSP_BB</Type>
			<Name>LOC_IMPROVEMENT_YNL_YZSP_BB_NAME</Name>
			<Description>LOC_IMPROVEMENT_YNL_YZSP_BB_DESCRIPTION</Description>
			<Icon>ICON_IMPROVEMENT_YNL_YZSP_BB</Icon>
			<SortIndex>10</SortIndex>
		</Row>
		<!-- UB:立教大学 -->
		<Row>
			<Domain>Players:Expansion2_Players</Domain>
			<CivilizationType>CIVILIZATION_YNL_AMLD</CivilizationType>
			<LeaderType>LEADER_YNL_TDN</LeaderType>
			<Type>BUILDING_YNL_SAINT_PAULS_UNIVERSITY</Type>
			<Name>LOC_BUILDING_YNL_SAINT_PAULS_UNIVERSITY_NAME</Name>
			<Description>LOC_BUILDING_YNL_SAINT_PAULS_UNIVERSITY_DESCRIPTION</Description>
			<Icon>ICON_BUILDING_YNL_SAINT_PAULS_UNIVERSITY</Icon>
			<SortIndex>20</SortIndex>
		</Row>
		<!-- UB:ドーム球場 -->
		<Row>
			<Domain>Players:Expansion2_Players</Domain>
			<CivilizationType>CIVILIZATION_YNL_AMLD</CivilizationType>
			<LeaderType>LEADER_YNL_TDN</LeaderType>
			<Type>BUILDING_YNL_DOMED_STADIUM</Type>
			<Name>LOC_BUILDING_YNL_DOMED_STADIUM_NAME</Name>
			<Description>LOC_BUILDING_YNL_DOMED_STADIUM_DESCRIPTION</Description>
			<Icon>ICON_BUILDING_YNL_DOMED_STADIUM</Icon>
			<SortIndex>30</SortIndex>
		</Row>
		<!-- UU:クリバナリウス -->
		<Row>
			<Domain>Players:Expansion2_Players</Domain>
			<CivilizationType>CIVILIZATION_YNL_AMLD</CivilizationType>
			<LeaderType>LEADER_YNL_TDN</LeaderType>
			<Type>UNIT_YNL_CLIBANARIUS</Type>
			<Name>LOC_UNIT_YNL_CLIBANARIUS_NAME</Name>
			<Description>LOC_UNIT_YNL_CLIBANARIUS_DESCRIPTION</Description>
			<Icon>ICON_UNIT_YNL_CLIBANARIUS</Icon>
			<SortIndex>40</SortIndex>
		</Row>
		<!-- ========== MUR ========== -->
		<!-- UI:野獣先輩BB -->
		<Row>
			<Domain>Players:Expansion2_Players</Domain>
			<CivilizationType>CIVILIZATION_YNL_AMLD</CivilizationType>
			<LeaderType>LEADER_YNL_MUR</LeaderType>
			<Type>IMPROVEMENT_YNL_YZSP_BB</Type>
			<Name>LOC_IMPROVEMENT_YNL_YZSP_BB_NAME</Name>
			<Description>LOC_IMPROVEMENT_YNL_YZSP_BB_DESCRIPTION</Description>
			<Icon>ICON_IMPROVEMENT_YNL_YZSP_BB</Icon>
			<SortIndex>10</SortIndex>
		</Row>
		<!-- UD:ハンマーム -->
		<Row>
			<Domain>Players:Expansion2_Players</Domain>
			<CivilizationType>CIVILIZATION_YNL_AMLD</CivilizationType>
			<LeaderType>LEADER_YNL_MUR</LeaderType>
			<Type>DISTRICT_YNL_HAMAM</Type>
			<Name>LOC_DISTRICT_YNL_HAMAM_NAME</Name>
			<Description>LOC_DISTRICT_YNL_HAMAM_DESCRIPTION</Description>
			<Icon>ICON_DISTRICT_YNL_HAMAM</Icon>
			<SortIndex>20</SortIndex>
		</Row>
		<!-- UU:フランキスカ -->
		<Row>
			<Domain>Players:Expansion2_Players</Domain>
			<CivilizationType>CIVILIZATION_YNL_AMLD</CivilizationType>
			<LeaderType>LEADER_YNL_MUR</LeaderType>
			<Type>UNIT_YNL_FRANCISCA</Type>
			<Name>LOC_UNIT_YNL_FRANCISCA_NAME</Name>
			<Description>LOC_UNIT_YNL_FRANCISCA_DESCRIPTION</Description>
			<Icon>ICON_UNIT_YNL_FRANCISCA</Icon>
			<SortIndex>30</SortIndex>
		</Row>
	</PlayerItems>
</GameData>
