<?xml version="1.0" encoding="utf-8"?>
<GameData>
	<LocalizedText>
		<!-- Leader specific pedia text. -->
		<Replace Tag="LOC_PEDIA_LEADERS_PAGE_LEADER_YNL_KOJI_TADOKORO_CHAPTER_CAPSULE_BODY" Language="ja_JP">
			<Text>TDNの出演で波紋を呼んだゲイビデオ「真夏の夜の淫夢」に出演していた男優の一人。出演箇所は四章「昏睡レイプ!野獣と化した先輩」で、このタイトルから野獣先輩という名前で呼ばれるようになった。本編での役名は「田所（先輩）」。</Text>
		</Replace>
		<Replace Tag="LOC_PEDIA_LEADERS_PAGE_LEADER_YNL_KOJI_TADOKORO_CHAPTER_DETAILED_BODY" Language="ja_JP">
			<Text>序盤は兵営から生産力がでる特性を使って迫真空手ラッシュをキメる。土地を確保したら野獣先輩BBを置けるだけ置いて文化勝利を狙うとよいでしょう。高難易度では屋上建設での野獣先輩BB強化が活きてくるはず。</Text>
		</Replace>
		<Replace Tag="LOC_PEDIA_LEADERS_PAGE_LEADER_YNL_GO_IS_GOD_CHAPTER_CAPSULE_BODY" Language="ja_JP">
			<Text>主にCOATの作品の登場する男優。TDNが一章に出演した真夏の夜の淫夢の三章にマジメ君の大学の友人として登場。人気モデルらしく、他にも多数の作品に出演している。 </Text>
		</Replace>
		<Replace Tag="LOC_PEDIA_LEADERS_PAGE_LEADER_YNL_GO_IS_GOD_CHAPTER_DETAILED_BODY" Language="ja_JP">
			<Text>遊びと娯楽解禁と同時に、まだ戦士がいるお近くの都市国家を買収しましょう。無償で迫真空手部員にアップグレードして近隣に攻め込みます。ユニット生産を行う都市を決めたらそこに娼館を建てましょう。その都市でユニットを生産するだけで文化が進むようになります。生産したユニットでまた攻めます。つまり、文化勝利（物理）向きといえます。</Text>
		</Replace>
		<Replace Tag="LOC_PEDIA_LEADERS_PAGE_LEADER_YNL_VIOLENCE_MAN_CHAPTER_CAPSULE_BODY" Language="ja_JP">
			<Text>『悶絶少年 其の伍』に登場する男優。「葛城蓮」はACCEEDでの芸名。該当作品では学校帰りのひでを自宅に拉致し、竹刀で打ったり水風呂に沈めるなどして虐待した。一番最初に発掘されたこの作品でひでから｢おじさん｣と呼ばれている為、｢虐待おじさん｣の呼称が定着した。</Text>
		</Replace>
		<Replace Tag="LOC_PEDIA_LEADERS_PAGE_LEADER_YNL_VIOLENCE_MAN_CHAPTER_DETAILED_BODY" Language="ja_JP">
			<Text>派手な効果は持っていませんが、鉱山/採石場とキャンパスの隣接を意識すること、UBの拷問器具工房を意識して建てることで科学力を伸ばしましょう。戦争では攻めている間は強キャラです(負傷したユニットに対し戦闘力+5)。</Text>
		</Replace>
		<Replace Tag="LOC_PEDIA_LEADERS_PAGE_LEADER_YNL_TNOK_CHAPTER_CAPSULE_BODY" Language="ja_JP">
			<Text>TDN・DB・HTNが出演した「真夏の夜の淫夢」第一章で、ホモの暴力団員役として出演。その後出演したPower Grip 97では、IWSとの行為後に「最後が気持ちよかった」と小学生並みの感想を残した。</Text>
		</Replace>
		<Replace Tag="LOC_PEDIA_LEADERS_PAGE_LEADER_YNL_TNOK_CHAPTER_DETAILED_BODY" Language="ja_JP">
			<Text>組事務所がコストが安いうえに隣接する区域からゴールド（みかじめ料）を取得できるので、兵站の維持は幾分楽です。中盤からの戦争には黒塗りの高級車をお供にして乗り込みましょう。総督がいる都市の生産力、ゴールド出力が強化されるので、都市計画はしっかりと。</Text>
		</Replace>
		
		<!-- Leader specific historical text. -->
		<Replace Tag="LOC_PEDIA_LEADERS_PAGE_LEADER_YNL_KOJI_TADOKORO_CHAPTER_HISTORY_PARA_1" Language="ja_JP">
			<Text>1999年発売作品のインタビューでは24歳で学生、身長170cm、体重74kgと答えている。これが本当なら生誕は1975年(昭和50年)となり、2018年時点で43歳を迎えていると考えられる。	本名は一切名乗っておらず不明だが、ネット上では「田所浩二」という仮名で呼ばれている。これは前述の「淫夢」四章での役名と、ブーム突入直前の2011年に強制わいせつ容疑で逮捕された男性「田所浩治」をかけたものである。</Text>
		</Replace>
		<Replace Tag="LOC_PEDIA_LEADERS_PAGE_LEADER_YNL_GO_IS_GOD_CHAPTER_HISTORY_PARA_1" Language="ja_JP">
			<Text>「真夏の夜の淫夢」の第三章に出てくるギャル男（ガングロ）。役名は桜井。「変態面接官スーパーS14」によれば身長は174･5cm、体重が62～63kgで年齢が19歳。「真夏の夜の淫夢」出身にも関わらず、三章は「あ、さ、ビール買ってきて。ウン。ハイ、ヨロシクゥ！」というセリフ位しか見せ場もなく、「こんなんじゃ商品になんないんだよ」などと言われ、人気もいまひとつであった。[NEWLINE]「スカウト」では、ビデオ業者として登場。ガソリンスタンドであったSIYに気さくに話しかけ、稼げるバイトを紹介する。しかしその内容はオナニーの撮影というものであり、仕事となった途端態度を豹変させSIYを拘束・レイプする。さらにはSIYのギャラを10万円中5万もピンハネする。そのような言動から、一方ではカリスマ性を評価し「GOは神」「GO is GOD」と神格化され、もう一方ではゲスい行動や電話中の笑みを嫌われ「GOは屑」「Go is NOT GOD」とけなされている。 </Text>
		</Replace>
		<Replace Tag="LOC_PEDIA_LEADERS_PAGE_LEADER_YNL_VIOLENCE_MAN_CHAPTER_HISTORY_PARA_1" Language="ja_JP">
			<Text>ACCEED他作品にも多数出ており、KBTITや平野源五郎らと共にマジキチプレイをしている。『男だらけの大運動会』（2009年）では175cm、68kg、25歳と紹介されていたが、他社の作品では年齢が違っていたりするため本当の年齢は不明。</Text>
		</Replace>
		<Replace Tag="LOC_PEDIA_LEADERS_PAGE_LEADER_YNL_TNOK_CHAPTER_HISTORY_PARA_1" Language="ja_JP">
			<Text>某所ではフルネームが「谷岡俊一」と呼称されていることがあるが、なぜかといえばこの男優が元日本代表で今ではタレントとして活躍している某バレーボール選手にそっくりな面構えなためである。</Text>
		</Replace>
		
		<!-- Civilization specific historical text. -->
		<Replace Tag="LOC_PEDIA_CIVILIZATIONS_PAGE_CIVILIZATION_YNL_AMLD_CHAPTER_HISTORY_PARA_1" Language="ja_JP">
			<Text>https://wiki.yjsnpi.nu/淫夢年表</Text>
		</Replace>

		<!-- Civlization Citizen Names -->
		<Replace Tag="LOC_CITIZEN_YNL_AMLD_MALE_1" Language="ja_JP">
			<Text>YSKN</Text>
		</Replace>
		<Replace Tag="LOC_CITIZEN_YNL_AMLD_MALE_2" Language="ja_JP">
			<Text>軍畑先輩</Text>
		</Replace>
		<Replace Tag="LOC_CITIZEN_YNL_AMLD_MALE_3" Language="ja_JP">
			<Text>KKW</Text>
		</Replace>
		<Replace Tag="LOC_CITIZEN_YNL_AMLD_MALE_4" Language="ja_JP">
			<Text>SMJ</Text>
		</Replace>
		<Replace Tag="LOC_CITIZEN_YNL_AMLD_MALE_5" Language="ja_JP">
			<Text>TMBK</Text>
		</Replace>
		<Replace Tag="LOC_CITIZEN_YNL_AMLD_MALE_6" Language="ja_JP">
			<Text>NOT</Text>
		</Replace>
		<Replace Tag="LOC_CITIZEN_YNL_AMLD_MALE_7" Language="ja_JP">
			<Text>AOK</Text>
		</Replace>
		<Replace Tag="LOC_CITIZEN_YNL_AMLD_MALE_8" Language="ja_JP">
			<Text>EMT</Text>
		</Replace>
		<Replace Tag="LOC_CITIZEN_YNL_AMLD_MALE_9" Language="ja_JP">
			<Text>平野源五郎</Text>
		</Replace>
		<Replace Tag="LOC_CITIZEN_YNL_AMLD_MALE_10" Language="ja_JP">
			<Text>ONDISK</Text>
		</Replace>
		<Replace Tag="LOC_CITIZEN_YNL_AMLD_FEMALE_1" Language="ja_JP">
			<Text>モザイク姉貴</Text>
		</Replace>
		<Replace Tag="LOC_CITIZEN_YNL_AMLD_FEMALE_2" Language="ja_JP">
			<Text>ピンキー</Text>
		</Replace>
		<Replace Tag="LOC_CITIZEN_YNL_AMLD_FEMALE_3" Language="ja_JP">
			<Text>NRK</Text>
		</Replace>

		<!-- Civilization City Names-->
		<Replace Tag="LOC_CIVLIZATION_YNL_AMLD_CITY_1" Language="ja_JP">
			<Text>下北沢</Text>
		</Replace>
		<Replace Tag="LOC_CIVLIZATION_YNL_AMLD_CITY_2" Language="ja_JP">
			<Text>巣鴨</Text>
		</Replace>
		<Replace Tag="LOC_CIVLIZATION_YNL_AMLD_CITY_3" Language="ja_JP">
			<Text>鶯谷</Text>
		</Replace>
		<Replace Tag="LOC_CIVLIZATION_YNL_AMLD_CITY_4" Language="ja_JP">
			<Text>八丁畷</Text>
		</Replace>
		<Replace Tag="LOC_CIVLIZATION_YNL_AMLD_CITY_5" Language="ja_JP">
			<Text>洗足</Text>
		</Replace>
		<Replace Tag="LOC_CIVLIZATION_YNL_AMLD_CITY_6" Language="ja_JP">
			<Text>阿佐ヶ谷</Text>
		</Replace>
		<Replace Tag="LOC_CIVLIZATION_YNL_AMLD_CITY_7" Language="ja_JP">
			<Text>目白</Text>
		</Replace>
		<Replace Tag="LOC_CIVLIZATION_YNL_AMLD_CITY_8" Language="ja_JP">
			<Text>旗の台</Text>
		</Replace>
		<Replace Tag="LOC_CIVLIZATION_YNL_AMLD_CITY_9" Language="ja_JP">
			<Text>自由が丘</Text>
		</Replace>
		<Replace Tag="LOC_CIVLIZATION_YNL_AMLD_CITY_10" Language="ja_JP">
			<Text>千駄ヶ谷</Text>
		</Replace>
		<Replace Tag="LOC_CIVLIZATION_YNL_AMLD_CITY_11" Language="ja_JP">
			<Text>南千住</Text>
		</Replace>
		<Replace Tag="LOC_CIVLIZATION_YNL_AMLD_CITY_12" Language="ja_JP">
			<Text>新木場</Text>
		</Replace>
		<Replace Tag="LOC_CIVLIZATION_YNL_AMLD_CITY_13" Language="ja_JP">
			<Text>三軒茶屋</Text>
		</Replace>
		<Replace Tag="LOC_CIVLIZATION_YNL_AMLD_CITY_14" Language="ja_JP">
			<Text>溝の口</Text>
		</Replace>
		<Replace Tag="LOC_CIVLIZATION_YNL_AMLD_CITY_15" Language="ja_JP">
			<Text>南新宿</Text>
		</Replace>
		<Replace Tag="LOC_CIVLIZATION_YNL_AMLD_CITY_16" Language="ja_JP">
			<Text>登戸</Text>
		</Replace>
		<Replace Tag="LOC_CIVLIZATION_YNL_AMLD_CITY_17" Language="ja_JP">
			<Text>町田</Text>
		</Replace>
		<Replace Tag="LOC_CIVLIZATION_YNL_AMLD_CITY_18" Language="ja_JP">
			<Text>池袋</Text>
		</Replace>
		<Replace Tag="LOC_CIVLIZATION_YNL_AMLD_CITY_19" Language="ja_JP">
			<Text>池尻大橋</Text>
		</Replace>
		<Replace Tag="LOC_CIVLIZATION_YNL_AMLD_CITY_20" Language="ja_JP">
			<Text>西日暮里</Text>
		</Replace>
		<Replace Tag="LOC_CIVLIZATION_YNL_AMLD_CITY_21" Language="ja_JP">
			<Text>高田馬場</Text>
		</Replace>
		<Replace Tag="LOC_CIVLIZATION_YNL_AMLD_CITY_22" Language="ja_JP">
			<Text>二子玉川</Text>
		</Replace>
		<Replace Tag="LOC_CIVLIZATION_YNL_AMLD_CITY_23" Language="ja_JP">
			<Text>用賀</Text>
		</Replace>
		<Replace Tag="LOC_CIVLIZATION_YNL_AMLD_CITY_24" Language="ja_JP">
			<Text>経堂</Text>
		</Replace>
		<Replace Tag="LOC_CIVLIZATION_YNL_AMLD_CITY_25" Language="ja_JP">
			<Text>武蔵小杉</Text>
		</Replace>
		<Replace Tag="LOC_CIVLIZATION_YNL_AMLD_CITY_26" Language="ja_JP">
			<Text>立川</Text>
		</Replace>
		<Replace Tag="LOC_CIVLIZATION_YNL_AMLD_CITY_27" Language="ja_JP">
			<Text>新小岩</Text>
		</Replace>
		<Replace Tag="LOC_CIVLIZATION_YNL_AMLD_CITY_28" Language="ja_JP">
			<Text>鷺ノ宮</Text>
		</Replace>
		<Replace Tag="LOC_CIVLIZATION_YNL_AMLD_CITY_29" Language="ja_JP">
			<Text>等々力</Text>
		</Replace>
		<Replace Tag="LOC_CIVLIZATION_YNL_AMLD_CITY_30" Language="ja_JP">
			<Text>九品仏</Text>
		</Replace>
		<Replace Tag="LOC_CIVLIZATION_YNL_AMLD_CITY_31" Language="ja_JP">
			<Text>三ノ輪</Text>
		</Replace>
		<Replace Tag="LOC_CIVLIZATION_YNL_AMLD_CITY_32" Language="ja_JP">
			<Text>中延</Text>
		</Replace>
		<Replace Tag="LOC_CIVLIZATION_YNL_AMLD_CITY_33" Language="ja_JP">
			<Text>大岡山</Text>
		</Replace>
		<Replace Tag="LOC_CIVLIZATION_YNL_AMLD_CITY_34" Language="ja_JP">
			<Text>八王子</Text>
		</Replace>
		<Replace Tag="LOC_CIVLIZATION_YNL_AMLD_CITY_35" Language="ja_JP">
			<Text>蓮沼</Text>
		</Replace>
		<Replace Tag="LOC_CIVLIZATION_YNL_AMLD_CITY_36" Language="ja_JP">
			<Text>乃木坂</Text>
		</Replace>
		<Replace Tag="LOC_CIVLIZATION_YNL_AMLD_CITY_37" Language="ja_JP">
			<Text>雑色</Text>
		</Replace>
		<Replace Tag="LOC_CIVLIZATION_YNL_AMLD_CITY_38" Language="ja_JP">
			<Text>天空橋</Text>
		</Replace>
		<Replace Tag="LOC_CIVLIZATION_YNL_AMLD_CITY_39" Language="ja_JP">
			<Text>田園調布</Text>
		</Replace>
		<Replace Tag="LOC_CIVLIZATION_YNL_AMLD_CITY_40" Language="ja_JP">
			<Text>住吉</Text>
		</Replace>
		
		<!-- Leader Quotes -->
		<Replace Tag="LOC_LEADER_YNL_KOJI_TADOKORO_QUOTE" Language="ja_JP">
			<Text>24歳、指導者です。</Text>
		</Replace>
		<Replace Tag="LOC_LEADER_YNL_GO_IS_GOD_QUOTE" Language="ja_JP">
			<Text>大丈夫大丈夫^^ ヘーキヘーキ^^</Text>
		</Replace>
		<Replace Tag="LOC_LEADER_YNL_VIOLENCE_MAN_QUOTE" Language="ja_JP">
			<Text>おじさんはねぇ、君みたいな可愛いねぇ、この悶絶顔が大好きなんだよ！</Text>
		</Replace>
		<Replace Tag="LOC_LEADER_YNL_TNOK_QUOTE" Language="ja_JP">
			<Text>ワンワン鳴いてみろよ</Text>
		</Replace>
		
		<!-- 昇進 -->
		<Replace Tag="LOC_PROMOTION_CLASS_HAKUSHIN_KARATE_YNL_NAME" Language="ja_JP">
			<Text>迫真空手</Text>
		</Replace>
		<!-- 昇進(個別名) -->
		<Replace Tag="LOC_PROMOTION_HAKUSHIN_KARATE_YNL_BEASTCRY_NAME" Language="ja_JP">
			<Text>野獣の咆哮</Text>
		</Replace>
		<Replace Tag="LOC_PROMOTION_HAKUSHIN_KARATE_YNL_BACKSTAB_NAME" Language="ja_JP">
			<Text>バックスタブ</Text>
		</Replace>
		<Replace Tag="LOC_PROMOTION_HAKUSHIN_KARATE_YNL_EXPLODING_PALMS_NAME" Language="ja_JP">
			<Text>汚物掌</Text>
		</Replace>
		<Replace Tag="LOC_PROMOTION_HAKUSHIN_KARATE_YNL_SHUKUCHI_NAME" Language="ja_JP">
			<Text>縮地法</Text>
		</Replace>
		<Replace Tag="LOC_PROMOTION_HAKUSHIN_KARATE_YNL_CHARGE_NAME" Language="ja_JP">
			<Text>猪突猛進</Text>
		</Replace>
		<Replace Tag="LOC_PROMOTION_HAKUSHIN_KARATE_YNL_DANCING_BEAST_NAME" Language="ja_JP">
			<Text>野獣の舞</Text>
		</Replace>
		<Replace Tag="LOC_PROMOTION_HAKUSHIN_KARATE_YNL_COBRA_STRIKE_NAME" Language="ja_JP">
			<Text>致命打</Text>
		</Replace>
		<!-- 昇進(個別説明) -->
		<Replace Tag="LOC_PROMOTION_HAKUSHIN_KARATE_YNL_BEASTCRY_DESCRIPTION" Language="ja_JP">
			<Text>対近接および長距離戦闘ユニット [ICON_Strength] 戦闘力+7。</Text>
		</Replace>
		<Replace Tag="LOC_PROMOTION_HAKUSHIN_KARATE_YNL_BACKSTAB_DESCRIPTION" Language="ja_JP">
			<Text>側面攻撃ボーナスが2倍になる。隣接しないかぎり敵に発見されない。</Text>
		</Replace>
		<Replace Tag="LOC_PROMOTION_HAKUSHIN_KARATE_YNL_EXPLODING_PALMS_DESCRIPTION" Language="ja_JP">
			<Text>あらゆる状況で [ICON_Strength] 戦闘力+10。</Text>
		</Replace>
		<Replace Tag="LOC_PROMOTION_HAKUSHIN_KARATE_YNL_SHUKUCHI_DESCRIPTION" Language="ja_JP">
			<Text>[ICON_Movement] 移動力+1。岸壁を登ることができる。</Text>
		</Replace>
		<Replace Tag="LOC_PROMOTION_HAKUSHIN_KARATE_YNL_CHARGE_DESCRIPTION" Language="ja_JP">
			<Text>守りを固めている敵に対する [ICON_Strength] 戦闘力+10。</Text>
		</Replace>
		<Replace Tag="LOC_PROMOTION_HAKUSHIN_KARATE_YNL_DANCING_BEAST_DESCRIPTION" Language="ja_JP">
			<Text>[ICON_Movement] 移動ポイントが足りる場合、ターンごとの攻撃回数+1。攻撃後に移動が可能。</Text>
		</Replace>
		<Replace Tag="LOC_PROMOTION_HAKUSHIN_KARATE_YNL_COBRA_STRIKE_DESCRIPTION" Language="ja_JP">
			<Text>あらゆる状況で [ICON_Strength] 戦闘力+15。</Text>
		</Replace>

		<!-- ユニットアビリティ -->
		<!-- 黒塗りの高級車 -->
		<Replace Tag="LOC_ABILITY_YNL_BLACK_CAR_NAME" Language="ja_JP">
			<Text>恐怖</Text>
		</Replace>
		<Replace Tag="LOC_ABILITY_YNL_BLACK_CAR_DESCRIPTION" Language="ja_JP">
			<Text>隣接する敵ユニットの [ICON_Strength] 戦闘力-5。</Text>
		</Replace>
		<Replace Tag="LOC_ABILITY_YNL_BLACK_CAR_NEGATIVE_COMBAT_MODIFIER_DESCRIPTION" Language="ja_JP">
			<Text>黒塗りの高級車に隣接しているとき、戦闘力{1_Amount}</Text>
		</Replace>
		<!-- 産業時代以降の軍事ユニット隣接時の戦闘ボーナス -->
		<Replace Tag="LOC_ABILITY_YNL_HAKUSHIN_KARATE_NAME" Language="ja_JP">
			<Text>衛生兵支援</Text>
		</Replace>
		<Replace Tag="LOC_ABILITY_YNL_HAKUSHIN_KARATE_DESCRIPTION" Language="ja_JP">
			<Text>産業時代以降の軍事ユニットからの支援([ICON_Strength] 戦闘力+12)</Text>
		</Replace>
		<Replace Tag="LOC_ABILITY_YNL_HAKUSHIN_KARATE_SPECIFIC_UNIT_COMBAT_MODIFIER_DESCRIPTION" Language="ja_JP">
			<Text>産業時代以降の軍事ユニットからの支援([ICON_Strength] 戦闘力+{1_Amount})</Text>
		</Replace>
	</LocalizedText>
</GameData>
