<?xml version="1.0" encoding="utf-8"?>
<GameData>
	<LocalizedText>
		<!-- Leader Dialog -->
		<!-- 田所 -->
		<Replace Tag="LOC_DIPLO_ACCEPT_DECLARE_FRIEND_FROM_HUMAN_LEADER_YNL_KOJI_TADOKORO_ANY" Language="ja_JP">
			<Text>ああ、俺たちズッ友だよな！</Text>
		</Replace>
		<Replace Tag="LOC_DIPLO_REJECT_DECLARE_FRIEND_FROM_HUMAN_LEADER_YNL_KOJI_TADOKORO_ANY" Language="ja_JP">
			<Text>またの機会にお願いするゾ。</Text>
		</Replace>
		<Replace Tag="LOC_DIPLO_DECLARE_FRIEND_FROM_AI_LEADER_YNL_KOJI_TADOKORO_ANY" Language="ja_JP">
			<Text>これは俺からのズッ友宣言だ。受けてくれるよな？な？</Text>
		</Replace>
		<Replace Tag="LOC_DIPLO_ACCEPT_DECLARE_FRIEND_FROM_AI_LEADER_YNL_KOJI_TADOKORO_ANY" Language="ja_JP">
			<Text>ああ＾～いいっすね～。</Text>
		</Replace>
		<Replace Tag="LOC_DIPLO_REJECT_DECLARE_FRIEND_FROM_AI_LEADER_YNL_KOJI_TADOKORO_ANY" Language="ja_JP">
			<Text>それは残念だなぁ。</Text>
		</Replace>
		<Replace Tag="LOC_DIPLO_DECLARE_WAR_FROM_HUMAN_LEADER_YNL_KOJI_TADOKORO_ANY" Language="ja_JP">
			<Text>馬鹿野郎お前俺は勝つぞお前！！</Text>
		</Replace>
		<Replace Tag="LOC_DIPLO_DECLARE_WAR_FROM_AI_LEADER_YNL_KOJI_TADOKORO_ANY" Language="ja_JP">
			<Text>やっちゃうよ？やっちゃうよ！？</Text>
		</Replace>
		<Replace Tag="LOC_DIPLO_DEFEAT_FROM_AI_LEADER_YNL_KOJI_TADOKORO_ANY" Language="ja_JP">
			<Text>ダメみたいですね・・・</Text>
		</Replace>
		<Replace Tag="LOC_DIPLO_DEFEAT_FROM_HUMAN_LEADER_YNL_KOJI_TADOKORO_ANY" Language="ja_JP">
			<Text>ダメみたいですね・・・</Text>
		</Replace>
		<Replace Tag="LOC_DIPLO_ACCEPT_DELEGATION_FROM_HUMAN_LEADER_YNL_KOJI_TADOKORO_ANY" Language="ja_JP">
			<Text>そっちの使節を歓迎するゾ。</Text>
		</Replace>
		<Replace Tag="LOC_DIPLO_REJECT_DELEGATION_FROM_HUMAN_LEADER_YNL_KOJI_TADOKORO_ANY" Language="ja_JP">
			<Text>悪いな、それは無理だわ。</Text>
		</Replace>
		<Replace Tag="LOC_DIPLO_DELEGATION_FROM_AI_LEADER_YNL_KOJI_TADOKORO_ANY" Language="ja_JP">
			<Text>使節をそっちに向かわせたよ。お土産はアイスティーしかなかったんだけど、いいかな？</Text>
		</Replace>
		<Replace Tag="LOC_DIPLO_ACCEPT_DELEGATION_FROM_AI_LEADER_YNL_KOJI_TADOKORO_ANY" Language="ja_JP">
			<Text>これはすばらしいゾ。</Text>
		</Replace>
		<Replace Tag="LOC_DIPLO_REJECT_DELEGATION_FROM_AI_LEADER_YNL_KOJI_TADOKORO_ANY" Language="ja_JP">
			<Text>残念だなぁ。じゃあ次の機会だな。</Text>
		</Replace>
		<Replace Tag="LOC_DIPLO_DENOUNCE_FROM_HUMAN_LEADER_YNL_KOJI_TADOKORO_ANY" Language="ja_JP">
			<Text>あ、ふーん・・・</Text>
		</Replace>
		<Replace Tag="LOC_DIPLO_DENOUNCE_FROM_AI_LEADER_YNL_KOJI_TADOKORO_ANY" Language="ja_JP">
			<Text>これは世界中が知るべき裏切りだな！(非難)</Text>
		</Replace>
		<Replace Tag="LOC_DIPLO_ACCEPT_EMBASSY_FROM_HUMAN_LEADER_YNL_KOJI_TADOKORO_ANY" Language="ja_JP">
			<Text>これが大使館の建設許可だ。受け取ってくれよな！</Text>
		</Replace>
		<Replace Tag="LOC_DIPLO_REJECT_EMBASSY_FROM_HUMAN_LEADER_YNL_KOJI_TADOKORO_ANY" Language="ja_JP">
			<Text>またの機会にお願いするゾ。</Text>
		</Replace>
		<Replace Tag="LOC_DIPLO_EMBASSY_FROM_AI_LEADER_YNL_KOJI_TADOKORO_ANY" Language="ja_JP">
			<Text>こっちの大使館を置いてもらってもいいかな？</Text>
		</Replace>
		<Replace Tag="LOC_DIPLO_ACCEPT_EMBASSY_FROM_AI_LEADER_YNL_KOJI_TADOKORO_ANY" Language="ja_JP">
			<Text>やったぜ。</Text>
		</Replace>
		<Replace Tag="LOC_DIPLO_REJECT_EMBASSY_FROM_AI_LEADER_YNL_KOJI_TADOKORO_ANY" Language="ja_JP">
			<Text>それは残念だなぁ。</Text>
		</Replace>
		<Replace Tag="LOC_DIPLO_FIRST_MEET_LEADER_YNL_KOJI_TADOKORO_ANY" Language="ja_JP">
			<Text>田所浩二、24歳。指導者です。オッスお願いしまーす！</Text>
		</Replace>
		<Replace Tag="LOC_DIPLO_FIRST_MEET_VISIT_RECIPIENT_LEADER_YNL_KOJI_TADOKORO_ANY" Language="ja_JP">
			<Text>近くの街へ案内するゾ。ちょうど祭りやってるからぜひ参加してってくれ。</Text>
		</Replace>
		<Replace Tag="LOC_DIPLO_FIRST_MEET_NEAR_INITIATOR_POSITIVE_LEADER_YNL_KOJI_TADOKORO_ANY" Language="ja_JP">
			<Text>ああ＾～いいっすね～。そっちの発展ぶりが見られるのはうれしいゾ。</Text>
		</Replace>
		<Replace Tag="LOC_DIPLO_FIRST_MEET_NO_MANS_INFO_EXCHANGE_LEADER_YNL_KOJI_TADOKORO_ANY" Language="ja_JP">
			<Text>どちらも遠方の出だな。ここはお互いの国を互いの地図に記し合うというのはどうかな？</Text>
		</Replace>
		<Replace Tag="LOC_DIPLO_GREETING_LEADER_YNL_KOJI_TADOKORO_ANY" Language="ja_JP">
			<Text>ご希望をおうかがいするゾ。</Text>
		</Replace>
		<Replace Tag="LOC_DIPLO_KUDO_EXIT_LEADER_YNL_KOJI_TADOKORO_ANY" Language="ja_JP">
			<Text>お前の国は大きな国だなあ。たまげたなあ・・・。</Text>
		</Replace>
		<Replace Tag="LOC_DIPLO_WARNING_EXIT_LEADER_YNL_KOJI_TADOKORO_ANY" Language="ja_JP">
			<Text>武士道っていうのはさ、心・技・体を鍛えることなんだ。で、そっちの民はどこでそれをやってるんだ？</Text>
		</Replace>
		<Replace Tag="LOC_DIPLO_ACCEPT_MAKE_ALLIANCE_FROM_HUMAN_LEADER_YNL_KOJI_TADOKORO_ANY" Language="ja_JP">
			<Text>俺たちの同盟関係、ずっと続くことを願ってるゾ。</Text>
		</Replace>
		<Replace Tag="LOC_DIPLO_REJECT_MAKE_ALLIANCE_FROM_HUMAN_LEADER_YNL_KOJI_TADOKORO_ANY" Language="ja_JP">
			<Text>またの機会にお願いするゾ。</Text>
		</Replace>
		<Replace Tag="LOC_DIPLO_MAKE_ALLIANCE_FROM_AI_LEADER_YNL_KOJI_TADOKORO_ANY" Language="ja_JP">
			<Text>同盟を希望するのか？</Text>
		</Replace>
		<Replace Tag="LOC_DIPLO_ACCEPT_MAKE_ALLIANCE_FROM_AI_LEADER_YNL_KOJI_TADOKORO_ANY" Language="ja_JP">
			<Text>ああ＾～いいっすね～。</Text>
		</Replace>
		<Replace Tag="LOC_DIPLO_REJECT_MAKE_ALLIANCE_FROM_AI_LEADER_YNL_KOJI_TADOKORO_ANY" Language="ja_JP">
			<Text>それは残念だなぁ。</Text>
		</Replace>
		<Replace Tag="LOC_DIPLO_MAKE_DEAL_AI_ACCEPT_DEAL_LEADER_YNL_KOJI_TADOKORO_ANY" Language="ja_JP">
			<Text>いいゾ～コレ。喜んで取引に応じるゾ。</Text>
		</Replace>
		<Replace Tag="LOC_DIPLO_MAKE_DEAL_AI_REFUSE_DEAL_LEADER_YNL_KOJI_TADOKORO_ANY" Language="ja_JP">
			<Text>この取引には応じられないなぁ。</Text>
		</Replace>
		<Replace Tag="LOC_DIPLO_ACCEPT_MAKE_DEAL_FROM_AI_LEADER_YNL_KOJI_TADOKORO_ANY" Language="ja_JP">
			<Text>ありがとナス！これでお互いに利益があるはずだな。</Text>
		</Replace>
		<Replace Tag="LOC_DIPLO_REJECT_MAKE_DEAL_FROM_AI_LEADER_YNL_KOJI_TADOKORO_ANY" Language="ja_JP">
			<Text>正直なところ、いささか失望したゾ・・・。</Text>
		</Replace>
		<Replace Tag="LOC_DIPLO_MAKE_DEAL_AI_ADJUST_DEAL_LEADER_YNL_KOJI_TADOKORO_ANY" Language="ja_JP">
			<Text>こっちの希望にかなう取引だゾ。</Text>
		</Replace>
		<Replace Tag="LOC_DIPLO_AI_REFUSE_DEMAND_LEADER_YNL_KOJI_TADOKORO_ANY" Language="ja_JP">
			<Text>そっちの要求を呑んだところで何の利益もないなぁ。</Text>
		</Replace>
		<Replace Tag="LOC_DIPLO_AI_ACCEPT_DEMAND_LEADER_YNL_KOJI_TADOKORO_ANY" Language="ja_JP">
			<Text>いいゾ。</Text>
		</Replace>
		<Replace Tag="LOC_DIPLO_HUMAN_ACCEPT_DEMAND_FROM_AI_LEADER_YNL_KOJI_TADOKORO_ANY" Language="ja_JP">
			<Text>違うだろ！いいかげんにしろ！</Text>
		</Replace>
		<Replace Tag="LOC_DIPLO_HUMAN_REFUSE_DEMAND_FROM_AI_LEADER_YNL_KOJI_TADOKORO_ANY" Language="ja_JP">
			<Text>要求を通すためならなんでもやってやるゾ！！</Text>
		</Replace>
		<Replace Tag="LOC_DIPLO_MAKE_PEACE_AI_ACCEPT_DEAL_LEADER_YNL_KOJI_TADOKORO_ANY" Language="ja_JP">
			<Text>その和平の申し出を受けるゾ。</Text>
		</Replace>
		<Replace Tag="LOC_DIPLO_MAKE_PEACE_AI_REFUSE_DEAL_LEADER_YNL_KOJI_TADOKORO_ANY" Language="ja_JP">
			<Text>和平など受け入れられないなぁ！</Text>
		</Replace>
		<Replace Tag="LOC_DIPLO_MAKE_PEACE_FROM_AI_LEADER_YNL_KOJI_TADOKORO_ANY" Language="ja_JP">
			<Text>すいません許してください！何でもしますから！</Text>
		</Replace>
		<Replace Tag="LOC_DIPLO_ACCEPT_MAKE_PEACE_FROM_AI_LEADER_YNL_KOJI_TADOKORO_ANY" Language="ja_JP">
			<Text>これで戦争は終わり！閉廷！</Text>
		</Replace>
		<Replace Tag="LOC_DIPLO_REJECT_MAKE_PEACE_FROM_AI_LEADER_YNL_KOJI_TADOKORO_ANY" Language="ja_JP">
			<Text>ならば戦いつづけるしかねえよなあ。</Text>
		</Replace>
		<Replace Tag="LOC_DIPLO_ACCEPT_OPEN_BORDERS_FROM_HUMAN_LEADER_YNL_KOJI_TADOKORO_ANY" Language="ja_JP">
			<Text>入って、どうぞ。</Text>
		</Replace>
		<Replace Tag="LOC_DIPLO_REJECT_OPEN_BORDERS_FROM_HUMAN_LEADER_YNL_KOJI_TADOKORO_ANY" Language="ja_JP">
			<Text>またの機会にお願いするゾ。</Text>
		</Replace>
		<Replace Tag="LOC_DIPLO_OPEN_BORDERS_FROM_AI_LEADER_YNL_KOJI_TADOKORO_ANY" Language="ja_JP">
			<Text>ちょっと通らしてもらっても・・・いいですかね？</Text>
		</Replace>
		<Replace Tag="LOC_DIPLO_ACCEPT_OPEN_BORDERS_FROM_AI_LEADER_YNL_KOJI_TADOKORO_ANY" Language="ja_JP">
			<Text>ああ＾～いいっすね～。</Text>
		</Replace>
		<Replace Tag="LOC_DIPLO_REJECT_OPEN_BORDERS_FROM_AI_LEADER_YNL_KOJI_TADOKORO_ANY" Language="ja_JP">
			<Text>それは残念だなぁ。</Text>
		</Replace>
		<Replace Tag="LOC_DIPLO_WARNING_DONT_SETTLE_NEAR_ME_AI_RESPONSE_POSITIVE_LEADER_YNL_KOJI_TADOKORO_ANY" Language="ja_JP">
			<Text>これは申し訳なかったゾ。そんな近くに都市があるとは、たまげたなあ・・・。</Text>
		</Replace>
		<Replace Tag="LOC_DIPLO_WARNING_DONT_SETTLE_NEAR_ME_AI_RESPONSE_NEGATIVE_LEADER_YNL_KOJI_TADOKORO_ANY" Language="ja_JP">
			<Text>こっちも土地が必要なんだよ！勝手なことばかり言いやがって！！</Text>
		</Replace>
		<Replace Tag="LOC_DIPLO_WARNING_DONT_SETTLE_NEAR_ME_AI_LEADER_YNL_KOJI_TADOKORO_ANY" Language="ja_JP">
			<Text>こっちのすぐそばに都市を作らないでくれるかなあ。向こうへ行けよ向こうへ。</Text>
		</Replace>
		<Replace Tag="LOC_DIPLO_WARNING_DONT_SETTLE_NEAR_ME_HUMAN_RESPONSE_POSITIVE_LEADER_YNL_KOJI_TADOKORO_ANY" Language="ja_JP">
			<Text>了解したゾ。</Text>
		</Replace>
		<Replace Tag="LOC_DIPLO_WARNING_DONT_SETTLE_NEAR_ME_HUMAN_RESPONSE_NEGATIVE_LEADER_YNL_KOJI_TADOKORO_ANY" Language="ja_JP">
			<Text>こっちに敬意を払わないなら、そっちに敬意を払う必要はないよなあ？</Text>
		</Replace>
		<Replace Tag="LOC_DIPLO_WARNING_TOO_MANY_TROOPS_NEAR_ME_AI_RESPONSE_POSITIVE_LEADER_YNL_KOJI_TADOKORO_ANY" Language="ja_JP">
			<Text>喧嘩をふっかける蛮族を探していただけなんだ。正直スマンカッタ。</Text>
		</Replace>
		<Replace Tag="LOC_DIPLO_WARNING_TOO_MANY_TROOPS_NEAR_ME_AI_RESPONSE_NEGATIVE_LEADER_YNL_KOJI_TADOKORO_ANY" Language="ja_JP">
			<Text>あちこちに軍隊を派遣するのが好きなんだよ。自分の強さを誇示できるダルルォ！？</Text>
		</Replace>
		<Replace Tag="LOC_DIPLO_WARNING_STOP_SPYING_ON_ME_AI_RESPONSE_POSITIVE_LEADER_YNL_KOJI_TADOKORO_ANY" Language="ja_JP">
			<Text>お前の言うとおりだな。もう二度としないゾ。</Text>
		</Replace>
		<Replace Tag="LOC_DIPLO_WARNING_STOP_SPYING_ON_ME_AI_RESPONSE_NEGATIVE_LEADER_YNL_KOJI_TADOKORO_ANY" Language="ja_JP">
			<Text>誰がそんな約束を真に受けると思うんだ？</Text>
		</Replace>
		<Replace Tag="LOC_DIPLO_WARNING_STOP_DIGGING_UP_ARTIFACTS_AI_RESPONSE_POSITIVE_LEADER_YNL_KOJI_TADOKORO_ANY" Language="ja_JP">
			<Text>そこがそっちのものだとは知らなかったわ。単純な手違いだ。</Text>
		</Replace>
		<Replace Tag="LOC_DIPLO_WARNING_STOP_DIGGING_UP_ARTIFACTS_AI_RESPONSE_NEGATIVE_LEADER_YNL_KOJI_TADOKORO_ANY" Language="ja_JP">
			<Text>歴史の謎は万人に開示されるべきなんだよなあ。独占は許されないゾ。</Text>
		</Replace>
		<Replace Tag="LOC_DIPLO_WARNING_STOP_CONVERTING_MY_CITIES_AI_RESPONSE_POSITIVE_LEADER_YNL_KOJI_TADOKORO_ANY" Language="ja_JP">
			<Text>そっちの希望は尊重するけど、それはまずいですよ！いつかわかってくれるといいんだけどな。</Text>
		</Replace>
		<Replace Tag="LOC_DIPLO_WARNING_STOP_CONVERTING_MY_CITIES_AI_RESPONSE_NEGATIVE_LEADER_YNL_KOJI_TADOKORO_ANY" Language="ja_JP">
			<Text>心配はいらないゾ。これが一番なんだ。いずれわかるときが来るさ。</Text>
		</Replace>
		<Replace Tag="LOC_DIPLO_WARNING_TOO_MANY_TROOPS_NEAR_ME_LEADER_YNL_KOJI_TADOKORO_ANY" Language="ja_JP">
			<Text>なんで国境付近を兵がうろうろしてるんだ？何してんすか、やめてくださいよ本当に！</Text>
		</Replace>
		<Replace Tag="LOC_DIPLO_WARNING_TOO_MANY_TROOPS_NEAR_ME_HUMAN_RESPONSE_POSITIVE_LEADER_YNL_KOJI_TADOKORO_ANY" Language="ja_JP">
			<Text>了解したゾ。</Text>
		</Replace>
		<Replace Tag="LOC_DIPLO_WARNING_STOP_SPYING_ON_ME_LEADER_YNL_KOJI_TADOKORO_ANY" Language="ja_JP">
			<Text>やりかねないとは思っていたが、まさかそこまで恥知らずとはたまげたなあ。スパイを今すぐ引き上げさせろ！</Text>
		</Replace>
		<Replace Tag="LOC_DIPLO_WARNING_STOP_SPYING_ON_ME_HUMAN_RESPONSE_POSITIVE_LEADER_YNL_KOJI_TADOKORO_ANY" Language="ja_JP">
			<Text>了解したゾ。</Text>
		</Replace>
		<Replace Tag="LOC_DIPLO_WARNING_STOP_SPYING_ON_ME_HUMAN_RESPONSE_NEGATIVE_LEADER_YNL_KOJI_TADOKORO_ANY" Language="ja_JP">
			<Text>この侮辱は忘れないゾ。見とけよ見とけよ～。</Text>
		</Replace>
		<Replace Tag="LOC_DIPLO_WARNING_STOP_DIGGING_UP_ARTIFACTS_LEADER_YNL_KOJI_TADOKORO_ANY" Language="ja_JP">
			<Text>お前、人のものを・・・！さっさと出て行ってもらうゾ！</Text>
		</Replace>
		<Replace Tag="LOC_DIPLO_WARNING_STOP_DIGGING_UP_ARTIFACTS_HUMAN_RESPONSE_POSITIVE_LEADER_YNL_KOJI_TADOKORO_ANY" Language="ja_JP">
			<Text>了解したゾ。</Text>
		</Replace>
		<Replace Tag="LOC_DIPLO_WARNING_STOP_DIGGING_UP_ARTIFACTS_HUMAN_RESPONSE_NEGATIVE_LEADER_YNL_KOJI_TADOKORO_ANY" Language="ja_JP">
			<Text>こっちを尊重してもらえないなら、そっちを尊重することもできないなあ。</Text>
		</Replace>
		<Replace Tag="LOC_DIPLO_WARNING_STOP_CONVERTING_MY_CITIES_LEADER_YNL_KOJI_TADOKORO_ANY" Language="ja_JP">
			<Text>そっちの宗教家はやり方が強引で評判が悪いんだよなあ。いますぐ立ち退かせてくれよな！</Text>
		</Replace>
		<Replace Tag="LOC_DIPLO_WARNING_STOP_CONVERTING_MY_CITIES_HUMAN_RESPONSE_POSITIVE_LEADER_YNL_KOJI_TADOKORO_ANY" Language="ja_JP">
			<Text>了解したゾ。</Text>
		</Replace>
		<Replace Tag="LOC_DIPLO_WARNING_STOP_CONVERTING_MY_CITIES_HUMAN_RESPONSE_NEGATIVE_LEADER_YNL_KOJI_TADOKORO_ANY" Language="ja_JP">
			<Text>覚悟決めろ。いずれ必ず報いがあるゾ。</Text>
		</Replace>
		<!-- Generic kudos for random agendas -->
		<Replace Tag="LOC_DIPLO_KUDO_LEADER_YNL_KOJI_TADOKORO_REASON_AGENDA_HIGH_CULTURE" Language="ja_JP">
			<Text>はえーすっごい。そっちの文化には感銘を受けたゾ。</Text>
		</Replace>
		<Replace Tag="LOC_DIPLO_KUDO_LEADER_YNL_KOJI_TADOKORO_REASON_AGENDA_HIGH_HAPPINESS" Language="ja_JP">
			<Text>そっちの民はお前の統治を祝福していると聞いたゾ。民の幸福を維持するのは素晴らしいことだ。</Text>
		</Replace>
		<Replace Tag="LOC_DIPLO_KUDO_LEADER_YNL_KOJI_TADOKORO_REASON_AGENDA_HIGH_INCOME" Language="ja_JP">
			<Text>ああ＾～いいっすね～。金はいくらあっても困るもんじゃないもんなあ。</Text>
		</Replace>
		<Replace Tag="LOC_DIPLO_KUDO_LEADER_YNL_KOJI_TADOKORO_REASON_AGENDA_HIGH_INDUSTRY" Language="ja_JP">
			<Text>そっちの民の生産力はまったく賞賛に値するゾ。</Text>
		</Replace>
		<Replace Tag="LOC_DIPLO_KUDO_LEADER_YNL_KOJI_TADOKORO_REASON_AGENDA_MODIFIER_NOT_COMPETING_MINORS" Language="ja_JP">
			<Text>都市国家みたいな小さな国にとっては、うちの国ほどふさわしい友人はいないんだよなあ。そっちにも理解してもらえているようでなによりだわ。</Text>
		</Replace>
		<Replace Tag="LOC_DIPLO_KUDO_LEADER_YNL_KOJI_TADOKORO_REASON_AGENDA_HIGH_POPULATION" Language="ja_JP">
			<Text>そっちの人口の多さは賞賛に値するゾ。</Text>
		</Replace>
		<Replace Tag="LOC_DIPLO_KUDO_LEADER_YNL_KOJI_TADOKORO_REASON_AGENDA_HIGH_SCIENCE" Language="ja_JP">
			<Text>そっちの科学研究に対する入れ込みようは大したもんだ。</Text>
		</Replace>
		<Replace Tag="LOC_DIPLO_KUDO_LEADER_YNL_KOJI_TADOKORO_REASON_AGENDA_HIGH_STANDING_ARMY" Language="ja_JP">
			<Text>俺は強力な軍隊を持つ指導者を好むゾ。</Text>
		</Replace>
		<Replace Tag="LOC_DIPLO_KUDO_LEADER_YNL_KOJI_TADOKORO_REASON_AGENDA_ENJOYS_WAR" Language="ja_JP">
			<Text>文明の真価が発揮されるのは戦いにおいてなんだよなあ。どこが最強の文明か、はっきりさせようじゃないか。</Text>
		</Replace>
		<Replace Tag="LOC_DIPLO_KUDO_LEADER_YNL_KOJI_TADOKORO_REASON_AGENDA_MODIFIER_GREAT_PERSON_ADVOCATE_LAG" Language="ja_JP">
			<Text>世界の偉大な人物たちは、そっちよりもこっちのほうを高く評価してくれているみたいだぜ。</Text>
		</Replace>
		<Replace Tag="LOC_DIPLO_KUDO_LEADER_YNL_KOJI_TADOKORO_REASON_AGENDA_MODIFIER_WONDER_ADVOCATE_LAG" Language="ja_JP">
			<Text>遺産の建設はこっちに任せてもらえるんだな、ありがとナス！</Text>
		</Replace>
		<Replace Tag="LOC_DIPLO_KUDO_LEADER_YNL_KOJI_TADOKORO_REASON_AGENDA_HIGH_PROTECT_CITY_STATES" Language="ja_JP">
			<Text>都市国家の権利を守ろうとするそっちの姿勢は、全世界がならうべきだな。</Text>
		</Replace>
		<Replace Tag="LOC_DIPLO_KUDO_LEADER_YNL_KOJI_TADOKORO_REASON_AGENDA_MED_PROTECT_CITY_STATES" Language="ja_JP">
			<Text>強きは弱きを守るべきなんだよなあ。賛同してくれて嬉しく思うゾ。</Text>
		</Replace>
		<!--Kudos for future random agendas (not yet implemented)-->
		<Replace Tag="LOC_DIPLO_KUDO_LEADER_YNL_KOJI_TADOKORO_REASON_AGENDA_HIGH_AIRPOWER" Language="ja_JP">
			<Text>そっちの空軍の力はまったくもってあなどれない。いや、大したもんだぜ。</Text>
		</Replace>
		<Replace Tag="LOC_DIPLO_KUDO_LEADER_YNL_KOJI_TADOKORO_REASON_AGENDA_PROTECTS_CITY_STATES" Language="ja_JP">
			<Text>自分のケツも拭けないやつを助けるのは、高貴なおこないだと思うゾ。</Text>
		</Replace>
		<Replace Tag="LOC_DIPLO_KUDO_LEADER_YNL_KOJI_TADOKORO_REASON_AGENDA_CLEARS_BARBARIAN_CAMPS" Language="ja_JP">
			<Text>あの蛮族どもにはこっちも大いに悩まされていたんだ。ありがとナス！</Text>
		</Replace>
		<Replace Tag="LOC_DIPLO_KUDO_LEADER_YNL_KOJI_TADOKORO_REASON_AGENDA_ENVIRONMENT" Language="ja_JP">
			<Text>このかけがえのない大地の貴さを知る人々が俺たちのほかにもいるとは嬉しい話だなあ。</Text>
		</Replace>
		<Replace Tag="LOC_DIPLO_KUDO_LEADER_YNL_KOJI_TADOKORO_REASON_AGENDA_EXPLOITATION" Language="ja_JP">
			<Text>世界は人が活用するためにある。いい世、来いよ！</Text>
		</Replace>
		<Replace Tag="LOC_DIPLO_KUDO_LEADER_YNL_KOJI_TADOKORO_REASON_AGENDA_SAME_GOVERNMENT" Language="ja_JP">
			<Text>俺たちは志を同じくする仲間だな。そっちの政治体制を尊重するゾ。</Text>
		</Replace>
		<Replace Tag="LOC_DIPLO_KUDO_LEADER_YNL_KOJI_TADOKORO_REASON_AGENDA_HIGH_NUKE_LOVE" Language="ja_JP">
			<Text>あの技術には多くの使い道があるというのは、そっちもわかってるみたいだな。</Text>
		</Replace>
		<Replace Tag="LOC_DIPLO_KUDO_LEADER_YNL_KOJI_TADOKORO_REASON_AGENDA_HIGH_FAITH" Language="ja_JP">
			<Text>自分と同じように信心深い者と出会えるのは喜ばしいことだゾ。</Text>
		</Replace>
		<Replace Tag="LOC_DIPLO_KUDO_LEADER_YNL_KOJI_TADOKORO_REASON_AGENDA_LOW_EXPLORATION" Language="ja_JP">
			<Text>探検はこっちに任せてくれよな！</Text>
		</Replace>
		<Replace Tag="LOC_DIPLO_KUDO_LEADER_YNL_KOJI_TADOKORO_REASON_AGENDA_PARANOID" Language="ja_JP">
			<Text>そっちがこっちに脅威を与えないと知り、安心したゾ。</Text>
		</Replace>
		<!-- Generic warnings for random agendas -->
		<Replace Tag="LOC_DIPLO_WARNING_LEADER_YNL_KOJI_TADOKORO_REASON_AGENDA_LOW_CULTURE" Language="ja_JP">
			<Text>そっちはまともな文化を生みだそうという熱意がないなあ。これじゃあどうやってそっちの人々のことを記憶に留めればよいのかわかんねえな。</Text>
		</Replace>
		<Replace Tag="LOC_DIPLO_WARNING_LEADER_YNL_KOJI_TADOKORO_REASON_AGENDA_LOW_HAPPINESS" Language="ja_JP">
			<Text>汚い街だなあ・・・。そっちの人間がお前の統治に満足しているとは思えないゾ？</Text>
		</Replace>
		<Replace Tag="LOC_DIPLO_WARNING_LEADER_YNL_KOJI_TADOKORO_REASON_AGENDA_LOW_INCOME" Language="ja_JP">
			<Text>おいおい、そっちはもう破産しそうじゃないか。借金まみれで暮らしていくつもりなのか？</Text>
		</Replace>
		<Replace Tag="LOC_DIPLO_WARNING_LEADER_YNL_KOJI_TADOKORO_REASON_AGENDA_MODIFIER_COMPETING_MINORS" Language="ja_JP">
			<Text>そっちは都市国家とのずいぶんな仲がいいみたいだな。できればそういうのは控えてほしいゾ。ああいうところとの友好を深めるにふさわしいのはこっちだから。</Text>
		</Replace>
		<Replace Tag="LOC_DIPLO_WARNING_LEADER_YNL_KOJI_TADOKORO_REASON_AGENDA_LOW_INDUSTRY" Language="ja_JP">
			<Text>そっちはずいぶんと怠け者が多いなあ。なにも生みだせない文明は忘れられてしまうゾ？</Text>
		</Replace>
		<Replace Tag="LOC_DIPLO_WARNING_LEADER_YNL_KOJI_TADOKORO_REASON_AGENDA_LOW_POPULATION" Language="ja_JP">
			<Text>そっちは極端な人口不足だなあ。それではほとんどなにもすることができないんじゃないのか？</Text>
		</Replace>
		<Replace Tag="LOC_DIPLO_WARNING_LEADER_YNL_KOJI_TADOKORO_REASON_AGENDA_LOW_SCIENCE" Language="ja_JP">
			<Text>そっちは技術研究に熱心じゃないみたいだな。それでどうやって暮らしを豊かにするつもりなんだ？</Text>
		</Replace>
		<Replace Tag="LOC_DIPLO_WARNING_LEADER_YNL_KOJI_TADOKORO_REASON_AGENDA_LOW_STANDING_ARMY" Language="ja_JP">
			<Text>そんなにちっぽけな軍隊で不安を感じることはないのか？</Text>
		</Replace>
		<Replace Tag="LOC_DIPLO_WARNING_LEADER_YNL_KOJI_TADOKORO_REASON_AGENDA_PARANOID" Language="ja_JP">
			<Text>そっちの街はこっちに近いし、軍はめちゃくちゃ強いじゃないか。これじゃこっちが心穏やかではいられなくなると思わないのか？(震え声)</Text>
		</Replace>
		<Replace Tag="LOC_DIPLO_WARNING_LEADER_YNL_KOJI_TADOKORO_REASON_AGENDA_MODIFIER_GREAT_PERSON_ADVOCATE_LEAD" Language="ja_JP">
			<Text>そっちはずいぶんと偉人を集めているみたいだけど、偉人がふさわしいのはこっちだからな？</Text>
		</Replace>
		<Replace Tag="LOC_DIPLO_WARNING_LEADER_YNL_KOJI_TADOKORO_REASON_AGENDA_MODIFIER_WONDER_ADVOCATE_LEAD" Language="ja_JP">
			<Text>遺産の建設にかけては俺たちが一番なのがわかってないのか？</Text>
		</Replace>
		<Replace Tag="LOC_DIPLO_WARNING_LEADER_YNL_KOJI_TADOKORO_REASON_AGENDA_HIGH_ATTACK_CITY_STATES" Language="ja_JP">
			<Text>小さな国を襲うとか臆病者のすることなんだよなあ・・・。</Text>
		</Replace>
		<Replace Tag="LOC_DIPLO_WARNING_LEADER_YNL_KOJI_TADOKORO_REASON_AGENDA_MED_ATACK_CITY_STATES" Language="ja_JP">
			<Text>警告するゾ。今後は二度と小国を襲わないことだな。</Text>
		</Replace>
		<!-- Generic warnings for random agendas -->
		<Replace Tag="LOC_DIPLO_WARNING_LEADER_YNL_KOJI_TADOKORO_REASON_AGENDA_LOW_AIRPOWER" Language="ja_JP">
			<Text>地面を這い回るだけでは栄光をつかむことはできないからな。航空戦力の整備を急ぐことをおすすめするゾ。</Text>
		</Replace>
		<Replace Tag="LOC_DIPLO_WARNING_LEADER_YNL_KOJI_TADOKORO_REASON_AGENDA_ATTACKS_CITY_STATES" Language="ja_JP">
			<Text>弱者をいたぶるのは恥ずべきことだゾ。</Text>
		</Replace>
		<Replace Tag="LOC_DIPLO_WARNING_LEADER_YNL_KOJI_TADOKORO_REASON_AGENDA_IGNORES_BARBARIAN_CAMPS" Language="ja_JP">
			<Text>自分の首都の近くで蛮族がうろうろしてるみたいだけど、いいのか？</Text>
		</Replace>
		<Replace Tag="LOC_DIPLO_WARNING_LEADER_YNL_KOJI_TADOKORO_REASON_AGENDA_ENVIRONMENT" Language="ja_JP">
			<Text>これだけは言っておくゾ。いたずらに自然を傷つければ誰もが報いを受けることになるんだぞ。</Text>
		</Replace>
		<Replace Tag="LOC_DIPLO_WARNING_LEADER_YNL_KOJI_TADOKORO_REASON_AGENDA_EXPLOITATION" Language="ja_JP">
			<Text>お、開いてんじゃーん（土地が）。なんで手をつけようとしないの？</Text>
		</Replace>
		<Replace Tag="LOC_DIPLO_WARNING_LEADER_YNL_KOJI_TADOKORO_REASON_AGENDA_DIFFERENT_GOVERNMENT" Language="ja_JP">
			<Text>そっちの民を統治するやり方は俺にとって許容できるものではないなあ。</Text>
		</Replace>
		<Replace Tag="LOC_DIPLO_WARNING_LEADER_YNL_KOJI_TADOKORO_REASON_AGENDA_LOW_NUKE_LOVE" Language="ja_JP">
			<Text>核兵器こそが未来を切り開くんだよ！なぜそれがわからないんだ？</Text>
		</Replace>
		<Replace Tag="LOC_DIPLO_WARNING_LEADER_YNL_KOJI_TADOKORO_REASON_AGENDA_LOW_FAITH" Language="ja_JP">
			<Text>お前はなにをしるべに道を歩むんだ？まさか信心を持たないというわけではないよなあ？人々に信仰の光を見せるのも統治者の務めだゾ。</Text>
		</Replace>
		<Replace Tag="LOC_DIPLO_WARNING_LEADER_YNL_KOJI_TADOKORO_REASON_AGENDA_HIGH_EXPLORATION" Language="ja_JP">
			<Text>発見とは、早い者勝ちの競争だゾ。そっちはこっちをさしおいて探検隊を派遣したじゃないか。そんな国に従うわけにはいかないなあ。</Text>
		</Replace>
		
		<!-- 豪 -->
		<Replace Tag="LOC_DIPLO_ACCEPT_DECLARE_FRIEND_FROM_HUMAN_LEADER_YNL_GO_IS_GOD_ANY" Language="ja_JP">
			<Text>ああ、俺たちズッ友だよな！</Text>
		</Replace>
		<Replace Tag="LOC_DIPLO_REJECT_DECLARE_FRIEND_FROM_HUMAN_LEADER_YNL_GO_IS_GOD_ANY" Language="ja_JP">
			<Text>またの機会にお願いするゾ。</Text>
		</Replace>
		<Replace Tag="LOC_DIPLO_DECLARE_FRIEND_FROM_AI_LEADER_YNL_GO_IS_GOD_ANY" Language="ja_JP">
			<Text>これは俺からのズッ友宣言だ。受けてくれるよな？な？</Text>
		</Replace>
		<Replace Tag="LOC_DIPLO_ACCEPT_DECLARE_FRIEND_FROM_AI_LEADER_YNL_GO_IS_GOD_ANY" Language="ja_JP">
			<Text>ああ＾～いいっすね～。</Text>
		</Replace>
		<Replace Tag="LOC_DIPLO_REJECT_DECLARE_FRIEND_FROM_AI_LEADER_YNL_GO_IS_GOD_ANY" Language="ja_JP">
			<Text>それは残念だなぁ。</Text>
		</Replace>
		<Replace Tag="LOC_DIPLO_DECLARE_WAR_FROM_HUMAN_LEADER_YNL_GO_IS_GOD_ANY" Language="ja_JP">
			<Text>馬鹿野郎お前俺は勝つぞお前！！</Text>
		</Replace>
		<Replace Tag="LOC_DIPLO_DECLARE_WAR_FROM_AI_LEADER_YNL_GO_IS_GOD_ANY" Language="ja_JP">
			<Text>やっちゃうよ？やっちゃうよ！？</Text>
		</Replace>
		<Replace Tag="LOC_DIPLO_DEFEAT_FROM_AI_LEADER_YNL_GO_IS_GOD_ANY" Language="ja_JP">
			<Text>ダメみたいですね・・・</Text>
		</Replace>
		<Replace Tag="LOC_DIPLO_DEFEAT_FROM_HUMAN_LEADER_YNL_GO_IS_GOD_ANY" Language="ja_JP">
			<Text>ダメみたいですね・・・</Text>
		</Replace>
		<Replace Tag="LOC_DIPLO_ACCEPT_DELEGATION_FROM_HUMAN_LEADER_YNL_GO_IS_GOD_ANY" Language="ja_JP">
			<Text>そっちの使節を歓迎するゾ。</Text>
		</Replace>
		<Replace Tag="LOC_DIPLO_REJECT_DELEGATION_FROM_HUMAN_LEADER_YNL_GO_IS_GOD_ANY" Language="ja_JP">
			<Text>悪いな、それは無理だわ。</Text>
		</Replace>
		<Replace Tag="LOC_DIPLO_DELEGATION_FROM_AI_LEADER_YNL_GO_IS_GOD_ANY" Language="ja_JP">
			<Text>使節をそっちに向かわせたよ。お土産はアイスティーしかなかったんだけど、いいかな？</Text>
		</Replace>
		<Replace Tag="LOC_DIPLO_ACCEPT_DELEGATION_FROM_AI_LEADER_YNL_GO_IS_GOD_ANY" Language="ja_JP">
			<Text>これはすばらしいゾ。</Text>
		</Replace>
		<Replace Tag="LOC_DIPLO_REJECT_DELEGATION_FROM_AI_LEADER_YNL_GO_IS_GOD_ANY" Language="ja_JP">
			<Text>残念だなぁ。じゃあ次の機会だな。</Text>
		</Replace>
		<Replace Tag="LOC_DIPLO_DENOUNCE_FROM_HUMAN_LEADER_YNL_GO_IS_GOD_ANY" Language="ja_JP">
			<Text>あ、ふーん・・・</Text>
		</Replace>
		<Replace Tag="LOC_DIPLO_DENOUNCE_FROM_AI_LEADER_YNL_GO_IS_GOD_ANY" Language="ja_JP">
			<Text>これは世界中が知るべき裏切りだな！(非難)</Text>
		</Replace>
		<Replace Tag="LOC_DIPLO_ACCEPT_EMBASSY_FROM_HUMAN_LEADER_YNL_GO_IS_GOD_ANY" Language="ja_JP">
			<Text>これが大使館の建設許可だ。受け取ってくれよな！</Text>
		</Replace>
		<Replace Tag="LOC_DIPLO_REJECT_EMBASSY_FROM_HUMAN_LEADER_YNL_GO_IS_GOD_ANY" Language="ja_JP">
			<Text>またの機会にお願いするゾ。</Text>
		</Replace>
		<Replace Tag="LOC_DIPLO_EMBASSY_FROM_AI_LEADER_YNL_GO_IS_GOD_ANY" Language="ja_JP">
			<Text>こっちの大使館を置いてもらってもいいかな？</Text>
		</Replace>
		<Replace Tag="LOC_DIPLO_ACCEPT_EMBASSY_FROM_AI_LEADER_YNL_GO_IS_GOD_ANY" Language="ja_JP">
			<Text>やったぜ。</Text>
		</Replace>
		<Replace Tag="LOC_DIPLO_REJECT_EMBASSY_FROM_AI_LEADER_YNL_GO_IS_GOD_ANY" Language="ja_JP">
			<Text>それは残念だなぁ。</Text>
		</Replace>
		<Replace Tag="LOC_DIPLO_FIRST_MEET_LEADER_YNL_GO_IS_GOD_ANY" Language="ja_JP">
			<Text>俺はGO。指導者っていうか、神・・・かな？まあ、ヨロシクゥ！</Text>
		</Replace>
		<Replace Tag="LOC_DIPLO_FIRST_MEET_VISIT_RECIPIENT_LEADER_YNL_GO_IS_GOD_ANY" Language="ja_JP">
			<Text>近くの街へ案内するゾ。ちょうど祭りやってるからぜひ参加してってくれ。</Text>
		</Replace>
		<Replace Tag="LOC_DIPLO_FIRST_MEET_NEAR_INITIATOR_POSITIVE_LEADER_YNL_GO_IS_GOD_ANY" Language="ja_JP">
			<Text>ああ＾～いいっすね～。そっちの発展ぶりが見られるのはうれしいゾ。</Text>
		</Replace>
		<Replace Tag="LOC_DIPLO_FIRST_MEET_NO_MANS_INFO_EXCHANGE_LEADER_YNL_GO_IS_GOD_ANY" Language="ja_JP">
			<Text>どちらも遠方の出だな。ここはお互いの国を互いの地図に記し合うというのはどうかな？</Text>
		</Replace>
		<Replace Tag="LOC_DIPLO_GREETING_LEADER_YNL_GO_IS_GOD_ANY" Language="ja_JP">
			<Text>ご希望をおうかがいするゾ。</Text>
		</Replace>
		<Replace Tag="LOC_DIPLO_KUDO_EXIT_LEADER_YNL_GO_IS_GOD_ANY" Language="ja_JP">
			<Text>お前の国は大きな国だなあ。たまげたなあ・・・。</Text>
		</Replace>
		<Replace Tag="LOC_DIPLO_WARNING_EXIT_LEADER_YNL_GO_IS_GOD_ANY" Language="ja_JP">
			<Text>武士道っていうのはさ、心・技・体を鍛えることなんだ。で、そっちの民はどこでそれをやってるんだ？</Text>
		</Replace>
		<Replace Tag="LOC_DIPLO_ACCEPT_MAKE_ALLIANCE_FROM_HUMAN_LEADER_YNL_GO_IS_GOD_ANY" Language="ja_JP">
			<Text>俺たちの同盟関係、ずっと続くことを願ってるゾ。</Text>
		</Replace>
		<Replace Tag="LOC_DIPLO_REJECT_MAKE_ALLIANCE_FROM_HUMAN_LEADER_YNL_GO_IS_GOD_ANY" Language="ja_JP">
			<Text>またの機会にお願いするゾ。</Text>
		</Replace>
		<Replace Tag="LOC_DIPLO_MAKE_ALLIANCE_FROM_AI_LEADER_YNL_GO_IS_GOD_ANY" Language="ja_JP">
			<Text>同盟を希望するのか？</Text>
		</Replace>
		<Replace Tag="LOC_DIPLO_ACCEPT_MAKE_ALLIANCE_FROM_AI_LEADER_YNL_GO_IS_GOD_ANY" Language="ja_JP">
			<Text>ああ＾～いいっすね～。</Text>
		</Replace>
		<Replace Tag="LOC_DIPLO_REJECT_MAKE_ALLIANCE_FROM_AI_LEADER_YNL_GO_IS_GOD_ANY" Language="ja_JP">
			<Text>それは残念だなぁ。</Text>
		</Replace>
		<Replace Tag="LOC_DIPLO_MAKE_DEAL_AI_ACCEPT_DEAL_LEADER_YNL_GO_IS_GOD_ANY" Language="ja_JP">
			<Text>いいゾ～コレ。喜んで取引に応じるゾ。</Text>
		</Replace>
		<Replace Tag="LOC_DIPLO_MAKE_DEAL_AI_REFUSE_DEAL_LEADER_YNL_GO_IS_GOD_ANY" Language="ja_JP">
			<Text>この取引には応じられないなぁ。</Text>
		</Replace>
		<Replace Tag="LOC_DIPLO_ACCEPT_MAKE_DEAL_FROM_AI_LEADER_YNL_GO_IS_GOD_ANY" Language="ja_JP">
			<Text>ありがとナス！これでお互いに利益があるはずだな。</Text>
		</Replace>
		<Replace Tag="LOC_DIPLO_REJECT_MAKE_DEAL_FROM_AI_LEADER_YNL_GO_IS_GOD_ANY" Language="ja_JP">
			<Text>正直なところ、いささか失望したゾ・・・。</Text>
		</Replace>
		<Replace Tag="LOC_DIPLO_MAKE_DEAL_AI_ADJUST_DEAL_LEADER_YNL_GO_IS_GOD_ANY" Language="ja_JP">
			<Text>こっちの希望にかなう取引だゾ。</Text>
		</Replace>
		<Replace Tag="LOC_DIPLO_AI_REFUSE_DEMAND_LEADER_YNL_GO_IS_GOD_ANY" Language="ja_JP">
			<Text>そっちの要求を呑んだところで何の利益もないなぁ。</Text>
		</Replace>
		<Replace Tag="LOC_DIPLO_AI_ACCEPT_DEMAND_LEADER_YNL_GO_IS_GOD_ANY" Language="ja_JP">
			<Text>いいゾ。</Text>
		</Replace>
		<Replace Tag="LOC_DIPLO_HUMAN_ACCEPT_DEMAND_FROM_AI_LEADER_YNL_GO_IS_GOD_ANY" Language="ja_JP">
			<Text>違うだろ！いいかげんにしろ！</Text>
		</Replace>
		<Replace Tag="LOC_DIPLO_HUMAN_REFUSE_DEMAND_FROM_AI_LEADER_YNL_GO_IS_GOD_ANY" Language="ja_JP">
			<Text>要求を通すためならなんでもやってやるゾ！！</Text>
		</Replace>
		<Replace Tag="LOC_DIPLO_MAKE_PEACE_AI_ACCEPT_DEAL_LEADER_YNL_GO_IS_GOD_ANY" Language="ja_JP">
			<Text>その和平の申し出を受けるゾ。</Text>
		</Replace>
		<Replace Tag="LOC_DIPLO_MAKE_PEACE_AI_REFUSE_DEAL_LEADER_YNL_GO_IS_GOD_ANY" Language="ja_JP">
			<Text>和平など受け入れられないなぁ！</Text>
		</Replace>
		<Replace Tag="LOC_DIPLO_MAKE_PEACE_FROM_AI_LEADER_YNL_GO_IS_GOD_ANY" Language="ja_JP">
			<Text>すいません許してください！何でもしますから！</Text>
		</Replace>
		<Replace Tag="LOC_DIPLO_ACCEPT_MAKE_PEACE_FROM_AI_LEADER_YNL_GO_IS_GOD_ANY" Language="ja_JP">
			<Text>これで戦争は終わり！閉廷！</Text>
		</Replace>
		<Replace Tag="LOC_DIPLO_REJECT_MAKE_PEACE_FROM_AI_LEADER_YNL_GO_IS_GOD_ANY" Language="ja_JP">
			<Text>ならば戦いつづけるしかねえよなあ。</Text>
		</Replace>
		<Replace Tag="LOC_DIPLO_ACCEPT_OPEN_BORDERS_FROM_HUMAN_LEADER_YNL_GO_IS_GOD_ANY" Language="ja_JP">
			<Text>入って、どうぞ。</Text>
		</Replace>
		<Replace Tag="LOC_DIPLO_REJECT_OPEN_BORDERS_FROM_HUMAN_LEADER_YNL_GO_IS_GOD_ANY" Language="ja_JP">
			<Text>またの機会にお願いするゾ。</Text>
		</Replace>
		<Replace Tag="LOC_DIPLO_OPEN_BORDERS_FROM_AI_LEADER_YNL_GO_IS_GOD_ANY" Language="ja_JP">
			<Text>ちょっと通らしてもらっても・・・いいですかね？</Text>
		</Replace>
		<Replace Tag="LOC_DIPLO_ACCEPT_OPEN_BORDERS_FROM_AI_LEADER_YNL_GO_IS_GOD_ANY" Language="ja_JP">
			<Text>ああ＾～いいっすね～。</Text>
		</Replace>
		<Replace Tag="LOC_DIPLO_REJECT_OPEN_BORDERS_FROM_AI_LEADER_YNL_GO_IS_GOD_ANY" Language="ja_JP">
			<Text>それは残念だなぁ。</Text>
		</Replace>
		<Replace Tag="LOC_DIPLO_WARNING_DONT_SETTLE_NEAR_ME_AI_RESPONSE_POSITIVE_LEADER_YNL_GO_IS_GOD_ANY" Language="ja_JP">
			<Text>これは申し訳なかったゾ。そんな近くに都市があるとは、たまげたなあ・・・。</Text>
		</Replace>
		<Replace Tag="LOC_DIPLO_WARNING_DONT_SETTLE_NEAR_ME_AI_RESPONSE_NEGATIVE_LEADER_YNL_GO_IS_GOD_ANY" Language="ja_JP">
			<Text>こっちも土地が必要なんだよ！勝手なことばかり言いやがって！！</Text>
		</Replace>
		<Replace Tag="LOC_DIPLO_WARNING_DONT_SETTLE_NEAR_ME_AI_LEADER_YNL_GO_IS_GOD_ANY" Language="ja_JP">
			<Text>こっちのすぐそばに都市を作らないでくれるかなあ。向こうへ行けよ向こうへ。</Text>
		</Replace>
		<Replace Tag="LOC_DIPLO_WARNING_DONT_SETTLE_NEAR_ME_HUMAN_RESPONSE_POSITIVE_LEADER_YNL_GO_IS_GOD_ANY" Language="ja_JP">
			<Text>了解したゾ。</Text>
		</Replace>
		<Replace Tag="LOC_DIPLO_WARNING_DONT_SETTLE_NEAR_ME_HUMAN_RESPONSE_NEGATIVE_LEADER_YNL_GO_IS_GOD_ANY" Language="ja_JP">
			<Text>こっちに敬意を払わないなら、そっちに敬意を払う必要はないよなあ？</Text>
		</Replace>
		<Replace Tag="LOC_DIPLO_WARNING_TOO_MANY_TROOPS_NEAR_ME_AI_RESPONSE_POSITIVE_LEADER_YNL_GO_IS_GOD_ANY" Language="ja_JP">
			<Text>喧嘩をふっかける蛮族を探していただけなんだ。正直スマンカッタ。</Text>
		</Replace>
		<Replace Tag="LOC_DIPLO_WARNING_TOO_MANY_TROOPS_NEAR_ME_AI_RESPONSE_NEGATIVE_LEADER_YNL_GO_IS_GOD_ANY" Language="ja_JP">
			<Text>あちこちに軍隊を派遣するのが好きなんだよ。自分の強さを誇示できるダルルォ！？</Text>
		</Replace>
		<Replace Tag="LOC_DIPLO_WARNING_STOP_SPYING_ON_ME_AI_RESPONSE_POSITIVE_LEADER_YNL_GO_IS_GOD_ANY" Language="ja_JP">
			<Text>お前の言うとおりだな。もう二度としないゾ。</Text>
		</Replace>
		<Replace Tag="LOC_DIPLO_WARNING_STOP_SPYING_ON_ME_AI_RESPONSE_NEGATIVE_LEADER_YNL_GO_IS_GOD_ANY" Language="ja_JP">
			<Text>誰がそんな約束を真に受けると思うんだ？</Text>
		</Replace>
		<Replace Tag="LOC_DIPLO_WARNING_STOP_DIGGING_UP_ARTIFACTS_AI_RESPONSE_POSITIVE_LEADER_YNL_GO_IS_GOD_ANY" Language="ja_JP">
			<Text>そこがそっちのものだとは知らなかったわ。単純な手違いだ。</Text>
		</Replace>
		<Replace Tag="LOC_DIPLO_WARNING_STOP_DIGGING_UP_ARTIFACTS_AI_RESPONSE_NEGATIVE_LEADER_YNL_GO_IS_GOD_ANY" Language="ja_JP">
			<Text>歴史の謎は万人に開示されるべきなんだよなあ。独占は許されないゾ。</Text>
		</Replace>
		<Replace Tag="LOC_DIPLO_WARNING_STOP_CONVERTING_MY_CITIES_AI_RESPONSE_POSITIVE_LEADER_YNL_GO_IS_GOD_ANY" Language="ja_JP">
			<Text>そっちの希望は尊重するけど、それはまずいですよ！いつかわかってくれるといいんだけどな。</Text>
		</Replace>
		<Replace Tag="LOC_DIPLO_WARNING_STOP_CONVERTING_MY_CITIES_AI_RESPONSE_NEGATIVE_LEADER_YNL_GO_IS_GOD_ANY" Language="ja_JP">
			<Text>心配はいらないゾ。これが一番なんだ。いずれわかるときが来るさ。</Text>
		</Replace>
		<Replace Tag="LOC_DIPLO_WARNING_TOO_MANY_TROOPS_NEAR_ME_LEADER_YNL_GO_IS_GOD_ANY" Language="ja_JP">
			<Text>なんで国境付近を兵がうろうろしてるんだ？何してんすか、やめてくださいよ本当に！</Text>
		</Replace>
		<Replace Tag="LOC_DIPLO_WARNING_TOO_MANY_TROOPS_NEAR_ME_HUMAN_RESPONSE_POSITIVE_LEADER_YNL_GO_IS_GOD_ANY" Language="ja_JP">
			<Text>了解したゾ。</Text>
		</Replace>
		<Replace Tag="LOC_DIPLO_WARNING_STOP_SPYING_ON_ME_LEADER_YNL_GO_IS_GOD_ANY" Language="ja_JP">
			<Text>やりかねないとは思っていたが、まさかそこまで恥知らずとはたまげたなあ。スパイを今すぐ引き上げさせろ！</Text>
		</Replace>
		<Replace Tag="LOC_DIPLO_WARNING_STOP_SPYING_ON_ME_HUMAN_RESPONSE_POSITIVE_LEADER_YNL_GO_IS_GOD_ANY" Language="ja_JP">
			<Text>了解したゾ。</Text>
		</Replace>
		<Replace Tag="LOC_DIPLO_WARNING_STOP_SPYING_ON_ME_HUMAN_RESPONSE_NEGATIVE_LEADER_YNL_GO_IS_GOD_ANY" Language="ja_JP">
			<Text>この侮辱は忘れないゾ。見とけよ見とけよ～。</Text>
		</Replace>
		<Replace Tag="LOC_DIPLO_WARNING_STOP_DIGGING_UP_ARTIFACTS_LEADER_YNL_GO_IS_GOD_ANY" Language="ja_JP">
			<Text>お前、人のものを・・・！さっさと出て行ってもらうゾ！</Text>
		</Replace>
		<Replace Tag="LOC_DIPLO_WARNING_STOP_DIGGING_UP_ARTIFACTS_HUMAN_RESPONSE_POSITIVE_LEADER_YNL_GO_IS_GOD_ANY" Language="ja_JP">
			<Text>了解したゾ。</Text>
		</Replace>
		<Replace Tag="LOC_DIPLO_WARNING_STOP_DIGGING_UP_ARTIFACTS_HUMAN_RESPONSE_NEGATIVE_LEADER_YNL_GO_IS_GOD_ANY" Language="ja_JP">
			<Text>こっちを尊重してもらえないなら、そっちを尊重することもできないなあ。</Text>
		</Replace>
		<Replace Tag="LOC_DIPLO_WARNING_STOP_CONVERTING_MY_CITIES_LEADER_YNL_GO_IS_GOD_ANY" Language="ja_JP">
			<Text>そっちの宗教家はやり方が強引で評判が悪いんだよなあ。いますぐ立ち退かせてくれよな！</Text>
		</Replace>
		<Replace Tag="LOC_DIPLO_WARNING_STOP_CONVERTING_MY_CITIES_HUMAN_RESPONSE_POSITIVE_LEADER_YNL_GO_IS_GOD_ANY" Language="ja_JP">
			<Text>了解したゾ。</Text>
		</Replace>
		<Replace Tag="LOC_DIPLO_WARNING_STOP_CONVERTING_MY_CITIES_HUMAN_RESPONSE_NEGATIVE_LEADER_YNL_GO_IS_GOD_ANY" Language="ja_JP">
			<Text>覚悟決めろ。いずれ必ず報いがあるゾ。</Text>
		</Replace>
		<!-- Generic kudos for random agendas -->
		<Replace Tag="LOC_DIPLO_KUDO_LEADER_YNL_GO_IS_GOD_REASON_AGENDA_HIGH_CULTURE" Language="ja_JP">
			<Text>はえーすっごい。そっちの文化には感銘を受けたゾ。</Text>
		</Replace>
		<Replace Tag="LOC_DIPLO_KUDO_LEADER_YNL_GO_IS_GOD_REASON_AGENDA_HIGH_HAPPINESS" Language="ja_JP">
			<Text>そっちの民はお前の統治を祝福していると聞いたゾ。民の幸福を維持するのは素晴らしいことだ。</Text>
		</Replace>
		<Replace Tag="LOC_DIPLO_KUDO_LEADER_YNL_GO_IS_GOD_REASON_AGENDA_HIGH_INCOME" Language="ja_JP">
			<Text>ああ＾～いいっすね～。金はいくらあっても困るもんじゃないもんなあ。</Text>
		</Replace>
		<Replace Tag="LOC_DIPLO_KUDO_LEADER_YNL_GO_IS_GOD_REASON_AGENDA_HIGH_INDUSTRY" Language="ja_JP">
			<Text>そっちの民の生産力はまったく賞賛に値するゾ。</Text>
		</Replace>
		<Replace Tag="LOC_DIPLO_KUDO_LEADER_YNL_GO_IS_GOD_REASON_AGENDA_MODIFIER_NOT_COMPETING_MINORS" Language="ja_JP">
			<Text>都市国家みたいな小さな国にとっては、うちの国ほどふさわしい友人はいないんだよなあ。そっちにも理解してもらえているようでなによりだわ。</Text>
		</Replace>
		<Replace Tag="LOC_DIPLO_KUDO_LEADER_YNL_GO_IS_GOD_REASON_AGENDA_HIGH_POPULATION" Language="ja_JP">
			<Text>そっちの人口の多さは賞賛に値するゾ。</Text>
		</Replace>
		<Replace Tag="LOC_DIPLO_KUDO_LEADER_YNL_GO_IS_GOD_REASON_AGENDA_HIGH_SCIENCE" Language="ja_JP">
			<Text>そっちの科学研究に対する入れ込みようは大したもんだ。</Text>
		</Replace>
		<Replace Tag="LOC_DIPLO_KUDO_LEADER_YNL_GO_IS_GOD_REASON_AGENDA_HIGH_STANDING_ARMY" Language="ja_JP">
			<Text>俺は強力な軍隊を持つ指導者を好むゾ。</Text>
		</Replace>
		<Replace Tag="LOC_DIPLO_KUDO_LEADER_YNL_GO_IS_GOD_REASON_AGENDA_ENJOYS_WAR" Language="ja_JP">
			<Text>文明の真価が発揮されるのは戦いにおいてなんだよなあ。どこが最強の文明か、はっきりさせようじゃないか。</Text>
		</Replace>
		<Replace Tag="LOC_DIPLO_KUDO_LEADER_YNL_GO_IS_GOD_REASON_AGENDA_MODIFIER_GREAT_PERSON_ADVOCATE_LAG" Language="ja_JP">
			<Text>世界の偉大な人物たちは、そっちよりもこっちのほうを高く評価してくれているみたいだぜ。</Text>
		</Replace>
		<Replace Tag="LOC_DIPLO_KUDO_LEADER_YNL_GO_IS_GOD_REASON_AGENDA_MODIFIER_WONDER_ADVOCATE_LAG" Language="ja_JP">
			<Text>遺産の建設はこっちに任せてもらえるんだな、ありがとナス！</Text>
		</Replace>
		<Replace Tag="LOC_DIPLO_KUDO_LEADER_YNL_GO_IS_GOD_REASON_AGENDA_HIGH_PROTECT_CITY_STATES" Language="ja_JP">
			<Text>都市国家の権利を守ろうとするそっちの姿勢は、全世界がならうべきだな。</Text>
		</Replace>
		<Replace Tag="LOC_DIPLO_KUDO_LEADER_YNL_GO_IS_GOD_REASON_AGENDA_MED_PROTECT_CITY_STATES" Language="ja_JP">
			<Text>強きは弱きを守るべきなんだよなあ。賛同してくれて嬉しく思うゾ。</Text>
		</Replace>
		<!--Kudos for future random agendas (not yet implemented)-->
		<Replace Tag="LOC_DIPLO_KUDO_LEADER_YNL_GO_IS_GOD_REASON_AGENDA_HIGH_AIRPOWER" Language="ja_JP">
			<Text>そっちの空軍の力はまったくもってあなどれない。いや、大したもんだぜ。</Text>
		</Replace>
		<Replace Tag="LOC_DIPLO_KUDO_LEADER_YNL_GO_IS_GOD_REASON_AGENDA_PROTECTS_CITY_STATES" Language="ja_JP">
			<Text>自分のケツも拭けないやつを助けるのは、高貴なおこないだと思うゾ。</Text>
		</Replace>
		<Replace Tag="LOC_DIPLO_KUDO_LEADER_YNL_GO_IS_GOD_REASON_AGENDA_CLEARS_BARBARIAN_CAMPS" Language="ja_JP">
			<Text>あの蛮族どもにはこっちも大いに悩まされていたんだ。ありがとナス！</Text>
		</Replace>
		<Replace Tag="LOC_DIPLO_KUDO_LEADER_YNL_GO_IS_GOD_REASON_AGENDA_ENVIRONMENT" Language="ja_JP">
			<Text>このかけがえのない大地の貴さを知る人々が俺たちのほかにもいるとは嬉しい話だなあ。</Text>
		</Replace>
		<Replace Tag="LOC_DIPLO_KUDO_LEADER_YNL_GO_IS_GOD_REASON_AGENDA_EXPLOITATION" Language="ja_JP">
			<Text>世界は人が活用するためにある。いい世、来いよ！</Text>
		</Replace>
		<Replace Tag="LOC_DIPLO_KUDO_LEADER_YNL_GO_IS_GOD_REASON_AGENDA_SAME_GOVERNMENT" Language="ja_JP">
			<Text>俺たちは志を同じくする仲間だな。そっちの政治体制を尊重するゾ。</Text>
		</Replace>
		<Replace Tag="LOC_DIPLO_KUDO_LEADER_YNL_GO_IS_GOD_REASON_AGENDA_HIGH_NUKE_LOVE" Language="ja_JP">
			<Text>あの技術には多くの使い道があるというのは、そっちもわかってるみたいだな。</Text>
		</Replace>
		<Replace Tag="LOC_DIPLO_KUDO_LEADER_YNL_GO_IS_GOD_REASON_AGENDA_HIGH_FAITH" Language="ja_JP">
			<Text>自分と同じように信心深い者と出会えるのは喜ばしいことだゾ。</Text>
		</Replace>
		<Replace Tag="LOC_DIPLO_KUDO_LEADER_YNL_GO_IS_GOD_REASON_AGENDA_LOW_EXPLORATION" Language="ja_JP">
			<Text>探検はこっちに任せてくれよな！</Text>
		</Replace>
		<Replace Tag="LOC_DIPLO_KUDO_LEADER_YNL_GO_IS_GOD_REASON_AGENDA_PARANOID" Language="ja_JP">
			<Text>そっちがこっちに脅威を与えないと知り、安心したゾ。</Text>
		</Replace>
		<!-- Generic warnings for random agendas -->
		<Replace Tag="LOC_DIPLO_WARNING_LEADER_YNL_GO_IS_GOD_REASON_AGENDA_LOW_CULTURE" Language="ja_JP">
			<Text>そっちはまともな文化を生みだそうという熱意がないなあ。これじゃあどうやってそっちの人々のことを記憶に留めればよいのかわかんねえな。</Text>
		</Replace>
		<Replace Tag="LOC_DIPLO_WARNING_LEADER_YNL_GO_IS_GOD_REASON_AGENDA_LOW_HAPPINESS" Language="ja_JP">
			<Text>汚い街だなあ・・・。そっちの人間がお前の統治に満足しているとは思えないゾ？</Text>
		</Replace>
		<Replace Tag="LOC_DIPLO_WARNING_LEADER_YNL_GO_IS_GOD_REASON_AGENDA_LOW_INCOME" Language="ja_JP">
			<Text>おいおい、そっちはもう破産しそうじゃないか。借金まみれで暮らしていくつもりなのか？</Text>
		</Replace>
		<Replace Tag="LOC_DIPLO_WARNING_LEADER_YNL_GO_IS_GOD_REASON_AGENDA_MODIFIER_COMPETING_MINORS" Language="ja_JP">
			<Text>そっちは都市国家とのずいぶんな仲がいいみたいだな。できればそういうのは控えてほしいゾ。ああいうところとの友好を深めるにふさわしいのはこっちだから。</Text>
		</Replace>
		<Replace Tag="LOC_DIPLO_WARNING_LEADER_YNL_GO_IS_GOD_REASON_AGENDA_LOW_INDUSTRY" Language="ja_JP">
			<Text>そっちはずいぶんと怠け者が多いなあ。なにも生みだせない文明は忘れられてしまうゾ？</Text>
		</Replace>
		<Replace Tag="LOC_DIPLO_WARNING_LEADER_YNL_GO_IS_GOD_REASON_AGENDA_LOW_POPULATION" Language="ja_JP">
			<Text>そっちは極端な人口不足だなあ。それではほとんどなにもすることができないんじゃないのか？</Text>
		</Replace>
		<Replace Tag="LOC_DIPLO_WARNING_LEADER_YNL_GO_IS_GOD_REASON_AGENDA_LOW_SCIENCE" Language="ja_JP">
			<Text>そっちは技術研究に熱心じゃないみたいだな。それでどうやって暮らしを豊かにするつもりなんだ？</Text>
		</Replace>
		<Replace Tag="LOC_DIPLO_WARNING_LEADER_YNL_GO_IS_GOD_REASON_AGENDA_LOW_STANDING_ARMY" Language="ja_JP">
			<Text>そんなにちっぽけな軍隊で不安を感じることはないのか？</Text>
		</Replace>
		<Replace Tag="LOC_DIPLO_WARNING_LEADER_YNL_GO_IS_GOD_REASON_AGENDA_PARANOID" Language="ja_JP">
			<Text>そっちの街はこっちに近いし、軍はめちゃくちゃ強いじゃないか。これじゃこっちが心穏やかではいられなくなると思わないのか？(震え声)</Text>
		</Replace>
		<Replace Tag="LOC_DIPLO_WARNING_LEADER_YNL_GO_IS_GOD_REASON_AGENDA_MODIFIER_GREAT_PERSON_ADVOCATE_LEAD" Language="ja_JP">
			<Text>そっちはずいぶんと偉人を集めているみたいだけど、偉人がふさわしいのはこっちだからな？</Text>
		</Replace>
		<Replace Tag="LOC_DIPLO_WARNING_LEADER_YNL_GO_IS_GOD_REASON_AGENDA_MODIFIER_WONDER_ADVOCATE_LEAD" Language="ja_JP">
			<Text>遺産の建設にかけては俺たちが一番なのがわかってないのか？</Text>
		</Replace>
		<Replace Tag="LOC_DIPLO_WARNING_LEADER_YNL_GO_IS_GOD_REASON_AGENDA_HIGH_ATTACK_CITY_STATES" Language="ja_JP">
			<Text>小さな国を襲うとか臆病者のすることなんだよなあ・・・。</Text>
		</Replace>
		<Replace Tag="LOC_DIPLO_WARNING_LEADER_YNL_GO_IS_GOD_REASON_AGENDA_MED_ATACK_CITY_STATES" Language="ja_JP">
			<Text>警告するゾ。今後は二度と小国を襲わないことだな。</Text>
		</Replace>
		<!-- Generic warnings for random agendas -->
		<Replace Tag="LOC_DIPLO_WARNING_LEADER_YNL_GO_IS_GOD_REASON_AGENDA_LOW_AIRPOWER" Language="ja_JP">
			<Text>地面を這い回るだけでは栄光をつかむことはできないからな。航空戦力の整備を急ぐことをおすすめするゾ。</Text>
		</Replace>
		<Replace Tag="LOC_DIPLO_WARNING_LEADER_YNL_GO_IS_GOD_REASON_AGENDA_ATTACKS_CITY_STATES" Language="ja_JP">
			<Text>弱者をいたぶるのは恥ずべきことだゾ。</Text>
		</Replace>
		<Replace Tag="LOC_DIPLO_WARNING_LEADER_YNL_GO_IS_GOD_REASON_AGENDA_IGNORES_BARBARIAN_CAMPS" Language="ja_JP">
			<Text>自分の首都の近くで蛮族がうろうろしてるみたいだけど、いいのか？</Text>
		</Replace>
		<Replace Tag="LOC_DIPLO_WARNING_LEADER_YNL_GO_IS_GOD_REASON_AGENDA_ENVIRONMENT" Language="ja_JP">
			<Text>これだけは言っておくゾ。いたずらに自然を傷つければ誰もが報いを受けることになるんだぞ。</Text>
		</Replace>
		<Replace Tag="LOC_DIPLO_WARNING_LEADER_YNL_GO_IS_GOD_REASON_AGENDA_EXPLOITATION" Language="ja_JP">
			<Text>お、開いてんじゃーん（土地が）。なんで手をつけようとしないの？</Text>
		</Replace>
		<Replace Tag="LOC_DIPLO_WARNING_LEADER_YNL_GO_IS_GOD_REASON_AGENDA_DIFFERENT_GOVERNMENT" Language="ja_JP">
			<Text>そっちの民を統治するやり方は俺にとって許容できるものではないなあ。</Text>
		</Replace>
		<Replace Tag="LOC_DIPLO_WARNING_LEADER_YNL_GO_IS_GOD_REASON_AGENDA_LOW_NUKE_LOVE" Language="ja_JP">
			<Text>核兵器こそが未来を切り開くんだよ！なぜそれがわからないんだ？</Text>
		</Replace>
		<Replace Tag="LOC_DIPLO_WARNING_LEADER_YNL_GO_IS_GOD_REASON_AGENDA_LOW_FAITH" Language="ja_JP">
			<Text>お前はなにをしるべに道を歩むんだ？まさか信心を持たないというわけではないよなあ？人々に信仰の光を見せるのも統治者の務めだゾ。</Text>
		</Replace>
		<Replace Tag="LOC_DIPLO_WARNING_LEADER_YNL_GO_IS_GOD_REASON_AGENDA_HIGH_EXPLORATION" Language="ja_JP">
			<Text>発見とは、早い者勝ちの競争だゾ。そっちはこっちをさしおいて探検隊を派遣したじゃないか。そんな国に従うわけにはいかないなあ。</Text>
		</Replace>
	</LocalizedText>
</GameData>
