<?xml version="1.0" encoding="utf-8"?>
<GameData>
	<LocalizedText>
		<!-- Leader specific pedia text. -->
		<Replace Tag="LOC_PEDIA_LEADERS_PAGE_LEADER_YNL_KOJI_TADOKORO_CHAPTER_CAPSULE_BODY" Language="ja_JP">
			<Text>TDNの出演で波紋を呼んだゲイビデオ「真夏の夜の淫夢」に出演していた男優の一人。出演箇所は四章「昏睡レイプ!野獣と化した先輩」で、このタイトルから野獣先輩という名前で呼ばれるようになった。本編での役名は「田所（先輩）」。</Text>
		</Replace>
		<Replace Tag="LOC_PEDIA_LEADERS_PAGE_LEADER_YNL_KOJI_TADOKORO_CHAPTER_DETAILED_BODY" Language="ja_JP">
			<Text>序盤は兵営から生産力がでる特性を使って迫真空手ラッシュをキメる。土地を確保したら野獣先輩BBを置けるだけ置いて文化勝利を狙うとよいでしょう。高難易度では屋上建設での野獣先輩BB強化が活きてくるはず。</Text>
		</Replace>

		<!-- Leader specific historical text. -->
		<Replace Tag="LOC_PEDIA_LEADERS_PAGE_LEADER_YNL_KOJI_TADOKORO_CHAPTER_HISTORY_PARA_1" Language="ja_JP">
			<Text>1999年発売作品のインタビューでは24歳で学生、身長170cm、体重74kgと答えている。これが本当なら生誕は1975年(昭和50年)となり、2018年時点で43歳を迎えていると考えられる。	本名は一切名乗っておらず不明だが、ネット上では「田所浩二」という仮名で呼ばれている。これは前述の「淫夢」四章での役名と、ブーム突入直前の2011年に強制わいせつ容疑で逮捕された男性「田所浩治」をかけたものである。</Text>
		</Replace>

		<!-- Civilization specific historical text. -->
		<Replace Tag="LOC_PEDIA_CIVILIZATIONS_PAGE_CIVILIZATION_YNL_AMLD_CHAPTER_HISTORY_PARA_1" Language="ja_JP">
			<Text>https://wiki.yjsnpi.nu/淫夢年表</Text>
		</Replace>

		<!-- Civlization Citizen Names -->
		<Replace Tag="LOC_CITIZEN_YNL_AMLD_MALE_1" Language="ja_JP">
			<Text>YSKN</Text>
		</Replace>
		<Replace Tag="LOC_CITIZEN_YNL_AMLD_MALE_2" Language="ja_JP">
			<Text>軍畑先輩</Text>
		</Replace>
		<Replace Tag="LOC_CITIZEN_YNL_AMLD_MALE_3" Language="ja_JP">
			<Text>KKW</Text>
		</Replace>
		<Replace Tag="LOC_CITIZEN_YNL_AMLD_MALE_4" Language="ja_JP">
			<Text>SMJ</Text>
		</Replace>
		<Replace Tag="LOC_CITIZEN_YNL_AMLD_MALE_5" Language="ja_JP">
			<Text>TMBK</Text>
		</Replace>
		<Replace Tag="LOC_CITIZEN_YNL_AMLD_MALE_6" Language="ja_JP">
			<Text>NOT</Text>
		</Replace>
		<Replace Tag="LOC_CITIZEN_YNL_AMLD_MALE_7" Language="ja_JP">
			<Text>AOK</Text>
		</Replace>
		<Replace Tag="LOC_CITIZEN_YNL_AMLD_MALE_8" Language="ja_JP">
			<Text>EMT</Text>
		</Replace>
		<Replace Tag="LOC_CITIZEN_YNL_AMLD_MALE_9" Language="ja_JP">
			<Text>平野源五郎</Text>
		</Replace>
		<Replace Tag="LOC_CITIZEN_YNL_AMLD_MALE_10" Language="ja_JP">
			<Text>ONDISK</Text>
		</Replace>
		<Replace Tag="LOC_CITIZEN_YNL_AMLD_FEMALE_1" Language="ja_JP">
			<Text>モザイク姉貴</Text>
		</Replace>
		<Replace Tag="LOC_CITIZEN_YNL_AMLD_FEMALE_2" Language="ja_JP">
			<Text>ピンキー</Text>
		</Replace>
		<Replace Tag="LOC_CITIZEN_YNL_AMLD_FEMALE_3" Language="ja_JP">
			<Text>NRK</Text>
		</Replace>

		<!-- Civilization City Names-->
		<Replace Tag="LOC_CIVLIZATION_YNL_AMLD_CITY_1" Language="ja_JP">
			<Text>下北沢</Text>
		</Replace>
		<Replace Tag="LOC_CIVLIZATION_YNL_AMLD_CITY_2" Language="ja_JP">
			<Text>巣鴨</Text>
		</Replace>
		<Replace Tag="LOC_CIVLIZATION_YNL_AMLD_CITY_3" Language="ja_JP">
			<Text>鶯谷</Text>
		</Replace>
		<Replace Tag="LOC_CIVLIZATION_YNL_AMLD_CITY_4" Language="ja_JP">
			<Text>八丁畷</Text>
		</Replace>
		<Replace Tag="LOC_CIVLIZATION_YNL_AMLD_CITY_5" Language="ja_JP">
			<Text>洗足</Text>
		</Replace>
		<Replace Tag="LOC_CIVLIZATION_YNL_AMLD_CITY_6" Language="ja_JP">
			<Text>阿佐ヶ谷</Text>
		</Replace>
		<Replace Tag="LOC_CIVLIZATION_YNL_AMLD_CITY_7" Language="ja_JP">
			<Text>目白</Text>
		</Replace>
		<Replace Tag="LOC_CIVLIZATION_YNL_AMLD_CITY_8" Language="ja_JP">
			<Text>旗の台</Text>
		</Replace>
		<Replace Tag="LOC_CIVLIZATION_YNL_AMLD_CITY_9" Language="ja_JP">
			<Text>自由が丘</Text>
		</Replace>
		<Replace Tag="LOC_CIVLIZATION_YNL_AMLD_CITY_10" Language="ja_JP">
			<Text>千駄ヶ谷</Text>
		</Replace>
		<Replace Tag="LOC_CIVLIZATION_YNL_AMLD_CITY_11" Language="ja_JP">
			<Text>南千住</Text>
		</Replace>
		<Replace Tag="LOC_CIVLIZATION_YNL_AMLD_CITY_12" Language="ja_JP">
			<Text>新木場</Text>
		</Replace>
		<Replace Tag="LOC_CIVLIZATION_YNL_AMLD_CITY_13" Language="ja_JP">
			<Text>三軒茶屋</Text>
		</Replace>
		<Replace Tag="LOC_CIVLIZATION_YNL_AMLD_CITY_14" Language="ja_JP">
			<Text>溝の口</Text>
		</Replace>
		<Replace Tag="LOC_CIVLIZATION_YNL_AMLD_CITY_15" Language="ja_JP">
			<Text>南新宿</Text>
		</Replace>
		<Replace Tag="LOC_CIVLIZATION_YNL_AMLD_CITY_16" Language="ja_JP">
			<Text>登戸</Text>
		</Replace>
		<Replace Tag="LOC_CIVLIZATION_YNL_AMLD_CITY_17" Language="ja_JP">
			<Text>町田</Text>
		</Replace>
		<Replace Tag="LOC_CIVLIZATION_YNL_AMLD_CITY_18" Language="ja_JP">
			<Text>池袋</Text>
		</Replace>
		<Replace Tag="LOC_CIVLIZATION_YNL_AMLD_CITY_19" Language="ja_JP">
			<Text>池尻大橋</Text>
		</Replace>
		<Replace Tag="LOC_CIVLIZATION_YNL_AMLD_CITY_20" Language="ja_JP">
			<Text>西日暮里</Text>
		</Replace>
		
		<!-- Leader Quotes -->
		<Replace Tag="LOC_LEADER_YNL_KOJI_TADOKORO_QUOTE" Language="ja_JP">
			<Text>24歳、指導者です。</Text>
		</Replace>
		<Replace Tag="LOC_LEADER_YNL_GO_IS_GOD_QUOTE" Language="ja_JP">
			<Text>大丈夫大丈夫^^ ヘーキヘーキ^^</Text>
		</Replace>

		<!-- 昇進 -->
		<Replace Tag="LOC_PROMOTION_CLASS_HAKUSHIN_KARATE_YNL_NAME" Language="ja_JP">
			<Text>迫真空手</Text>
		</Replace>
		<!-- 昇進(個別名) -->
		<Replace Tag="LOC_PROMOTION_HAKUSHIN_KARATE_YNL_SHADOW_STRIKE_NAME" Language="ja_JP">
			<Text>影の一撃</Text>
		</Replace>
		<Replace Tag="LOC_PROMOTION_HAKUSHIN_KARATE_YNL_TWILIGHT_VEIL_NAME" Language="ja_JP">
			<Text>闇夜の帳</Text>
		</Replace>
		<Replace Tag="LOC_PROMOTION_HAKUSHIN_KARATE_YNL_EXPLODING_PALMS_NAME" Language="ja_JP">
			<Text>汚物掌</Text>
		</Replace>
		<Replace Tag="LOC_PROMOTION_HAKUSHIN_KARATE_YNL_GUERRILLA_NAME" Language="ja_JP">
			<Text>ゲリラ</Text>
		</Replace>
		<Replace Tag="LOC_PROMOTION_HAKUSHIN_KARATE_YNL_SWEEPING_WIND_NAME" Language="ja_JP">
			<Text>縮地</Text>
		</Replace>
		<Replace Tag="LOC_PROMOTION_HAKUSHIN_KARATE_YNL_DANCING_CRANE_NAME" Language="ja_JP">
			<Text>野獣の舞</Text>
		</Replace>
		<Replace Tag="LOC_PROMOTION_HAKUSHIN_KARATE_YNL_COBRA_STRIKE_NAME" Language="ja_JP">
			<Text>致命打</Text>
		</Replace>
		<!-- 昇進(個別説明) -->
		<Replace Tag="LOC_PROMOTION_HAKUSHIN_KARATE_YNL_SHADOW_STRIKE_DESCRIPTION" Language="ja_JP">
			<Text>側面攻撃ボーナスが2倍になる。</Text>
		</Replace>
		<Replace Tag="LOC_PROMOTION_HAKUSHIN_KARATE_YNL_TWILIGHT_VEIL_DESCRIPTION" Language="ja_JP">
			<Text>隣接しないかぎり敵に発見されない。</Text>
		</Replace>
		<Replace Tag="LOC_PROMOTION_HAKUSHIN_KARATE_YNL_EXPLODING_PALMS_DESCRIPTION" Language="ja_JP">
			<Text>あらゆる状況で [ICON_Strength] 戦闘力+10。</Text>
		</Replace>
		<Replace Tag="LOC_PROMOTION_HAKUSHIN_KARATE_YNL_GUERRILLA_DESCRIPTION" Language="ja_JP">
			<Text>攻撃後に移動が可能。</Text>
		</Replace>
		<Replace Tag="LOC_PROMOTION_HAKUSHIN_KARATE_YNL_SWEEPING_WIND_DESCRIPTION" Language="ja_JP">
			<Text>[ICON_Movement] 移動ポイントが足りる場合、ターンごとの攻撃回数+1。</Text>
		</Replace>
		<Replace Tag="LOC_PROMOTION_HAKUSHIN_KARATE_YNL_DANCING_CRANE_DESCRIPTION" Language="ja_JP">
			<Text>[ICON_Movement] 移動力+1。</Text>
		</Replace>
		<Replace Tag="LOC_PROMOTION_HAKUSHIN_KARATE_YNL_COBRA_STRIKE_DESCRIPTION" Language="ja_JP">
			<Text>あらゆる状況で [ICON_Strength] 戦闘力+15。</Text>
		</Replace>
</LocalizedText>
</GameData>
