<?xml version="1.0" encoding="utf-8"?>
<GameInfo>
	<!-- 親定義 -->
	<Types>
		<!-- ユニット -->
		<Row Type="UNIT_YNL_HAKUSHIN_KARATE" Kind="KIND_UNIT"/>
		<Row Type="UNIT_YNL_ONAGER"          Kind="KIND_UNIT"/>
		<Row Type="UNIT_YNL_BLACK_CAVALRY"   Kind="KIND_UNIT"/>
		<Row Type="UNIT_YNL_KUNIKUZUSHI"     Kind="KIND_UNIT"/>
		<Row Type="UNIT_YNL_BLACK_CAR"       Kind="KIND_UNIT"/>
		<Row Type="UNIT_YNL_CLIBANARIUS"     Kind="KIND_UNIT"/>
		<Row Type="UNIT_YNL_FRANCISCA"       Kind="KIND_UNIT"/>
		<!-- アビリティ -->
		<Row Type="ABILITY_YNL_HAKUSHIN_KARATE" Kind="KIND_ABILITY"/>
		<Row Type="ABILITY_YNL_BLACK_CAR"       Kind="KIND_ABILITY"/>
		<Row Type="ABILITY_YNL_BLACK_CAVALRY"   Kind="KIND_ABILITY"/>
		<Row Type="ABILITY_YNL_FRANCISCA"       Kind="KIND_ABILITY"/>
	</Types>
	<!-- クラスの親定義 -->
	<Tags>
		<Row Tag="CLASS_YNL_HAKUSHIN_KARATE" Vocabulary="ABILITY_CLASS"/>
		<Row Tag="CLASS_YNL_BLACK_CAR"       Vocabulary="ABILITY_CLASS"/>
		<Row Tag="CLASS_YNL_BLACK_CAVALRY"   Vocabulary="ABILITY_CLASS"/>
		<Row Tag="CLASS_YNL_FRANCISCA"       Vocabulary="ABILITY_CLASS"/>
	</Tags>
	<!-- AI設定 -->
	<UnitAiInfos>
		<Row UnitType="UNIT_YNL_HAKUSHIN_KARATE" AiType="UNITAI_COMBAT"/>
		<Row UnitType="UNIT_YNL_HAKUSHIN_KARATE" AiType="UNITAI_EXPLORE"/>
		<Row UnitType="UNIT_YNL_HAKUSHIN_KARATE" AiType="UNITTYPE_MELEE"/>
		<Row UnitType="UNIT_YNL_HAKUSHIN_KARATE" AiType="UNITTYPE_LAND_COMBAT"/>

		<Row UnitType="UNIT_YNL_ONAGER" AiType="UNITAI_COMBAT"/>
		<Row UnitType="UNIT_YNL_ONAGER" AiType="UNITTYPE_RANGED"/>
		<Row UnitType="UNIT_YNL_ONAGER" AiType="UNITTYPE_SIEGE"/>
		<Row UnitType="UNIT_YNL_ONAGER" AiType="UNITTYPE_SIEGE_ALL"/>
		<Row UnitType="UNIT_YNL_ONAGER" AiType="UNITTYPE_LAND_COMBAT"/>

		<Row UnitType="UNIT_YNL_BLACK_CAVALRY" AiType="UNITAI_COMBAT"/>
		<Row UnitType="UNIT_YNL_BLACK_CAVALRY" AiType="UNITAI_EXPLORE"/>
		<Row UnitType="UNIT_YNL_BLACK_CAVALRY" AiType="UNITTYPE_CAVALRY"/>
		<Row UnitType="UNIT_YNL_BLACK_CAVALRY" AiType="UNITTYPE_MELEE"/>
		<Row UnitType="UNIT_YNL_BLACK_CAVALRY" AiType="UNITTYPE_LAND_COMBAT"/>

		<Row UnitType="UNIT_YNL_BLACK_CAR" AiType="UNITTYPE_SIEGE_SUPPORT"/>
		<Row UnitType="UNIT_YNL_BLACK_CAR" AiType="UNITTYPE_SIEGE_ALL"/>

		<Row UnitType="UNIT_YNL_KUNIKUZUSHI" AiType="UNITAI_COMBAT"/>
		<Row UnitType="UNIT_YNL_KUNIKUZUSHI" AiType="UNITTYPE_RANGED"/>
		<Row UnitType="UNIT_YNL_KUNIKUZUSHI" AiType="UNITTYPE_LAND_COMBAT"/>

		<Row UnitType="UNIT_YNL_CLIBANARIUS" AiType="UNITAI_COMBAT"/>
		<Row UnitType="UNIT_YNL_CLIBANARIUS" AiType="UNITTYPE_MELEE"/>
		<Row UnitType="UNIT_YNL_CLIBANARIUS" AiType="UNITTYPE_CAVALRY"/>
		<Row UnitType="UNIT_YNL_CLIBANARIUS" AiType="UNITTYPE_LAND_COMBAT"/>

		<Row UnitType="UNIT_YNL_FRANCISCA" AiType="UNITAI_COMBAT"/>
		<Row UnitType="UNIT_YNL_FRANCISCA" AiType="UNITAI_EXPLORE"/>
		<Row UnitType="UNIT_YNL_FRANCISCA" AiType="UNITTYPE_MELEE"/>
		<Row UnitType="UNIT_YNL_FRANCISCA" AiType="UNITTYPE_LAND_COMBAT"/>
		<Row UnitType="UNIT_YNL_FRANCISCA" AiType="UNITTYPE_RANGED"/>
	</UnitAiInfos>

	<!-- 置き換え設定 -->
	<UnitReplaces>
		<Row CivUniqueUnitType="UNIT_YNL_ONAGER"        ReplacesUnitType="UNIT_CATAPULT"/>
		<Row CivUniqueUnitType="UNIT_YNL_BLACK_CAVALRY" ReplacesUnitType="UNIT_HORSEMAN"/>
		<Row CivUniqueUnitType="UNIT_YNL_KUNIKUZUSHI"   ReplacesUnitType="UNIT_CROSSBOWMAN"/>
		<Row CivUniqueUnitType="UNIT_YNL_CLIBANARIUS"   ReplacesUnitType="UNIT_HORSEMAN"/>
		<Row CivUniqueUnitType="UNIT_YNL_FRANCISCA"     ReplacesUnitType="UNIT_PIKEMAN"/>
	</UnitReplaces>

	<!-- 所有クラス -->
	<TypeTags>
		<!-- ユニット -->
		<Row Type="UNIT_YNL_HAKUSHIN_KARATE" Tag="CLASS_MELEE"/>
		<Row Type="UNIT_YNL_HAKUSHIN_KARATE" Tag="CLASS_YNL_HAKUSHIN_KARATE"/>

		<Row Type="UNIT_YNL_ONAGER"          Tag="CLASS_SIEGE"/>
		<Row Type="UNIT_YNL_ONAGER"          Tag="CLASS_SIEGE_SETUP"/>
		<Row Type="UNIT_YNL_ONAGER"          Tag="CLASS_FORWARD_OBSERVER"/>

		<Row Type="UNIT_YNL_BLACK_CAVALRY"   Tag="CLASS_LIGHT_CAVALRY"/>
		<Row Type="UNIT_YNL_BLACK_CAVALRY"   Tag="CLASS_YNL_BLACK_CAVALRY"/>

		<Row Type="UNIT_YNL_BLACK_CAR"       Tag="CLASS_YNL_BLACK_CAR"/>

		<Row Type="UNIT_YNL_KUNIKUZUSHI"     Tag="CLASS_RANGED"/>

		<Row Type="UNIT_YNL_CLIBANARIUS"     Tag="CLASS_HEAVY_CAVALRY"/>
		<Row Type="UNIT_YNL_CLIBANARIUS"     Tag="CLASS_CONQUISTADOR"/>

		<Row Type="UNIT_YNL_FRANCISCA"       Tag="CLASS_ANTI_CAVALRY"/>
		<Row Type="UNIT_YNL_FRANCISCA"       Tag="CLASS_RANGED"/>
		<Row Type="UNIT_YNL_FRANCISCA"       Tag="CLASS_YNL_FRANCISCA"/>
		
		<!-- アビリティ -->
		<Row Type="ABILITY_YNL_HAKUSHIN_KARATE" Tag="CLASS_YNL_HAKUSHIN_KARATE"/>
		<Row Type="ABILITY_YNL_BLACK_CAR"       Tag="CLASS_YNL_BLACK_CAR"/>
		<Row Type="ABILITY_YNL_BLACK_CAVALRY"   Tag="CLASS_YNL_BLACK_CAVALRY"/>
		<Row Type="ABILITY_YNL_FRANCISCA"       Tag="CLASS_YNL_FRANCISCA"/>
	</TypeTags>

	<!-- 主設定 -->
	<Units>
		<!-- 迫真空手部員 -->
		<Row UnitType="UNIT_YNL_HAKUSHIN_KARATE" Name="LOC_UNIT_YNL_HAKUSHIN_KARATE_NAME" Description="LOC_UNIT_YNL_HAKUSHIN_KARATE_DESCRIPTION"
			 Cost="90"  Maintenance="1" BaseMoves="3" BaseSightRange="2" ZoneOfControl="true" Domain="DOMAIN_LAND" Combat="38" 
			 FormationClass="FORMATION_CLASS_LAND_COMBAT" PromotionClass="PROMOTION_CLASS_HAKUSHIN_KARATE_YNL"  AdvisorType="ADVISOR_CONQUEST"
			 PurchaseYield="YIELD_GOLD" PrereqCivic="CIVIC_GAMES_RECREATION" TraitType="TRAIT_LEADER_UNIT_YNL_HAKUSHIN_KARATE"/>
		<!-- オナガー -->
		<Row UnitType="UNIT_YNL_ONAGER" Name="LOC_UNIT_YNL_ONAGER_NAME" Description="LOC_UNIT_YNL_ONAGER_DESCRIPTION"
			 Cost="130" Maintenance="2" BaseMoves="2" BaseSightRange="2" ZoneOfControl="true" Domain="DOMAIN_LAND" Combat="35" Bombard="40" Range="2"
			 FormationClass="FORMATION_CLASS_LAND_COMBAT" PromotionClass="PROMOTION_CLASS_SIEGE" AdvisorType="ADVISOR_CONQUEST" 
			 PurchaseYield="YIELD_GOLD" MandatoryObsoleteTech="TECH_STEEL" PrereqTech="TECH_ENGINEERING"
			 TraitType="TRAIT_LEADER_UNIT_YNL_ONAGER" />
		<!-- 極道の黒備え -->
		<Row UnitType="UNIT_YNL_BLACK_CAVALRY" Name="LOC_UNIT_YNL_BLACK_CAVALRY_NAME" Description="LOC_UNIT_YNL_BLACK_CAVALRY_DESCRIPTION" 
			 Cost="80" Maintenance="2" BaseMoves="4" BaseSightRange="2" ZoneOfControl="true" Domain="DOMAIN_LAND" Combat="40" StrategicResource="RESOURCE_HORSES" 
			 FormationClass="FORMATION_CLASS_LAND_COMBAT" PromotionClass="PROMOTION_CLASS_LIGHT_CAVALRY" AdvisorType="ADVISOR_CONQUEST" 
			 PurchaseYield="YIELD_GOLD" MandatoryObsoleteTech="TECH_SYNTHETIC_MATERIALS" PrereqTech="TECH_HORSEBACK_RIDING"
			 TraitType="TRAIT_LEADER_UNIT_YNL_BLACK_CAVALRY" />
		<!-- 黒塗りの高級車 -->
		<Row UnitType="UNIT_YNL_BLACK_CAR" Name="LOC_UNIT_YNL_BLACK_CAR_NAME" Description="LOC_UNIT_YNL_BLACK_CAR_DESCRIPTION" 
			 Cost="370" Maintenance="3" BaseMoves="5" BaseSightRange="2" ZoneOfControl="true" Domain="DOMAIN_LAND" 
			 FormationClass="FORMATION_CLASS_SUPPORT" PromotionClass="PROMOTION_CLASS_SUPPORT" AdvisorType="ADVISOR_CONQUEST" 
			 PurchaseYield="YIELD_GOLD" PrereqTech="TECH_STEAM_POWER"
			 TraitType="TRAIT_LEADER_UNIT_YNL_BLACK_CAR"/>
		<!-- 国崩し -->
		<Row UnitType="UNIT_YNL_KUNIKUZUSHI" Name="LOC_UNIT_YNL_KUNIKUZUSHI_NAME" Description="LOC_UNIT_YNL_KUNIKUZUSHI_DESCRIPTION" 
			 Cost="160" Maintenance="3" BaseMoves="2" BaseSightRange="2" ZoneOfControl="false" Domain="DOMAIN_LAND" Combat="30" RangedCombat="50" Range="2" 
			 FormationClass="FORMATION_CLASS_LAND_COMBAT" PromotionClass="PROMOTION_CLASS_RANGED" AdvisorType="ADVISOR_CONQUEST" 
			 PurchaseYield="YIELD_GOLD" MandatoryObsoleteTech="TECH_ADVANCED_BALLISTICS" PrereqTech="TECH_MACHINERY" 
			 TraitType="TRAIT_LEADER_UNIT_YNL_KUNIKUZUSHI"/>
		<!-- クリバナリウス -->
		<Row UnitType="UNIT_YNL_CLIBANARIUS" Name="LOC_UNIT_YNL_CLIBANARIUS_NAME" Description="LOC_UNIT_YNL_CLIBANARIUS_DESCRIPTION" 
			 Cost="100" Maintenance="2" BaseMoves="4" BaseSightRange="2" ZoneOfControl="true" Domain="DOMAIN_LAND" Combat="37" StrategicResource="RESOURCE_HORSES"
			 FormationClass="FORMATION_CLASS_LAND_COMBAT" PromotionClass="PROMOTION_CLASS_HEAVY_CAVALRY" AdvisorType="ADVISOR_CONQUEST" 
			 PurchaseYield="YIELD_GOLD" MandatoryObsoleteTech="TECH_REPLACEABLE_PARTS" PrereqTech="TECH_HORSEBACK_RIDING" 
			 TraitType="TRAIT_LEADER_UNIT_YNL_CLIBANARIUS" />
		<!-- フランキスカ -->
		<Row UnitType="UNIT_YNL_FRANCISCA" Name="LOC_UNIT_YNL_FRANCISCA_NAME" Description="LOC_UNIT_YNL_FRANCISCA_DESCRIPTION" 
			 Cost="150" Maintenance="2" BaseMoves="2" BaseSightRange="2" ZoneOfControl="true" Domain="DOMAIN_LAND" Combat="40" RangedCombat="35" Range="2"
			 FormationClass="FORMATION_CLASS_LAND_COMBAT" PromotionClass="PROMOTION_CLASS_ANTI_CAVALRY" AdvisorType="ADVISOR_CONQUEST" 
			 PurchaseYield="YIELD_GOLD" MandatoryObsoleteTech="TECH_COMPOSITES" PrereqCivic="CIVIC_MILITARY_TRAINING"
			 TraitType="TRAIT_LEADER_UNIT_YNL_FRANCISCA"/>
	</Units>
	<!-- ユニットの戦略資源消費 -->
	<Units_XP2>
		<Row UnitType="UNIT_YNL_ONAGER"        ResourceCost="20"/><!-- 一応カタパルトと同じように設定してあるが、戦略資源使わないのになぜ・・・？ -->
		<Row UnitType="UNIT_YNL_BLACK_CAVALRY" ResourceCost="20"/>
		<Row UnitType="UNIT_YNL_CLIBANARIUS"   ResourceCost="10"/>
	</Units_XP2>
	<!-- アップグレード先 -->
	<UnitUpgrades>
		<Row Unit="UNIT_YNL_ONAGER"        UpgradeUnit="UNIT_BOMBARD"/>
		<Row Unit="UNIT_YNL_BLACK_CAVALRY" UpgradeUnit="UNIT_COURSER"/>
		<Row Unit="UNIT_YNL_KUNIKUZUSHI"   UpgradeUnit="UNIT_FIELD_CANNON"/>
		<Row Unit="UNIT_YNL_CLIBANARIUS"   UpgradeUnit="UNIT_KNIGHT"/>
		<Row Unit="UNIT_YNL_FRANCISCA"     UpgradeUnit="UNIT_PIKE_AND_SHOT"/>
	</UnitUpgrades>

	<!-- ユニットのアビリティ -->
	<UnitAbilities>
		<Row UnitAbilityType="ABILITY_YNL_HAKUSHIN_KARATE" Name="LOC_ABILITY_YNL_HAKUSHIN_KARATE_NAME" Description="LOC_ABILITY_YNL_HAKUSHIN_KARATE_DESCRIPTION"/>
		<Row UnitAbilityType="ABILITY_YNL_BLACK_CAR"       Name="LOC_ABILITY_YNL_BLACK_CAR_NAME"       Description="LOC_ABILITY_YNL_BLACK_CAR_DESCRIPTION"/>
		<Row UnitAbilityType="ABILITY_YNL_BLACK_CAVALRY"   Name="LOC_ABILITY_YNL_BLACK_CAVALRY_NAME"   Description="LOC_ABILITY_YNL_BLACK_CAVALRY_DESCRIPTION"/>
		<Row UnitAbilityType="ABILITY_YNL_FRANCISCA"       Name="LOC_ABILITY_YNL_FRANCISCA_NAME"       Description="LOC_ABILITY_YNL_FRANCISCA_DESCRIPTION"/>
	</UnitAbilities>
	<UnitAbilityModifiers>
		<!-- 迫真空手部員 -->
		<Row>
			<UnitAbilityType>ABILITY_YNL_HAKUSHIN_KARATE</UnitAbilityType>
			<ModifierId>YNL_HAKUSHIN_KARATE_SPECIFIC_UNIT_COMBAT</ModifierId>
		</Row>
		<!-- 黒塗りの高級車 -->
		<Row>
			<UnitAbilityType>ABILITY_YNL_BLACK_CAR</UnitAbilityType>
			<ModifierId>YNL_BLACK_CAR_NEGATIVE_COMBAT</ModifierId>
		</Row>
		<!-- 極道の黒備え -->
		<Row>
			<UnitAbilityType>ABILITY_YNL_BLACK_CAVALRY</UnitAbilityType>
			<ModifierId>YNL_BLACK_CAVALRY_INCREASED_FLANKING_BONUS</ModifierId>
		</Row>
		<!-- フランキスカ -->
		<Row>
			<UnitAbilityType>ABILITY_YNL_FRANCISCA</UnitAbilityType>
			<ModifierId>YNL_FRANCISCA_ANTI_MELEE_COMBAT_BONUS</ModifierId>
		</Row>
	</UnitAbilityModifiers>
	<Modifiers>
		<!-- 迫真空手部員 -->
		<Row>
			<ModifierId>YNL_HAKUSHIN_KARATE_SPECIFIC_UNIT_COMBAT</ModifierId>
			<ModifierType>MODIFIER_SINGLE_UNIT_ATTACH_MODIFIER</ModifierType>
			<SubjectRequirementSetId>YNL_HAKUSHIN_KARATE_SPECIFIC_UNIT_REQUIREMENTS</SubjectRequirementSetId>
		</Row>
		<Row>
			<ModifierId>YNL_HAKUSHIN_KARATE_SPECIFIC_UNIT_COMBAT_MODIFIER</ModifierId>
			<ModifierType>MODIFIER_UNIT_ADJUST_COMBAT_STRENGTH</ModifierType>
		</Row>
		<!-- 黒塗りの高級車 -->
		<Row>
			<ModifierId>YNL_BLACK_CAR_NEGATIVE_COMBAT</ModifierId>
			<ModifierType>MODIFIER_ALL_UNITS_ATTACH_MODIFIER</ModifierType>
			<SubjectRequirementSetId>VARU_ADJACENT_AT_WAR_REQUIREMENTS</SubjectRequirementSetId><!-- ヴァルのを使いまわし -->
		</Row>
		<Row>
			<ModifierId>YNL_BLACK_CAR_NEGATIVE_COMBAT_MODIFIER</ModifierId>
			<ModifierType>MODIFIER_UNIT_ADJUST_COMBAT_STRENGTH</ModifierType>
		</Row>
		<!-- 極道の黒備え -->
		<Row>
			<ModifierId>YNL_BLACK_CAVALRY_INCREASED_FLANKING_BONUS</ModifierId>
			<ModifierType>MODIFIER_PLAYER_UNIT_ADJUST_FLANKING_BONUS_MODIFIER</ModifierType>
		</Row>
		<!-- フランキスカ -->
		<Row>
			<ModifierId>YNL_FRANCISCA_ANTI_MELEE_COMBAT_BONUS</ModifierId>
			<ModifierType>MODIFIER_UNIT_ADJUST_COMBAT_STRENGTH</ModifierType>
			<SubjectRequirementSetId>MELEE_OPPONENT_REQUIREMENTS_YNL</SubjectRequirementSetId>
		</Row>
	</Modifiers>
	<ModifierArguments>
		<!-- 迫真空手部員 -->
		<Row>
			<ModifierId>YNL_HAKUSHIN_KARATE_SPECIFIC_UNIT_COMBAT</ModifierId>
			<Name>ModifierId</Name>
			<Value>YNL_HAKUSHIN_KARATE_SPECIFIC_UNIT_COMBAT_MODIFIER</Value>
		</Row>
		<Row>
			<ModifierId>YNL_HAKUSHIN_KARATE_SPECIFIC_UNIT_COMBAT_MODIFIER</ModifierId>
			<Name>Amount</Name>
			<Value>12</Value>
		</Row>
		<!-- 黒塗りの高級車 -->
		<Row>
			<ModifierId>YNL_BLACK_CAR_NEGATIVE_COMBAT</ModifierId>
			<Name>ModifierId</Name>
			<Value>YNL_BLACK_CAR_NEGATIVE_COMBAT_MODIFIER</Value>
		</Row>
		<Row>
			<ModifierId>YNL_BLACK_CAR_NEGATIVE_COMBAT_MODIFIER</ModifierId>
			<Name>Amount</Name>
			<Value>-5</Value>
		</Row>
		<!-- 極道の黒備え -->
		<Row>
			<ModifierId>YNL_BLACK_CAVALRY_INCREASED_FLANKING_BONUS</ModifierId>
			<Name>Percent</Name>
			<Value>100</Value>
		</Row>
		<!-- フランキスカ -->
		<Row>
			<ModifierId>YNL_FRANCISCA_ANTI_MELEE_COMBAT_BONUS</ModifierId>
			<Name>Amount</Name>
			<Value>10</Value>
		</Row>
	</ModifierArguments>
	<ModifierStrings>
		<Row ModifierId="YNL_HAKUSHIN_KARATE_SPECIFIC_UNIT_COMBAT_MODIFIER" Context="Preview" Text="LOC_ABILITY_YNL_HAKUSHIN_KARATE_SPECIFIC_UNIT_COMBAT_MODIFIER_DESCRIPTION"/>
		<Row ModifierId="YNL_BLACK_CAR_NEGATIVE_COMBAT_MODIFIER"            Context="Preview" Text="LOC_ABILITY_YNL_BLACK_CAR_NEGATIVE_COMBAT_MODIFIER_DESCRIPTION"/>
		<Row ModifierId="YNL_FRANCISCA_ANTI_MELEE_COMBAT_BONUS"             Context="Preview" Text="LOC_ABILITY_YNL_FRANCISCA_ANTI_MELEE_COMBAT_BONUS_DESCRIPTION"/>
	</ModifierStrings>

	<RequirementSets>
		<Row>
			<RequirementSetId>YNL_HAKUSHIN_KARATE_SPECIFIC_UNIT_REQUIREMENTS</RequirementSetId>
			<RequirementSetType>REQUIREMENTSET_TEST_ANY</RequirementSetType>
		</Row>
		<Row>
			<RequirementSetId>MELEE_OPPONENT_REQUIREMENTS_YNL</RequirementSetId>
			<RequirementSetType>REQUIREMENTSET_TEST_ALL</RequirementSetType>
		</Row>
	</RequirementSets>
	<RequirementSetRequirements>
		<Row>
			<RequirementSetId>YNL_HAKUSHIN_KARATE_SPECIFIC_UNIT_REQUIREMENTS</RequirementSetId>
			<RequirementId>REQUIRES_UNIT_NEXT_TO_FIELD_CANNON_YNL</RequirementId>
		</Row>
		<Row>
			<RequirementSetId>YNL_HAKUSHIN_KARATE_SPECIFIC_UNIT_REQUIREMENTS</RequirementSetId>
			<RequirementId>REQUIRES_UNIT_NEXT_TO_CUIRASSIER_YNL</RequirementId>
		</Row>
		<Row>
			<RequirementSetId>YNL_HAKUSHIN_KARATE_SPECIFIC_UNIT_REQUIREMENTS</RequirementSetId>
			<RequirementId>REQUIRES_UNIT_NEXT_TO_CAVALRY_YNL</RequirementId>
		</Row>
		<Row>
			<RequirementSetId>YNL_HAKUSHIN_KARATE_SPECIFIC_UNIT_REQUIREMENTS</RequirementSetId>
			<RequirementId>REQUIRES_UNIT_NEXT_TO_RANGER_YNL</RequirementId>
		</Row>
		<Row>
			<RequirementSetId>YNL_HAKUSHIN_KARATE_SPECIFIC_UNIT_REQUIREMENTS</RequirementSetId>
			<RequirementId>REQUIRES_UNIT_NEXT_TO_INFANTRY_YNL</RequirementId>
		</Row>
		<Row>
			<RequirementSetId>YNL_HAKUSHIN_KARATE_SPECIFIC_UNIT_REQUIREMENTS</RequirementSetId>
			<RequirementId>REQUIRES_UNIT_NEXT_TO_ARTILLERY_YNL</RequirementId>
		</Row>
			<Row>
			<RequirementSetId>YNL_HAKUSHIN_KARATE_SPECIFIC_UNIT_REQUIREMENTS</RequirementSetId>
			<RequirementId>REQUIRES_UNIT_NEXT_TO_AT_CREW_YNL</RequirementId>
		</Row>
		<Row>
			<RequirementSetId>YNL_HAKUSHIN_KARATE_SPECIFIC_UNIT_REQUIREMENTS</RequirementSetId>
			<RequirementId>REQUIRES_UNIT_NEXT_TO_TANK_YNL</RequirementId>
		</Row>
		<Row>
			<RequirementSetId>YNL_HAKUSHIN_KARATE_SPECIFIC_UNIT_REQUIREMENTS</RequirementSetId>
			<RequirementId>REQUIRES_UNIT_NEXT_TO_MACHINE_GUN_YNL</RequirementId>
		</Row>
		<Row>
			<RequirementSetId>YNL_HAKUSHIN_KARATE_SPECIFIC_UNIT_REQUIREMENTS</RequirementSetId>
			<RequirementId>REQUIRES_UNIT_NEXT_TO_SPEC_OPS_YNL</RequirementId>
		</Row>
			<Row>
			<RequirementSetId>YNL_HAKUSHIN_KARATE_SPECIFIC_UNIT_REQUIREMENTS</RequirementSetId>
			<RequirementId>REQUIRES_UNIT_NEXT_TO_HELICOPTER_YNL</RequirementId>
		</Row>
		<Row>
			<RequirementSetId>YNL_HAKUSHIN_KARATE_SPECIFIC_UNIT_REQUIREMENTS</RequirementSetId>
			<RequirementId>REQUIRES_UNIT_NEXT_TO_MECHANIZED_INFANTRY_YNL</RequirementId>
		</Row>
			<Row>
			<RequirementSetId>YNL_HAKUSHIN_KARATE_SPECIFIC_UNIT_REQUIREMENTS</RequirementSetId>
			<RequirementId>REQUIRES_UNIT_NEXT_TO_ROCKET_ARTILLERY_YNL</RequirementId>
		</Row>
		<Row>
			<RequirementSetId>YNL_HAKUSHIN_KARATE_SPECIFIC_UNIT_REQUIREMENTS</RequirementSetId>
			<RequirementId>REQUIRES_UNIT_NEXT_TO_MODERN_AT_YNL</RequirementId>
		</Row>
			<Row>
			<RequirementSetId>YNL_HAKUSHIN_KARATE_SPECIFIC_UNIT_REQUIREMENTS</RequirementSetId>
			<RequirementId>REQUIRES_UNIT_NEXT_TO_MODERN_ARMOR_YNL</RequirementId>
		</Row>
		<Row>
			<RequirementSetId>YNL_HAKUSHIN_KARATE_SPECIFIC_UNIT_REQUIREMENTS</RequirementSetId>
			<RequirementId>REQUIRES_UNIT_NEXT_TO_GIANT_DEATH_ROBOT_YNL</RequirementId>
		</Row>
		<Row>
			<RequirementSetId>MELEE_OPPONENT_REQUIREMENTS_YNL</RequirementSetId>
			<RequirementId>OPPONENT_IS_PROMOTION_CLASS_MELEE</RequirementId><!-- バニラにある -->
		</Row>
	</RequirementSetRequirements>
	<Requirements>
		<Row>
			<RequirementId>REQUIRES_UNIT_NEXT_TO_FIELD_CANNON_YNL</RequirementId>
			<RequirementType>REQUIREMENT_PLOT_ADJACENT_FRIENDLY_UNIT_TYPE_MATCHES</RequirementType>
		</Row>
		<Row>
			<RequirementId>REQUIRES_UNIT_NEXT_TO_CUIRASSIER_YNL</RequirementId>
			<RequirementType>REQUIREMENT_PLOT_ADJACENT_FRIENDLY_UNIT_TYPE_MATCHES</RequirementType>
		</Row>
		<Row>
			<RequirementId>REQUIRES_UNIT_NEXT_TO_CAVALRY_YNL</RequirementId>
			<RequirementType>REQUIREMENT_PLOT_ADJACENT_FRIENDLY_UNIT_TYPE_MATCHES</RequirementType>
		</Row>
		<Row>
			<RequirementId>REQUIRES_UNIT_NEXT_TO_RANGER_YNL</RequirementId>
			<RequirementType>REQUIREMENT_PLOT_ADJACENT_FRIENDLY_UNIT_TYPE_MATCHES</RequirementType>
		</Row>
		<Row>
			<RequirementId>REQUIRES_UNIT_NEXT_TO_INFANTRY_YNL</RequirementId>
			<RequirementType>REQUIREMENT_PLOT_ADJACENT_FRIENDLY_UNIT_TYPE_MATCHES</RequirementType>
		</Row>
		<Row>
			<RequirementId>REQUIRES_UNIT_NEXT_TO_ARTILLERY_YNL</RequirementId>
			<RequirementType>REQUIREMENT_PLOT_ADJACENT_FRIENDLY_UNIT_TYPE_MATCHES</RequirementType>
		</Row>
		<Row>
			<RequirementId>REQUIRES_UNIT_NEXT_TO_AT_CREW_YNL</RequirementId>
			<RequirementType>REQUIREMENT_PLOT_ADJACENT_FRIENDLY_UNIT_TYPE_MATCHES</RequirementType>
		</Row>
		<Row>
			<RequirementId>REQUIRES_UNIT_NEXT_TO_TANK_YNL</RequirementId>
			<RequirementType>REQUIREMENT_PLOT_ADJACENT_FRIENDLY_UNIT_TYPE_MATCHES</RequirementType>
		</Row>
			<Row>
			<RequirementId>REQUIRES_UNIT_NEXT_TO_MACHINE_GUN_YNL</RequirementId>
			<RequirementType>REQUIREMENT_PLOT_ADJACENT_FRIENDLY_UNIT_TYPE_MATCHES</RequirementType>
		</Row>
		<Row>
			<RequirementId>REQUIRES_UNIT_NEXT_TO_SPEC_OPS_YNL</RequirementId>
			<RequirementType>REQUIREMENT_PLOT_ADJACENT_FRIENDLY_UNIT_TYPE_MATCHES</RequirementType>
		</Row>
		<Row>
			<RequirementId>REQUIRES_UNIT_NEXT_TO_HELICOPTER_YNL</RequirementId>
			<RequirementType>REQUIREMENT_PLOT_ADJACENT_FRIENDLY_UNIT_TYPE_MATCHES</RequirementType>
		</Row>
		<Row>
			<RequirementId>REQUIRES_UNIT_NEXT_TO_MECHANIZED_INFANTRY_YNL</RequirementId>
			<RequirementType>REQUIREMENT_PLOT_ADJACENT_FRIENDLY_UNIT_TYPE_MATCHES</RequirementType>
		</Row>
		<Row>
			<RequirementId>REQUIRES_UNIT_NEXT_TO_ROCKET_ARTILLERY_YNL</RequirementId>
			<RequirementType>REQUIREMENT_PLOT_ADJACENT_FRIENDLY_UNIT_TYPE_MATCHES</RequirementType>
		</Row>
		<Row>
			<RequirementId>REQUIRES_UNIT_NEXT_TO_MODERN_AT_YNL</RequirementId>
			<RequirementType>REQUIREMENT_PLOT_ADJACENT_FRIENDLY_UNIT_TYPE_MATCHES</RequirementType>
		</Row>
		<Row>
			<RequirementId>REQUIRES_UNIT_NEXT_TO_MODERN_ARMOR_YNL</RequirementId>
			<RequirementType>REQUIREMENT_PLOT_ADJACENT_FRIENDLY_UNIT_TYPE_MATCHES</RequirementType>
		</Row>
		<Row>
			<RequirementId>REQUIRES_UNIT_NEXT_TO_GIANT_DEATH_ROBOT_YNL</RequirementId>
			<RequirementType>REQUIREMENT_PLOT_ADJACENT_FRIENDLY_UNIT_TYPE_MATCHES</RequirementType>
		</Row>
	</Requirements>
	<RequirementArguments>
		<!-- 野戦砲 -->
		<Row>
			<RequirementId>REQUIRES_UNIT_NEXT_TO_FIELD_CANNON_YNL</RequirementId>
			<Name>UnitType</Name>
			<Value>UNIT_FIELD_CANNON</Value>
		</Row>
		<!-- 胸甲騎兵 -->
		<Row>
			<RequirementId>REQUIRES_UNIT_NEXT_TO_CUIRASSIER_YNL</RequirementId>
			<Name>UnitType</Name>
			<Value>UNIT_CUIRASSIER</Value>
		</Row>
		<!-- 騎兵 -->
		<Row>
			<RequirementId>REQUIRES_UNIT_NEXT_TO_CAVALRY_YNL</RequirementId>
			<Name>UnitType</Name>
			<Value>UNIT_CAVALRY</Value>
		</Row>
		<!-- レンジャー -->
		<Row>
			<RequirementId>REQUIRES_UNIT_NEXT_TO_RANGER_YNL</RequirementId>
			<Name>UnitType</Name>
			<Value>UNIT_RANGER</Value>
		</Row>
		<!-- 歩兵 -->
		<Row>
			<RequirementId>REQUIRES_UNIT_NEXT_TO_INFANTRY_YNL</RequirementId>
			<Name>UnitType</Name>
			<Value>UNIT_INFANTRY</Value>
		</Row>
		<!-- 大砲 -->
		<Row>
			<RequirementId>REQUIRES_UNIT_NEXT_TO_ARTILLERY_YNL</RequirementId>
			<Name>UnitType</Name>
			<Value>UNIT_ARTILLERY</Value>
		</Row>
		<!-- 対戦車兵 -->
		<Row>
			<RequirementId>REQUIRES_UNIT_NEXT_TO_AT_CREW_YNL</RequirementId>
			<Name>UnitType</Name>
			<Value>UNIT_AT_CREW</Value>
		</Row>
		<!-- 戦車 -->
		<Row>
			<RequirementId>REQUIRES_UNIT_NEXT_TO_TANK_YNL</RequirementId>
			<Name>UnitType</Name>
			<Value>UNIT_TANK</Value>
		</Row>
		<!-- 機関銃 -->
		<Row>
			<RequirementId>REQUIRES_UNIT_NEXT_TO_MACHINE_GUN_YNL</RequirementId>
			<Name>UnitType</Name>
			<Value>UNIT_MACHINE_GUN</Value>
		</Row>
		<!-- 特殊部隊 -->
		<Row>
			<RequirementId>REQUIRES_UNIT_NEXT_TO_SPEC_OPS_YNL</RequirementId>
			<Name>UnitType</Name>
			<Value>UNIT_SPEC_OPS</Value>
		</Row>
		<!-- ヘリコプター -->
		<Row>
			<RequirementId>REQUIRES_UNIT_NEXT_TO_HELICOPTER_YNL</RequirementId>
			<Name>UnitType</Name>
			<Value>UNIT_HELICOPTER</Value>
		</Row>
		<!-- 機械化歩兵 -->
		<Row>
			<RequirementId>REQUIRES_UNIT_NEXT_TO_MECHANIZED_INFANTRY_YNL</RequirementId>
			<Name>UnitType</Name>
			<Value>UNIT_MECHANIZED_INFANTRY</Value>
		</Row>
		<!-- ロケット砲 -->
		<Row>
			<RequirementId>REQUIRES_UNIT_NEXT_TO_ROCKET_ARTILLERY_YNL</RequirementId>
			<Name>UnitType</Name>
			<Value>UNIT_ROCKET_ARTILLERY</Value>
		</Row>
		<!-- 近代的対戦車兵 -->
		<Row>
			<RequirementId>REQUIRES_UNIT_NEXT_TO_MODERN_AT_YNL</RequirementId>
			<Name>UnitType</Name>
			<Value>UNIT_MODERN_AT</Value>
		</Row>
		<!-- 近代的機甲部隊 -->
		<Row>
			<RequirementId>REQUIRES_UNIT_NEXT_TO_MODERN_ARMOR_YNL</RequirementId>
			<Name>UnitType</Name>
			<Value>UNIT_MODERN_ARMOR</Value>
		</Row>
		<!-- 巨大殺人ロボ -->
		<Row>
			<RequirementId>REQUIRES_UNIT_NEXT_TO_GIANT_DEATH_ROBOT_YNL</RequirementId>
			<Name>UnitType</Name>
			<Value>UNIT_GIANT_DEATH_ROBOT</Value>
		</Row>
	</RequirementArguments>
</GameInfo>
