<?xml version="1.0" encoding="utf-8"?>
<GameInfo>
	<Types>
		<!-- Promotion Classes -->
		<Row Type="PROMOTION_CLASS_HAKUSHIN_KARATE_YNL" Kind="KIND_PROMOTION_CLASS"/>
		<!-- 迫真空手 -->
		<Row Type="PROMOTION_HAKUSHIN_KARATE_YNL_BEASTCRY"        Kind="KIND_PROMOTION"/>
		<Row Type="PROMOTION_HAKUSHIN_KARATE_YNL_BACKSTAB"        Kind="KIND_PROMOTION"/>
		<Row Type="PROMOTION_HAKUSHIN_KARATE_YNL_EXPLODING_PALMS" Kind="KIND_PROMOTION"/>
		<Row Type="PROMOTION_HAKUSHIN_KARATE_YNL_SHUKUCHI"        Kind="KIND_PROMOTION"/>
		<Row Type="PROMOTION_HAKUSHIN_KARATE_YNL_CHARGE"          Kind="KIND_PROMOTION"/>
		<Row Type="PROMOTION_HAKUSHIN_KARATE_YNL_DANCING_BEAST"   Kind="KIND_PROMOTION"/>
		<Row Type="PROMOTION_HAKUSHIN_KARATE_YNL_COBRA_STRIKE"    Kind="KIND_PROMOTION"/>
	</Types>
	<!-- Promotion Tags, these are defined in the Units.XML -->
	<UnitPromotionClasses>
		<Row PromotionClassType="PROMOTION_CLASS_HAKUSHIN_KARATE_YNL" Name="LOC_PROMOTION_CLASS_HAKUSHIN_KARATE_YNL_NAME"/>
	</UnitPromotionClasses>
	<UnitPromotions>
		<!-- 迫真空手 -->
		<Row UnitPromotionType="PROMOTION_HAKUSHIN_KARATE_YNL_BEASTCRY"        Name="LOC_PROMOTION_HAKUSHIN_KARATE_YNL_BEASTCRY_NAME"        Description="LOC_PROMOTION_HAKUSHIN_KARATE_YNL_BEASTCRY_DESCRIPTION"        Level="1" Column="1" PromotionClass="PROMOTION_CLASS_HAKUSHIN_KARATE_YNL"/>
		<Row UnitPromotionType="PROMOTION_HAKUSHIN_KARATE_YNL_BACKSTAB"        Name="LOC_PROMOTION_HAKUSHIN_KARATE_YNL_BACKSTAB_NAME"        Description="LOC_PROMOTION_HAKUSHIN_KARATE_YNL_BACKSTAB_DESCRIPTION"        Level="1" Column="3" PromotionClass="PROMOTION_CLASS_HAKUSHIN_KARATE_YNL"/>
		<Row UnitPromotionType="PROMOTION_HAKUSHIN_KARATE_YNL_EXPLODING_PALMS" Name="LOC_PROMOTION_HAKUSHIN_KARATE_YNL_EXPLODING_PALMS_NAME" Description="LOC_PROMOTION_HAKUSHIN_KARATE_YNL_EXPLODING_PALMS_DESCRIPTION" Level="2" Column="1" PromotionClass="PROMOTION_CLASS_HAKUSHIN_KARATE_YNL"/>
		<Row UnitPromotionType="PROMOTION_HAKUSHIN_KARATE_YNL_SHUKUCHI"        Name="LOC_PROMOTION_HAKUSHIN_KARATE_YNL_SHUKUCHI_NAME"        Description="LOC_PROMOTION_HAKUSHIN_KARATE_YNL_SHUKUCHI_DESCRIPTION"        Level="2" Column="3" PromotionClass="PROMOTION_CLASS_HAKUSHIN_KARATE_YNL"/>
		<Row UnitPromotionType="PROMOTION_HAKUSHIN_KARATE_YNL_CHARGE"          Name="LOC_PROMOTION_HAKUSHIN_KARATE_YNL_CHARGE_NAME"          Description="LOC_PROMOTION_HAKUSHIN_KARATE_YNL_CHARGE_DESCRIPTION"          Level="3" Column="1" PromotionClass="PROMOTION_CLASS_HAKUSHIN_KARATE_YNL"/>
		<Row UnitPromotionType="PROMOTION_HAKUSHIN_KARATE_YNL_DANCING_BEAST"   Name="LOC_PROMOTION_HAKUSHIN_KARATE_YNL_DANCING_BEAST_NAME"   Description="LOC_PROMOTION_HAKUSHIN_KARATE_YNL_DANCING_BEAST_DESCRIPTION"   Level="3" Column="3" PromotionClass="PROMOTION_CLASS_HAKUSHIN_KARATE_YNL"/>
		<Row UnitPromotionType="PROMOTION_HAKUSHIN_KARATE_YNL_COBRA_STRIKE"    Name="LOC_PROMOTION_HAKUSHIN_KARATE_YNL_COBRA_STRIKE_NAME"    Description="LOC_PROMOTION_HAKUSHIN_KARATE_YNL_COBRA_STRIKE_DESCRIPTION"    Level="4" Column="2" PromotionClass="PROMOTION_CLASS_HAKUSHIN_KARATE_YNL"/>
	</UnitPromotions>
	<UnitPromotionPrereqs>
		<!-- 迫真空手 -->
		<Row UnitPromotion="PROMOTION_HAKUSHIN_KARATE_YNL_EXPLODING_PALMS" PrereqUnitPromotion="PROMOTION_HAKUSHIN_KARATE_YNL_BEASTCRY"/>
		<Row UnitPromotion="PROMOTION_HAKUSHIN_KARATE_YNL_EXPLODING_PALMS" PrereqUnitPromotion="PROMOTION_HAKUSHIN_KARATE_YNL_BACKSTAB"/>
		<Row UnitPromotion="PROMOTION_HAKUSHIN_KARATE_YNL_SHUKUCHI"        PrereqUnitPromotion="PROMOTION_HAKUSHIN_KARATE_YNL_BEASTCRY"/>
		<Row UnitPromotion="PROMOTION_HAKUSHIN_KARATE_YNL_SHUKUCHI"        PrereqUnitPromotion="PROMOTION_HAKUSHIN_KARATE_YNL_BACKSTAB"/>
		<Row UnitPromotion="PROMOTION_HAKUSHIN_KARATE_YNL_CHARGE"          PrereqUnitPromotion="PROMOTION_HAKUSHIN_KARATE_YNL_EXPLODING_PALMS"/>
		<Row UnitPromotion="PROMOTION_HAKUSHIN_KARATE_YNL_CHARGE"          PrereqUnitPromotion="PROMOTION_HAKUSHIN_KARATE_YNL_SHUKUCHI"/>
		<Row UnitPromotion="PROMOTION_HAKUSHIN_KARATE_YNL_DANCING_BEAST"   PrereqUnitPromotion="PROMOTION_HAKUSHIN_KARATE_YNL_EXPLODING_PALMS"/>
		<Row UnitPromotion="PROMOTION_HAKUSHIN_KARATE_YNL_DANCING_BEAST"   PrereqUnitPromotion="PROMOTION_HAKUSHIN_KARATE_YNL_SHUKUCHI"/>
		<Row UnitPromotion="PROMOTION_HAKUSHIN_KARATE_YNL_COBRA_STRIKE"    PrereqUnitPromotion="PROMOTION_HAKUSHIN_KARATE_YNL_CHARGE"/>
		<Row UnitPromotion="PROMOTION_HAKUSHIN_KARATE_YNL_COBRA_STRIKE"    PrereqUnitPromotion="PROMOTION_HAKUSHIN_KARATE_YNL_DANCING_BEAST"/>
	</UnitPromotionPrereqs>
	<UnitPromotionModifiers>
		<!-- ========== 迫真空手 ========== -->
		<!-- 野獣の咆哮 -->
		<Row>
			<!-- 近接使い回し：陸上近接、陸上遠距離に対し戦闘力+7 -->
			<UnitPromotionType>PROMOTION_HAKUSHIN_KARATE_YNL_BEASTCRY</UnitPromotionType>
			<ModifierId>BATTLECRY_BONUS_VS_MELEE_RANGED</ModifierId>
		</Row>
		<!-- バックスタブ -->
		<Row>
			<!-- 武僧使い回し：側面攻撃2倍 -->
			<UnitPromotionType>PROMOTION_HAKUSHIN_KARATE_YNL_BACKSTAB</UnitPromotionType>
			<ModifierId>DOUBLE_ENVELOPMENT_BONUS_FLANKING_BONUS_MODIFIER</ModifierId>
		</Row>
		<Row>
			<!-- 武僧使い回し：隣接するまで発見されない -->
			<UnitPromotionType>PROMOTION_HAKUSHIN_KARATE_YNL_BACKSTAB</UnitPromotionType>
			<ModifierId>CAMOUFLAGE_STEALTH</ModifierId>
		</Row>
		<!-- 汚物掌 -->
		<Row>
			<!-- 武僧使い回し：戦闘力+10 -->
			<UnitPromotionType>PROMOTION_HAKUSHIN_KARATE_YNL_EXPLODING_PALMS</UnitPromotionType>
			<ModifierId>EXPLODING_PALMS_INCREASED_COMBAT_STRENGTH</ModifierId>
		</Row>
		<!-- 縮地 -->
		<Row>
			<!-- 近接使い回し：崖を無視 -->
			<UnitPromotionType>PROMOTION_HAKUSHIN_KARATE_YNL_SHUKUCHI</UnitPromotionType>
			<ModifierId>COMMANDO_BONUS_IGNORE_CLIFF_WALLS</ModifierId>
		</Row>
		<Row>
			<!-- 武僧使い回し：移動力+1 -->
			<UnitPromotionType>PROMOTION_HAKUSHIN_KARATE_YNL_SHUKUCHI</UnitPromotionType>
			<ModifierId>DANCING_CRANE_BONUS_MOVEMENT</ModifierId>
		</Row>
		<!-- 猪突猛進 -->
		<Row>
			<!-- 重騎兵使い回し：防御している相手に戦闘力+10 -->
			<UnitPromotionType>PROMOTION_HAKUSHIN_KARATE_YNL_CHARGE</UnitPromotionType>
			<ModifierId>CHARGE_BONUS_VS_FORTIFIED</ModifierId>
		</Row>
		<!-- 野獣の舞 -->
		<Row>
			<!-- 武僧使い回し：攻撃回数+1 -->
			<UnitPromotionType>PROMOTION_HAKUSHIN_KARATE_YNL_DANCING_BEAST</UnitPromotionType>
			<ModifierId>SWEEPING_WIND_ADDITIONAL_ATTACK</ModifierId>
		</Row>
		<Row>
			<!-- 武僧使い回し：攻撃後に移動可能 -->
			<UnitPromotionType>PROMOTION_HAKUSHIN_KARATE_YNL_DANCING_BEAST</UnitPromotionType>
			<ModifierId>MOD_MOVE_AFTER_ATTACKING</ModifierId>
		</Row>
		<!-- 致命打 -->
		<Row>
			<!-- 武僧使い回し：攻撃力+15 -->
			<UnitPromotionType>PROMOTION_HAKUSHIN_KARATE_YNL_COBRA_STRIKE</UnitPromotionType>
			<ModifierId>COBRA_STRIKE_INCREASED_COMBAT_STRENGTH</ModifierId>
		</Row>
	</UnitPromotionModifiers>
	<Modifiers>
	
	</Modifiers>
	<ModifierArguments>

	</ModifierArguments>
	<RequirementSets>

	</RequirementSets>
	<RequirementSetRequirements>

	</RequirementSetRequirements>
	<Requirements>

	</Requirements>
	<RequirementArguments>

	</RequirementArguments>
	<ModifierStrings>
		
	</ModifierStrings>
</GameInfo>
