<?xml version="1.0" encoding="utf-8"?>
<Database>
	<PlayerColors>
		<Row>
			<Type>LEADER_YNL_TAMAMO</Type>
			<Usage>Unique</Usage>
			<PrimaryColor>COLOR_PLAYER_LEADER_YNL_TAMAMO_PRIMARY</PrimaryColor>
			<SecondaryColor>COLOR_PLAYER_LEADER_YNL_TAMAMO_SECONDARY</SecondaryColor>
			<Alt1PrimaryColor>COLOR_STANDARD_MAGENTA_LT</Alt1PrimaryColor>
			<Alt1SecondaryColor>COLOR_STANDARD_GREEN_MD</Alt1SecondaryColor>
			<Alt2PrimaryColor>COLOR_STANDARD_PURPLE_LT</Alt2PrimaryColor>
			<Alt2SecondaryColor>COLOR_STANDARD_ORANGE_DK</Alt2SecondaryColor>
			<Alt3PrimaryColor>COLOR_STANDARD_YELLOW_LT</Alt3PrimaryColor>
			<Alt3SecondaryColor>COLOR_STANDARD_RED_MD</Alt3SecondaryColor>
		</Row>
	</PlayerColors>
</Database>
