<?xml version="1.0" encoding="utf-8"?>
<GameData>
	<LocalizedText>
		<Row Tag="LOC_CIVILIZATION_PEOPLESOFTHESEA_NAME" Language="en_US">
			<Text>Peoples of the Sea</Text>
		</Row>

		<Row Tag="LOC_CIVILIZATION_PEOPLESOFTHESEA_DESCRIPTION" Language="en_US">
			<Text>Peoples of the Sea</Text>
		</Row>

		<Row Tag="LOC_CIVILIZATION_PEOPLESOFTHESEA_ADJECTIVE" Language="en_US">
			<Text>Peoples of the Sea</Text>
		</Row>

		<Row Tag="LOC_LEADER_YNL_NAGATO_NAME" Language="en_US">
			<Text>Nagato</Text>
		</Row>
		<Row Tag="LOC_LEADER_YNL_MUTSU_NAME" Language="en_US">
			<Text>Mutsu</Text>
		</Row>

		<Row Tag="LOC_TRAIT_CIVILIZATION_PEOPLESOFTHESEA_NAME" Language="en_US">
			<Text>Peoples of the Sea</Text>
		</Row>
		<Row Tag="LOC_TRAIT_CIVILIZATION_PEOPLESOFTHESEA_DESCRIPTION" Language="en_US">
			<Text>All units gain ocean navigation capability as they can get on board.[NEWLINE]Gain one free builder at the beginning of each new era.[NEWLINE] +1 [ICON_Culture] Culture and +1 [ICON_Science] Science from coast and ocean.</Text>
		</Row>

		<Row Tag="LOC_TRAIT_LEADER_YNL_NAGATO_NAME" Language="en_US">
			<Text>Big seven's Power(Nagato)</Text>
		</Row>
		<Row Tag="LOC_TRAIT_LEADER_YNL_MUTSU_NAME" Language="en_US">
			<Text>Big seven's Power(Mutsu)</Text>
		</Row>
		<Row Tag="LOC_TRAIT_LEADER_YNL_NAGATO_DESCRIPTION" Language="en_US">
			<Text>When they eliminate a unit, they heal up to 50 hit points.[NEWLINE]Allows coastal raiding for all naval melee units. Culture Bomb adjacent tiles when completing an Encampment or Industrial Zone inside friendly territory.</Text>
		</Row>
		<Row Tag="LOC_TRAIT_LEADER_YNL_MUTSU_DESCRIPTION" Language="en_US">
			<Text>Allows coastal raiding for all naval melee units.[NEWLINE]Holy Site and Harbor districts in half the time.[NEWLINE]Builders receive an additional charge.</Text>
		</Row>

		<Row Tag="LOC_BUILDING_IMP_NAVYYARD_NAME" Language="en_US">
			<Text>Imperial Navy Yard</Text>
		</Row>
		<Row Tag="LOC_BUILDING_IMP_NAVYYARD_DESCRIPTION" Language="en_US">
			<Text>A building unique to Peoples of the Sea. +25% combat experience for all naval units trained in this city. Bonus [ICON_Production] Production equal to the adjacency bonus of the Harbor district. +2 [ICON_Science] Science, +1 [ICON_Housing] Housing. +2 [ICON_GreatAdmiral] great admiral points per turn. +1 [ICON_FOOD] Food for each House Boat in this city.</Text>
		</Row>
		<Row Tag="LOC_BUILDING_IMP_NAVYYARD_EXPANSION2_DESCRIPTION" Language="en_US">
			<Text>A building unique to Peoples of the Sea. +25% combat experience for all naval units trained in this city. Bonus [ICON_Production] Production equal to the adjacency bonus of the Harbor district. +2 [ICON_Science] Science, +1 [ICON_Housing] Housing. +2 [ICON_GreatAdmiral] great admiral points per turn. +1 [ICON_FOOD] Food for each House Boat in this city. +1 [ICON_PRODUCTION] Production on all unimproved Coast tiles for this city. </Text>
		</Row>
		<Row Tag="LOC_TRAIT_CIVILIZATION_BUILDING_IMP_NAVYYARD_NAME" Language="en_US">
			<Text>Peoples of the Sea unique building: Imperial Navy Yard</Text>
		</Row>
		<Row Tag="LOC_PEDIA_BUILDINGS_PAGE_BUILDING_IMP_NAVYYARD_CHAPTER_HISTORY_PARA_1" Language="en_US">
			<Text></Text>
		</Row>

		<Row Tag="LOC_IMPROVEMENT_HOUSEBOAT_NAME" Language="en_US">
			<Text>House Boat</Text>
		</Row>
		<Row Tag="LOC_IMPROVEMENT_HOUSEBOAT_DESCRIPTION" Language="en_US">
			<Text>Unlocks the Builder ability to construct a House Boat, unique to Sea of the Peoples.[NEWLINE][NEWLINE]+1 [ICON_Gold] Gold, [ICON_Production] Production and +1 [ICON_Housing] Housing. Can be built on Coasts and Oceans. </Text>
		</Row>
		<Row Tag="LOC_TRAIT_CIVILIZATION_IMPROVEMENT_HOUSEBOAT_NAME" Language="en_US">
			<Text>Sea of the pepoles unique improvement: House Boat</Text>
		</Row>
		<Row Tag="LOC_PEDIA_IMPROVEMENTS_PAGE_IMPROVEMENT_HOUSEBOAT_CHAPTER_HISTORY_PARA_1" Language="en_US">
			<Text></Text>
		</Row>

		<Row Tag="LOC_PEDIA_UNITS_PAGE_UNIT_UNIQUE_BATTLESHIP_NAGATO_CHAPTER_HISTORY_PARA_1" Language="en_US">
			<Text></Text>
		</Row>
		<Row Tag="LOC_TRAIT_CIVILIZATION_UNIT_UNIQUE_BATTLESHIP_NAGATO_NAME" Language="en_US">
			<Text>Peoples of the Sea unique unit: Nagato Class Battleship</Text>
		</Row>
		<Row Tag="LOC_UNIT_UNIQUE_BATTLESHIP_NAGATO_DESCRIPTION" Language="en_US">
			<Text>Peoples of the Sea unique unit that replaces the Battleship. Stronger than the Normal Battleship. 4 [ICON_Movement] Movement. +10 [ICON_Strength] Combat Strength if there is at least one Destroyer adjacent.</Text>
		</Row>
		<Row Tag="LOC_UNIT_UNIQUE_BATTLESHIP_NAGATO_NAME" Language="en_US">
			<Text>Nagato Class Battleship</Text>
		</Row>

		<Row Tag="LOC_PEDIA_UNITS_PAGE_UNIT_UNIQUE_MISSILE_CRUISER_NAGATO_CHAPTER_HISTORY_PARA_1" Language="en_US">
			<Text></Text>
		</Row>
		<Row Tag="LOC_TRAIT_CIVILIZATION_UNIT_UNIQUE_MISSILE_CRUISER_NAGATO_NAME" Language="en_US">
			<Text>Peoples of the Sea unique unit: Nagato Class DDG</Text>
		</Row>
		<Row Tag="LOC_UNIT_UNIQUE_MISSILE_CRUISER_NAGATO_DESCRIPTION" Language="en_US">
			<Text>Peoples of the Sea unique unit that replaces the Missile Cruiser. Stronger than the Normal Missile Cruiser. +10 [ICON_Strength] Combat Strength when defending against ranged units.</Text>
		</Row>
		<Row Tag="LOC_UNIT_UNIQUE_MISSILE_CRUISER_NAGATO_NAME" Language="en_US">
			<Text>Nagato Class DDG</Text>
		</Row>
	</LocalizedText>
</GameData>
