<?xml version="1.0" encoding="utf-8"?>
<GameData>
	<LocalizedText>
		<!-- Leader specific pedia text. -->
		<Row Tag="LOC_PEDIA_LEADERS_PAGE_LEADER_YNL_NAGATO_CHAPTER_CAPSULE_BODY" Language="en_US">
			<Text>The 1st Battleship of Nagato Battleship Class "Nagato"</Text>
		</Row>
		<Row Tag="LOC_PEDIA_LEADERS_PAGE_LEADER_YNL_MUTSU_CHAPTER_CAPSULE_BODY" Language="en_US">
			<Text>The 2nd Battleship of Nagato Battleship Class "Mutsu"</Text>
		</Row>
		<Row Tag="LOC_PEDIA_LEADERS_PAGE_LEADER_YNL_NAGATO_CHAPTER_DETAILED_BODY" Language="en_US">
			<Text></Text>
		</Row>
		<Row Tag="LOC_PEDIA_LEADERS_PAGE_LEADER_YNL_MUTSU_CHAPTER_DETAILED_BODY" Language="en_US">
			<Text></Text>
		</Row>

		<!-- Leader specific historical text. -->
		<Row Tag="LOC_PEDIA_LEADERS_PAGE_LEADER_YNL_NAGATO_CHAPTER_HISTORY_PARA_1" Language="en_US">
			<Text></Text>
		</Row>
		<Row Tag="LOC_PEDIA_LEADERS_PAGE_LEADER_YNL_MUTSU_CHAPTER_HISTORY_PARA_1" Language="en_US">
			<Text></Text>
		</Row>

		<!-- Civilization specific historical text. -->
		<Row Tag="LOC_PEDIA_CIVILIZATIONS_PAGE_CIVILIZATION_PEOPLESOFTHESEA_CHAPTER_HISTORY_PARA_1" Language="en_US">
			<Text></Text>
		</Row>

		<!-- Civlization Citizen Names -->
		<Row Tag="LOC_CITIZEN_PEOPLESOFTHESEA_FEMALE_1" Language="en_US">
			<Text>Shiratsuyu</Text>
		</Row>
		<Row Tag="LOC_CITIZEN_PEOPLESOFTHESEA_FEMALE_2" Language="en_US">
			<Text>Shigure</Text>
		</Row>
		<Row Tag="LOC_CITIZEN_PEOPLESOFTHESEA_FEMALE_3" Language="en_US">
			<Text>Murasame</Text>
		</Row>
		<Row Tag="LOC_CITIZEN_PEOPLESOFTHESEA_FEMALE_4" Language="en_US">
			<Text>Yuudachi</Text>
		</Row>
		<Row Tag="LOC_CITIZEN_PEOPLESOFTHESEA_FEMALE_5" Language="en_US">
			<Text>Harusame</Text>
		</Row>
		<Row Tag="LOC_CITIZEN_PEOPLESOFTHESEA_FEMALE_6" Language="en_US">
			<Text>Samidare</Text>
		</Row>
		<Row Tag="LOC_CITIZEN_PEOPLESOFTHESEA_FEMALE_7" Language="en_US">
			<Text>Umikaze</Text>
		</Row>
		<Row Tag="LOC_CITIZEN_PEOPLESOFTHESEA_FEMALE_8" Language="en_US">
			<Text>Yamakaze</Text>
		</Row>
		<Row Tag="LOC_CITIZEN_PEOPLESOFTHESEA_FEMALE_9" Language="en_US">
			<Text>Kawakaze</Text>
		</Row>
		<Row Tag="LOC_CITIZEN_PEOPLESOFTHESEA_FEMALE_10" Language="en_US">
			<Text>Suzukaze</Text>
		</Row>

		<!-- Civilization City Names-->
		<Row Tag="LOC_CIVLIZATION_PEOPLESOFTHESEA_CITY_1" Language="en_US">
			<Text>Kure</Text>
		</Row>
		<Row Tag="LOC_CIVLIZATION_PEOPLESOFTHESEA_CITY_2" Language="en_US">
			<Text>Toba</Text>
		</Row>
		<Row Tag="LOC_CIVLIZATION_PEOPLESOFTHESEA_CITY_3" Language="en_US">
			<Text>Mekawa</Text>
		</Row>
		<Row Tag="LOC_CIVLIZATION_PEOPLESOFTHESEA_CITY_4" Language="en_US">
			<Text>Senzaki</Text>
		</Row>
		<Row Tag="LOC_CIVLIZATION_PEOPLESOFTHESEA_CITY_5" Language="en_US">
			<Text>Takeshiki</Text>
		</Row>
		<Row Tag="LOC_CIVLIZATION_PEOPLESOFTHESEA_CITY_6" Language="en_US">
			<Text>Kagoshima</Text>
		</Row>
		<Row Tag="LOC_CIVLIZATION_PEOPLESOFTHESEA_CITY_7" Language="en_US">
			<Text>Kuji</Text>
		</Row>
		<Row Tag="LOC_CIVLIZATION_PEOPLESOFTHESEA_CITY_8" Language="en_US">
			<Text>Douzen</Text>
		</Row>
		<Row Tag="LOC_CIVLIZATION_PEOPLESOFTHESEA_CITY_9" Language="en_US">
			<Text>Nanao</Text>
		</Row>
		<Row Tag="LOC_CIVLIZATION_PEOPLESOFTHESEA_CITY_10" Language="en_US">
			<Text>Akkeshi</Text>
		</Row>
		<Row Tag="LOC_CIVLIZATION_PEOPLESOFTHESEA_CITY_11" Language="en_US">
			<Text>Kotoi</Text>
		</Row>
		<Row Tag="LOC_CIVLIZATION_PEOPLESOFTHESEA_CITY_12" Language="en_US">
			<Text>Makou</Text>
		</Row>
		<Row Tag="LOC_CIVLIZATION_PEOPLESOFTHESEA_CITY_13" Language="en_US">
			<Text>Ohminato</Text>
		</Row>
		<Row Tag="LOC_CIVLIZATION_PEOPLESOFTHESEA_CITY_14" Language="en_US">
			<Text>Ryojyun</Text>
		</Row>
		<Row Tag="LOC_CIVLIZATION_PEOPLESOFTHESEA_CITY_15" Language="en_US">
			<Text>Chinkai</Text>
		</Row>
		<Row Tag="LOC_CIVLIZATION_PEOPLESOFTHESEA_CITY_16" Language="en_US">
			<Text>Yokosuka</Text>
		</Row>
		<Row Tag="LOC_CIVLIZATION_PEOPLESOFTHESEA_CITY_17" Language="en_US">
			<Text>Quindao</Text>
		</Row>
		<Row Tag="LOC_CIVLIZATION_PEOPLESOFTHESEA_CITY_18" Language="en_US">
			<Text>Eikou</Text>
		</Row>
		<Row Tag="LOC_CIVLIZATION_PEOPLESOFTHESEA_CITY_19" Language="en_US">
			<Text>Tokuyama</Text>
		</Row>
		<Row Tag="LOC_CIVLIZATION_PEOPLESOFTHESEA_CITY_20" Language="en_US">
			<Text>Saeki</Text>
		</Row>

		<!-- Leader Quotes -->
		<Row Tag="LOC_LEADER_YNL_NAGATO_QUOTE" Language="en_US">
			<Text>Battleship Nagato, Weight anchor!</Text>
		</Row>
		<Row Tag="LOC_LEADER_YNL_MUTSU_QUOTE" Language="en_US">
			<Text>Battleship Mutsu, Weight anchor!</Text>
		</Row>

		<!-- Leader Dialog -->
		<Row Tag="LOC_DIPLO_ACCEPT_DECLARE_FRIEND_FROM_HUMAN_LEADER_YNL_NAGATO_ANY" Language="en_US">
			<Text>We are pleased to accept your offer of friendship.</Text>
		</Row>
		<Row Tag="LOC_DIPLO_REJECT_DECLARE_FRIEND_FROM_HUMAN_LEADER_YNL_NAGATO_ANY" Language="en_US">
			<Text>We are not interested at this time.</Text>
		</Row>
		<Row Tag="LOC_DIPLO_DECLARE_FRIEND_FROM_AI_LEADER_YNL_NAGATO_ANY" Language="en_US">
			<Text>Would you like to formally declare our friendship?</Text>
		</Row>
		<Row Tag="LOC_DIPLO_ACCEPT_DECLARE_FRIEND_FROM_AI_LEADER_YNL_NAGATO_ANY" Language="en_US">
			<Text>Wonderful.</Text>
		</Row>
		<Row Tag="LOC_DIPLO_REJECT_DECLARE_FRIEND_FROM_AI_LEADER_YNL_NAGATO_ANY" Language="en_US">
			<Text>That is unfortunate.</Text>
		</Row>
		<Row Tag="LOC_DIPLO_DECLARE_WAR_FROM_HUMAN_LEADER_YNL_NAGATO_ANY" Language="en_US">
			<Text>Hmph, don't underestimate me. </Text>
		</Row>
		<Row Tag="LOC_DIPLO_DECLARE_WAR_FROM_AI_LEADER_YNL_NAGATO_ANY" Language="en_US">
			<Text>I can not overlook any more! Don't underestimate the power of the Big Seven!!</Text>
		</Row>
		<Row Tag="LOC_DIPLO_DEFEAT_FROM_AI_LEADER_YNL_NAGATO_ANY" Language="en_US">
			<Text>To sink in battle... not in that flash... is what I yearned for...</Text>
		</Row>
		<Row Tag="LOC_DIPLO_DEFEAT_FROM_HUMAN_LEADER_YNL_NAGATO_ANY" Language="en_US">
			<Text>To sink in battle... not in that flash... is what I yearned for...</Text>
		</Row>
		<Row Tag="LOC_DIPLO_ACCEPT_DELEGATION_FROM_HUMAN_LEADER_YNL_NAGATO_ANY" Language="en_US">
			<Text>We are happy to welcome your delegation to our capital.</Text>
		</Row>
		<Row Tag="LOC_DIPLO_REJECT_DELEGATION_FROM_HUMAN_LEADER_YNL_NAGATO_ANY" Language="en_US">
			<Text>We politely refuse your delegation.</Text>
		</Row>
		<Row Tag="LOC_DIPLO_DELEGATION_FROM_AI_LEADER_YNL_NAGATO_ANY" Language="en_US">
			<Text>Will you receive our diplomatic delegation in your capital?</Text>
		</Row>
		<Row Tag="LOC_DIPLO_ACCEPT_DELEGATION_FROM_AI_LEADER_YNL_NAGATO_ANY" Language="en_US">
			<Text>Excellent!</Text>
		</Row>
		<Row Tag="LOC_DIPLO_REJECT_DELEGATION_FROM_AI_LEADER_YNL_NAGATO_ANY" Language="en_US">
			<Text>That is too bad, perhaps at a later date.</Text>
		</Row>
		<Row Tag="LOC_DIPLO_DENOUNCE_FROM_HUMAN_LEADER_YNL_NAGATO_ANY" Language="en_US">
			<Text>Empty words are no threat. Show me action, purpose, discipline!</Text>
		</Row>
		<Row Tag="LOC_DIPLO_DENOUNCE_FROM_AI_LEADER_YNL_NAGATO_ANY" Language="en_US">
			<Text>You are a foolish, simple leader. And your people should know the truth. (Denounces You).</Text>
		</Row>
		<Row Tag="LOC_DIPLO_ACCEPT_EMBASSY_FROM_HUMAN_LEADER_YNL_NAGATO_ANY" Language="en_US">
			<Text>We are happy to allow you to construct an embassy in our capital.</Text>
		</Row>
		<Row Tag="LOC_DIPLO_REJECT_EMBASSY_FROM_HUMAN_LEADER_YNL_NAGATO_ANY" Language="en_US">
			<Text>We are not interested at this time.</Text>
		</Row>
		<Row Tag="LOC_DIPLO_EMBASSY_FROM_AI_LEADER_YNL_NAGATO_ANY" Language="en_US">
			<Text>Will you allow us to establish an embassy in your capital?</Text>
		</Row>
		<Row Tag="LOC_DIPLO_ACCEPT_EMBASSY_FROM_AI_LEADER_YNL_NAGATO_ANY" Language="en_US">
			<Text>Oh happy day!</Text>
		</Row>
		<Row Tag="LOC_DIPLO_REJECT_EMBASSY_FROM_AI_LEADER_YNL_NAGATO_ANY" Language="en_US">
			<Text>Disappointing.</Text>
		</Row>
		<Row Tag="LOC_DIPLO_FIRST_MEET_LEADER_YNL_NAGATO_ANY" Language="en_US">
			<Text>I am Battleship Nagato, pleased to meet you.</Text>
		</Row>
		<Row Tag="LOC_DIPLO_FIRST_MEET_VISIT_RECIPIENT_LEADER_YNL_NAGATO_ANY" Language="en_US">
			<Text>We have a city nearby. Would you like to visit? You could attend our upcoming celebration.</Text>
		</Row>
		<Row Tag="LOC_DIPLO_FIRST_MEET_NEAR_INITIATOR_POSITIVE_LEADER_YNL_NAGATO_ANY" Language="en_US">
			<Text>By all means.  It will be a pleasure to see your growing city up close.</Text>
		</Row>
		<Row Tag="LOC_DIPLO_FIRST_MEET_NO_MANS_INFO_EXCHANGE_LEADER_YNL_NAGATO_ANY" Language="en_US">
			<Text>Neither of us hails from nearby, but perhaps we should mark our homelands on each other's maps?</Text>
		</Row>
		<Row Tag="LOC_DIPLO_GREETING_LEADER_YNL_NAGATO_ANY" Language="en_US">
			<Text>What is it?</Text>
		</Row>
		<Row Tag="LOC_DIPLO_KUDO_EXIT_LEADER_YNL_NAGATO_ANY" Language="en_US">
			<Text>You build your empire as the Rising Sun: powerful and brilliant.</Text>
		</Row>
		<Row Tag="LOC_DIPLO_WARNING_EXIT_LEADER_YNL_NAGATO_ANY" Language="en_US">
			<Text>There is such words in the admonition of our army. "Have I Spoken or acted shamefully?" You should also remember.</Text>
		</Row>
		<Row Tag="LOC_DIPLO_ACCEPT_MAKE_ALLIANCE_FROM_HUMAN_LEADER_YNL_NAGATO_ANY" Language="en_US">
			<Text>We are pleased to accept your offer of an alliance.</Text>
		</Row>
		<Row Tag="LOC_DIPLO_REJECT_MAKE_ALLIANCE_FROM_HUMAN_LEADER_YNL_NAGATO_ANY" Language="en_US">
			<Text>We are not interested at this time.</Text>
		</Row>
		<Row Tag="LOC_DIPLO_MAKE_ALLIANCE_FROM_AI_LEADER_YNL_NAGATO_ANY" Language="en_US">
			<Text>Would you like to form an alliance?</Text>
		</Row>
		<Row Tag="LOC_DIPLO_ACCEPT_MAKE_ALLIANCE_FROM_AI_LEADER_YNL_NAGATO_ANY" Language="en_US">
			<Text>Wonderful.</Text>
		</Row>
		<Row Tag="LOC_DIPLO_REJECT_MAKE_ALLIANCE_FROM_AI_LEADER_YNL_NAGATO_ANY" Language="en_US">
			<Text>That is unfortunate.</Text>
		</Row>
		<Row Tag="LOC_DIPLO_MAKE_DEAL_AI_ACCEPT_DEAL_LEADER_YNL_NAGATO_ANY" Language="en_US">
			<Text>Yes, I am happy to accept this deal.</Text>
		</Row>
		<Row Tag="LOC_DIPLO_MAKE_DEAL_AI_REFUSE_DEAL_LEADER_YNL_NAGATO_ANY" Language="en_US">
			<Text>I cannot accept this deal.</Text>
		</Row>
		<Row Tag="LOC_DIPLO_ACCEPT_MAKE_DEAL_FROM_AI_LEADER_YNL_NAGATO_ANY" Language="en_US">
			<Text>Thank you. I think this will benefit each of us.</Text>
		</Row>
		<Row Tag="LOC_DIPLO_REJECT_MAKE_DEAL_FROM_AI_LEADER_YNL_NAGATO_ANY" Language="en_US">
			<Text>I must say, I'm a bit disappointed.</Text>
		</Row>
		<Row Tag="LOC_DIPLO_MAKE_DEAL_AI_ADJUST_DEAL_LEADER_YNL_NAGATO_ANY" Language="en_US">
			<Text>This deal is more to my liking.</Text>
		</Row>
		<Row Tag="LOC_DIPLO_AI_REFUSE_DEMAND_LEADER_YNL_NAGATO_ANY" Language="en_US">
			<Text>Making demands will get you nowhere.</Text>
		</Row>
		<Row Tag="LOC_DIPLO_AI_ACCEPT_DEMAND_LEADER_YNL_NAGATO_ANY" Language="en_US">
			<Text>I will comply.</Text>
		</Row>
		<Row Tag="LOC_DIPLO_HUMAN_ACCEPT_DEMAND_FROM_AI_LEADER_YNL_NAGATO_ANY" Language="en_US">
			<Text>You are wise in accepting my demands.</Text>
		</Row>
		<Row Tag="LOC_DIPLO_HUMAN_REFUSE_DEMAND_FROM_AI_LEADER_YNL_NAGATO_ANY" Language="en_US">
			<Text>I may have to resort to other means to have my demands met!</Text>
		</Row>
		<Row Tag="LOC_DIPLO_MAKE_PEACE_AI_ACCEPT_DEAL_LEADER_YNL_NAGATO_ANY" Language="en_US">
			<Text>I accept your terms for peace.</Text>
		</Row>
		<Row Tag="LOC_DIPLO_MAKE_PEACE_AI_REFUSE_DEAL_LEADER_YNL_NAGATO_ANY" Language="en_US">
			<Text>There can be no peace between us!</Text>
		</Row>
		<Row Tag="LOC_DIPLO_MAKE_PEACE_FROM_AI_LEADER_YNL_NAGATO_ANY" Language="en_US">
			<Text>Peace, mmkay?</Text>
		</Row>
		<Row Tag="LOC_DIPLO_ACCEPT_MAKE_PEACE_FROM_AI_LEADER_YNL_NAGATO_ANY" Language="en_US">
			<Text>The war is over.</Text>
		</Row>
		<Row Tag="LOC_DIPLO_REJECT_MAKE_PEACE_FROM_AI_LEADER_YNL_NAGATO_ANY" Language="en_US">
			<Text>Then the war continues.</Text>
		</Row>
		<Row Tag="LOC_DIPLO_ACCEPT_OPEN_BORDERS_FROM_HUMAN_LEADER_YNL_NAGATO_ANY" Language="en_US">
			<Text>We are happy to open up our borders to your units.</Text>
		</Row>
		<Row Tag="LOC_DIPLO_REJECT_OPEN_BORDERS_FROM_HUMAN_LEADER_YNL_NAGATO_ANY" Language="en_US">
			<Text>We are not interested at this time.</Text>
		</Row>
		<Row Tag="LOC_DIPLO_OPEN_BORDERS_FROM_AI_LEADER_YNL_NAGATO_ANY" Language="en_US">
			<Text>Will you allow our units to cross through your territory?</Text>
		</Row>
		<Row Tag="LOC_DIPLO_ACCEPT_OPEN_BORDERS_FROM_AI_LEADER_YNL_NAGATO_ANY" Language="en_US">
			<Text>Excellent!</Text>
		</Row>
		<Row Tag="LOC_DIPLO_REJECT_OPEN_BORDERS_FROM_AI_LEADER_YNL_NAGATO_ANY" Language="en_US">
			<Text>That is unfortunate.</Text>
		</Row>
		<Row Tag="LOC_DIPLO_WARNING_DONT_SETTLE_NEAR_ME_AI_RESPONSE_POSITIVE_LEADER_YNL_NAGATO_ANY" Language="en_US">
			<Text>My sincerest apologies! I didn't notice your city was so close.</Text>
		</Row>
		<Row Tag="LOC_DIPLO_WARNING_DONT_SETTLE_NEAR_ME_AI_RESPONSE_NEGATIVE_LEADER_YNL_NAGATO_ANY" Language="en_US">
			<Text>My people need land. Who are you to say that they cannot have it?</Text>
		</Row>
		<Row Tag="LOC_DIPLO_WARNING_DONT_SETTLE_NEAR_ME_AI_LEADER_YNL_NAGATO_ANY" Language="en_US">
			<Text>Your people settle too close! You should consider seeking land elsewhere.</Text>
		</Row>
		<Row Tag="LOC_DIPLO_WARNING_DONT_SETTLE_NEAR_ME_HUMAN_RESPONSE_POSITIVE_LEADER_YNL_NAGATO_ANY" Language="en_US">
			<Text>Thank you.</Text>
		</Row>
		<Row Tag="LOC_DIPLO_WARNING_DONT_SETTLE_NEAR_ME_HUMAN_RESPONSE_NEGATIVE_LEADER_YNL_NAGATO_ANY" Language="en_US">
			<Text>If you cannot respect our lands, then I will not respect you.</Text>
		</Row>
		<Row Tag="LOC_DIPLO_WARNING_TOO_MANY_TROOPS_NEAR_ME_AI_RESPONSE_POSITIVE_LEADER_YNL_NAGATO_ANY" Language="en_US">
			<Text>Apologies, we were just looking for some Barbarians to hassle.</Text>
		</Row>
		<Row Tag="LOC_DIPLO_WARNING_TOO_MANY_TROOPS_NEAR_ME_AI_RESPONSE_NEGATIVE_LEADER_YNL_NAGATO_ANY" Language="en_US">
			<Text>I like marching my troops around, it shows how powerful I am if you get my drift.</Text>
		</Row>
		<Row Tag="LOC_DIPLO_WARNING_STOP_SPYING_ON_ME_AI_RESPONSE_POSITIVE_LEADER_YNL_NAGATO_ANY" Language="en_US">
			<Text>Yes, you're right. I regret that I had to resort to such tactics. It won't happen again.</Text>
		</Row>
		<Row Tag="LOC_DIPLO_WARNING_STOP_SPYING_ON_ME_AI_RESPONSE_NEGATIVE_LEADER_YNL_NAGATO_ANY" Language="en_US">
			<Text>Hah! What makes you think I would make that kind of promise?</Text>
		</Row>
		<Row Tag="LOC_DIPLO_WARNING_STOP_DIGGING_UP_ARTIFACTS_AI_RESPONSE_POSITIVE_LEADER_YNL_NAGATO_ANY" Language="en_US">
			<Text>I hadn't realized that you laid claim to these lands. It was a simple mistake.</Text>
		</Row>
		<Row Tag="LOC_DIPLO_WARNING_STOP_DIGGING_UP_ARTIFACTS_AI_RESPONSE_NEGATIVE_LEADER_YNL_NAGATO_ANY" Language="en_US">
			<Text>The mysteries of the past are free to everyone. You cannot claim them!</Text>
		</Row>
		<Row Tag="LOC_DIPLO_WARNING_STOP_CONVERTING_MY_CITIES_AI_RESPONSE_POSITIVE_LEADER_YNL_NAGATO_ANY" Language="en_US">
			<Text>Though I will respect your wishes, I am disappointed that you cannot see the error of your ways.</Text>
		</Row>
		<Row Tag="LOC_DIPLO_WARNING_STOP_CONVERTING_MY_CITIES_AI_RESPONSE_NEGATIVE_LEADER_YNL_NAGATO_ANY" Language="en_US">
			<Text>No, no. This is for the best. You will see, I assure you.</Text>
		</Row>
		<Row Tag="LOC_DIPLO_WARNING_TOO_MANY_TROOPS_NEAR_ME_LEADER_YNL_NAGATO_ANY" Language="en_US">
			<Text>Your troops tread too close to my borders. I hope it's just to view our picturesque countryside.</Text>
		</Row>
		<Row Tag="LOC_DIPLO_WARNING_TOO_MANY_TROOPS_NEAR_ME_HUMAN_RESPONSE_POSITIVE_LEADER_YNL_NAGATO_ANY" Language="en_US">
			<Text>Thank you.</Text>
		</Row>
		<Row Tag="LOC_DIPLO_WARNING_STOP_SPYING_ON_ME_LEADER_YNL_NAGATO_ANY" Language="en_US">
			<Text>I should have known you'd stoop so low as to use espionage against me. Remove your spies at once!</Text>
		</Row>
		<Row Tag="LOC_DIPLO_WARNING_STOP_SPYING_ON_ME_HUMAN_RESPONSE_POSITIVE_LEADER_YNL_NAGATO_ANY" Language="en_US">
			<Text>Thank you.</Text>
		</Row>
		<Row Tag="LOC_DIPLO_WARNING_STOP_SPYING_ON_ME_HUMAN_RESPONSE_NEGATIVE_LEADER_YNL_NAGATO_ANY" Language="en_US">
			<Text>I will remember this insult. You can be sure of that!</Text>
		</Row>
		<Row Tag="LOC_DIPLO_WARNING_STOP_DIGGING_UP_ARTIFACTS_LEADER_YNL_NAGATO_ANY" Language="en_US">
			<Text>Our cultural history is not yours to plunder. It is time for you to leave our lands!</Text>
		</Row>
		<Row Tag="LOC_DIPLO_WARNING_STOP_DIGGING_UP_ARTIFACTS_HUMAN_RESPONSE_POSITIVE_LEADER_YNL_NAGATO_ANY" Language="en_US">
			<Text>Thank you.</Text>
		</Row>
		<Row Tag="LOC_DIPLO_WARNING_STOP_DIGGING_UP_ARTIFACTS_HUMAN_RESPONSE_NEGATIVE_LEADER_YNL_NAGATO_ANY" Language="en_US">
			<Text>If you cannot respect our lands, then I will not respect you.</Text>
		</Row>
		<Row Tag="LOC_DIPLO_WARNING_STOP_CONVERTING_MY_CITIES_LEADER_YNL_NAGATO_ANY" Language="en_US">
			<Text>Your proselytizers are not welcome among my people. I must ask that you remove them immediately.</Text>
		</Row>
		<Row Tag="LOC_DIPLO_WARNING_STOP_CONVERTING_MY_CITIES_HUMAN_RESPONSE_POSITIVE_LEADER_YNL_NAGATO_ANY" Language="en_US">
			<Text>Thank you.</Text>
		</Row>
		<Row Tag="LOC_DIPLO_WARNING_STOP_CONVERTING_MY_CITIES_HUMAN_RESPONSE_NEGATIVE_LEADER_YNL_NAGATO_ANY" Language="en_US">
			<Text>I assure you there will be consequences for this - if not now, then later.</Text>
		</Row>
		<!-- Generic kudos for random agendas -->
		<Row Tag="LOC_DIPLO_KUDO_LEADER_YNL_NAGATO_REASON_AGENDA_HIGH_CULTURE" Language="en_US">
			<Text>I am impressed with the unique culture your people are developing.</Text>
		</Row>
		<Row Tag="LOC_DIPLO_KUDO_LEADER_YNL_NAGATO_REASON_AGENDA_HIGH_HAPPINESS" Language="en_US">
			<Text>I'm hearing talk that your people want to celebrate your rule. Nice job keeping them happy.</Text>
		</Row>
		<Row Tag="LOC_DIPLO_KUDO_LEADER_YNL_NAGATO_REASON_AGENDA_HIGH_INCOME" Language="en_US">
			<Text>Your treasury is filling up quite nicely. It's always nice to have such strong income, isn't it?</Text>
		</Row>
		<Row Tag="LOC_DIPLO_KUDO_LEADER_YNL_NAGATO_REASON_AGENDA_HIGH_INDUSTRY" Language="en_US">
			<Text>I extend my heartiest congratulations on the productivity of your people.</Text>
		</Row>
		<Row Tag="LOC_DIPLO_KUDO_LEADER_YNL_NAGATO_REASON_AGENDA_MODIFIER_NOT_COMPETING_MINORS" Language="en_US">
			<Text>We are true friends with the smaller civilizations. We appreciate that you recognize this fact.</Text>
		</Row>
		<Row Tag="LOC_DIPLO_KUDO_LEADER_YNL_NAGATO_REASON_AGENDA_HIGH_POPULATION" Language="en_US">
			<Text>The number of people living in your empire is truly impressive.</Text>
		</Row>
		<Row Tag="LOC_DIPLO_KUDO_LEADER_YNL_NAGATO_REASON_AGENDA_HIGH_SCIENCE" Language="en_US">
			<Text>I am impressed with the depth of your scientific research.</Text>
		</Row>
		<Row Tag="LOC_DIPLO_KUDO_LEADER_YNL_NAGATO_REASON_AGENDA_HIGH_STANDING_ARMY" Language="en_US">
			<Text>I love a leader who is surrounded by an impressive military.</Text>
		</Row>
		<Row Tag="LOC_DIPLO_KUDO_LEADER_YNL_NAGATO_REASON_AGENDA_ENJOYS_WAR" Language="en_US">
			<Text>It is in combat that the true soul of a civilization is revealed. May the best man win.</Text>
		</Row>
		<Row Tag="LOC_DIPLO_KUDO_LEADER_YNL_NAGATO_REASON_AGENDA_MODIFIER_GREAT_PERSON_ADVOCATE_LAG" Language="en_US">
			<Text>I am pleased to see that the great minds of the world prefer our empire to yours.</Text>
		</Row>
		<Row Tag="LOC_DIPLO_KUDO_LEADER_YNL_NAGATO_REASON_AGENDA_MODIFIER_WONDER_ADVOCATE_LAG" Language="en_US">
			<Text>It makes me happy that you leave the wonder building to us.</Text>
		</Row>
		<Row Tag="LOC_DIPLO_KUDO_LEADER_YNL_NAGATO_REASON_AGENDA_HIGH_PROTECT_CITY_STATES" Language="en_US">
			<Text>Your protection of a city-state's right to exist sets an example for all the world to follow.</Text>
		</Row>
		<Row Tag="LOC_DIPLO_KUDO_LEADER_YNL_NAGATO_REASON_AGENDA_MED_PROTECT_CITY_STATES" Language="en_US">
			<Text>The strong should protect the weak. It is good to see you agree.</Text>
		</Row>
		<!--Kudos for future random agendas (not yet implemented)-->
		<Row Tag="LOC_DIPLO_KUDO_LEADER_YNL_NAGATO_REASON_AGENDA_HIGH_AIRPOWER" Language="en_US">
			<Text>I must say, the power of your airforce is not one to be trifled with. Very nice.</Text>
		</Row>
		<Row Tag="LOC_DIPLO_KUDO_LEADER_YNL_NAGATO_REASON_AGENDA_PROTECTS_CITY_STATES" Language="en_US">
			<Text>It is an admirable thing to look out for those who cannot look out for themselves.</Text>
		</Row>
		<Row Tag="LOC_DIPLO_KUDO_LEADER_YNL_NAGATO_REASON_AGENDA_CLEARS_BARBARIAN_CAMPS" Language="en_US">
			<Text>These Barbarians have been a nuisance to us all. Thank you for your help!</Text>
		</Row>
		<Row Tag="LOC_DIPLO_KUDO_LEADER_YNL_NAGATO_REASON_AGENDA_ENVIRONMENT" Language="en_US">
			<Text>We have only been given one earth, and I am glad that I am not the only one to respect that.</Text>
		</Row>
		<Row Tag="LOC_DIPLO_KUDO_LEADER_YNL_NAGATO_REASON_AGENDA_EXPLOITATION" Language="en_US">
			<Text>The world is ours for the taking! And take it, you have.</Text>
		</Row>
		<Row Tag="LOC_DIPLO_KUDO_LEADER_YNL_NAGATO_REASON_AGENDA_SAME_GOVERNMENT" Language="en_US">
			<Text>I see you're a like-minded individual, and must commend your government practices.</Text>
		</Row>
		<Row Tag="LOC_DIPLO_KUDO_LEADER_YNL_NAGATO_REASON_AGENDA_HIGH_NUKE_LOVE" Language="en_US">
			<Text>Great minds think alike, I see. There are so many uses for that technology...</Text>
		</Row>
		<Row Tag="LOC_DIPLO_KUDO_LEADER_YNL_NAGATO_REASON_AGENDA_HIGH_FAITH" Language="en_US">
			<Text>Peace be to you and yours. It is heartening to see another just as pious as myself.</Text>
		</Row>
		<Row Tag="LOC_DIPLO_KUDO_LEADER_YNL_NAGATO_REASON_AGENDA_LOW_EXPLORATION" Language="en_US">
			<Text>Yes, very good. Leave the exploring to me.</Text>
		</Row>
		<Row Tag="LOC_DIPLO_KUDO_LEADER_YNL_NAGATO_REASON_AGENDA_PARANOID" Language="en_US">
			<Text>I am relieved to see that your empire poses no threat to ours.</Text>
		</Row>
		<!-- Generic warnings for random agendas -->
		<Row Tag="LOC_DIPLO_WARNING_LEADER_YNL_NAGATO_REASON_AGENDA_LOW_CULTURE" Language="en_US">
			<Text>You are not doing much to develop a strong culture. What will we have to remember about your people?</Text>
		</Row>
		<Row Tag="LOC_DIPLO_WARNING_LEADER_YNL_NAGATO_REASON_AGENDA_LOW_HAPPINESS" Language="en_US">
			<Text>You might want to look into a few more amenities for your citizens. I don't think they are enjoying your rule.</Text>
		</Row>
		<Row Tag="LOC_DIPLO_WARNING_LEADER_YNL_NAGATO_REASON_AGENDA_LOW_INCOME" Language="en_US">
			<Text>Your empire is headed toward bankruptcy.  How can you survive with debt piling up?</Text>
		</Row>
		<Row Tag="LOC_DIPLO_WARNING_LEADER_YNL_NAGATO_REASON_AGENDA_MODIFIER_COMPETING_MINORS" Language="en_US">
			<Text>You tread on dangerous ground by making common cause with city-states. Leave them to us.</Text>
		</Row>
		<Row Tag="LOC_DIPLO_WARNING_LEADER_YNL_NAGATO_REASON_AGENDA_LOW_INDUSTRY" Language="en_US">
			<Text>Your people are lazy and unworthy. If you can produce nothing, your civilization will soon be forgotten.</Text>
		</Row>
		<Row Tag="LOC_DIPLO_WARNING_LEADER_YNL_NAGATO_REASON_AGENDA_LOW_POPULATION" Language="en_US">
			<Text>There are so few people living in your empire. It must be hard to get anything done.</Text>
		</Row>
		<Row Tag="LOC_DIPLO_WARNING_LEADER_YNL_NAGATO_REASON_AGENDA_LOW_SCIENCE" Language="en_US">
			<Text>You are not spending much time on research. How will your people keep up?</Text>
		</Row>
		<Row Tag="LOC_DIPLO_WARNING_LEADER_YNL_NAGATO_REASON_AGENDA_LOW_STANDING_ARMY" Language="en_US">
			<Text>You have so few troops.  Aren't you scared for your life?</Text>
		</Row>
		<Row Tag="LOC_DIPLO_WARNING_LEADER_YNL_NAGATO_REASON_AGENDA_PARANOID" Language="en_US">
			<Text>Your cities are so close.  Your troops are so strong.  You are making me nervous!</Text>
		</Row>
		<Row Tag="LOC_DIPLO_WARNING_LEADER_YNL_NAGATO_REASON_AGENDA_MODIFIER_GREAT_PERSON_ADVOCATE_LEAD" Language="en_US">
			<Text>Your recruitment of great people we coveted is becoming a real problem.</Text>
		</Row>
		<Row Tag="LOC_DIPLO_WARNING_LEADER_YNL_NAGATO_REASON_AGENDA_MODIFIER_WONDER_ADVOCATE_LEAD" Language="en_US">
			<Text>Do you not realize that we are supposed to be the preeminent builders of wonders?</Text>
		</Row>
		<Row Tag="LOC_DIPLO_WARNING_LEADER_YNL_NAGATO_REASON_AGENDA_HIGH_ATTACK_CITY_STATES" Language="en_US">
			<Text>Only cowards attack the small powers of the world. You are worthless to us.</Text>
		</Row>
		<Row Tag="LOC_DIPLO_WARNING_LEADER_YNL_NAGATO_REASON_AGENDA_MED_ATACK_CITY_STATES" Language="en_US">
			<Text>Consider this a warning. Do not attack the minor powers again.</Text>
		</Row>
		<!--Warnings for future random agendas (not yet implemented)-->
		<Row Tag="LOC_DIPLO_WARNING_LEADER_YNL_NAGATO_REASON_AGENDA_LOW_AIRPOWER" Language="en_US">
			<Text>There is no glory to keeping your feet on the ground. You should really try building an airforce.</Text>
		</Row>
		<Row Tag="LOC_DIPLO_WARNING_LEADER_YNL_NAGATO_REASON_AGENDA_ATTACKS_CITY_STATES" Language="en_US">
			<Text>It is a deplorable thing to bully the weak.</Text>
		</Row>
		<Row Tag="LOC_DIPLO_WARNING_LEADER_YNL_NAGATO_REASON_AGENDA_IGNORES_BARBARIAN_CAMPS" Language="en_US">
			<Text>How can you let those Barbarians run amok so close to your home?</Text>
		</Row>
		<Row Tag="LOC_DIPLO_WARNING_LEADER_YNL_NAGATO_REASON_AGENDA_ENVIRONMENT" Language="en_US">
			<Text>I must tell you that your destruction of our earth is not just affecting you, but your neighbors as well.</Text>
		</Row>
		<Row Tag="LOC_DIPLO_WARNING_LEADER_YNL_NAGATO_REASON_AGENDA_EXPLOITATION" Language="en_US">
			<Text>Bountiful lands surround you! How can you ignore them?</Text>
		</Row>
		<Row Tag="LOC_DIPLO_WARNING_LEADER_YNL_NAGATO_REASON_AGENDA_DIFFERENT_GOVERNMENT" Language="en_US">
			<Text>Our ideological differences are only the beginning. I cannot approve of the way you govern your people...</Text>
		</Row>
		<Row Tag="LOC_DIPLO_WARNING_LEADER_YNL_NAGATO_REASON_AGENDA_LOW_NUKE_LOVE" Language="en_US">
			<Text>Nuclear weaponry is the future! How can you not see that?</Text>
		</Row>
		<Row Tag="LOC_DIPLO_WARNING_LEADER_YNL_NAGATO_REASON_AGENDA_LOW_FAITH" Language="en_US">
			<Text>What guides you? Surely, you cannot believe in nothing. Come, show your people the light!</Text>
		</Row>
		<Row Tag="LOC_DIPLO_WARNING_LEADER_YNL_NAGATO_REASON_AGENDA_HIGH_EXPLORATION" Language="en_US">
			<Text>There is only so much to discover, and I'm afraid I cannot abide anyone who sets out ahead of my own explorers.</Text>
		</Row>

		<Row Tag="LOC_DIPLO_ACCEPT_DECLARE_FRIEND_FROM_HUMAN_LEADER_YNL_MUTSU_ANY" Language="en_US">
			<Text>We are pleased to accept your offer of friendship.</Text>
		</Row>
		<Row Tag="LOC_DIPLO_REJECT_DECLARE_FRIEND_FROM_HUMAN_LEADER_YNL_MUTSU_ANY" Language="en_US">
			<Text>We are not interested at this time.</Text>
		</Row>
		<Row Tag="LOC_DIPLO_DECLARE_FRIEND_FROM_AI_LEADER_YNL_MUTSU_ANY" Language="en_US">
			<Text>Would you like to formally declare our friendship?</Text>
		</Row>
		<Row Tag="LOC_DIPLO_ACCEPT_DECLARE_FRIEND_FROM_AI_LEADER_YNL_MUTSU_ANY" Language="en_US">
			<Text>Wonderful.</Text>
		</Row>
		<Row Tag="LOC_DIPLO_REJECT_DECLARE_FRIEND_FROM_AI_LEADER_YNL_MUTSU_ANY" Language="en_US">
			<Text>That is unfortunate.</Text>
		</Row>
		<Row Tag="LOC_DIPLO_DECLARE_WAR_FROM_HUMAN_LEADER_YNL_MUTSU_ANY" Language="en_US">
			<Text>Eh, are you serious? Fu~un... Onee-san will not care what happens next~!</Text>
		</Row>
		<Row Tag="LOC_DIPLO_DECLARE_WAR_FROM_AI_LEADER_YNL_MUTSU_ANY" Language="en_US">
			<Text>Well then, let's finish this!</Text>
		</Row>
		<Row Tag="LOC_DIPLO_DEFEAT_FROM_AI_LEADER_YNL_MUTSU_ANY" Language="en_US">
			<Text>Sinking in battle... I wonder why... I'm not that frustrated...</Text>
		</Row>
		<Row Tag="LOC_DIPLO_DEFEAT_FROM_HUMAN_LEADER_YNL_MUTSU_ANY" Language="en_US">
			<Text>Sinking in battle... I wonder why... I'm not that frustrated...</Text>
		</Row>
		<Row Tag="LOC_DIPLO_ACCEPT_DELEGATION_FROM_HUMAN_LEADER_YNL_MUTSU_ANY" Language="en_US">
			<Text>We are happy to welcome your delegation to our capital.</Text>
		</Row>
		<Row Tag="LOC_DIPLO_REJECT_DELEGATION_FROM_HUMAN_LEADER_YNL_MUTSU_ANY" Language="en_US">
			<Text>We politely refuse your delegation.</Text>
		</Row>
		<Row Tag="LOC_DIPLO_DELEGATION_FROM_AI_LEADER_YNL_MUTSU_ANY" Language="en_US">
			<Text>Will you receive our diplomatic delegation in your capital?</Text>
		</Row>
		<Row Tag="LOC_DIPLO_ACCEPT_DELEGATION_FROM_AI_LEADER_YNL_MUTSU_ANY" Language="en_US">
			<Text>Excellent!</Text>
		</Row>
		<Row Tag="LOC_DIPLO_REJECT_DELEGATION_FROM_AI_LEADER_YNL_MUTSU_ANY" Language="en_US">
			<Text>That is too bad, perhaps at a later date.</Text>
		</Row>
		<Row Tag="LOC_DIPLO_DENOUNCE_FROM_HUMAN_LEADER_YNL_MUTSU_ANY" Language="en_US">
			<Text>Empty words are no threat. Show me action, purpose, discipline!</Text>
		</Row>
		<Row Tag="LOC_DIPLO_DENOUNCE_FROM_AI_LEADER_YNL_MUTSU_ANY" Language="en_US">
			<Text>You are a foolish, simple leader. And your people should know the truth. (Denounces You).</Text>
		</Row>
		<Row Tag="LOC_DIPLO_ACCEPT_EMBASSY_FROM_HUMAN_LEADER_YNL_MUTSU_ANY" Language="en_US">
			<Text>We are happy to allow you to construct an embassy in our capital.</Text>
		</Row>
		<Row Tag="LOC_DIPLO_REJECT_EMBASSY_FROM_HUMAN_LEADER_YNL_MUTSU_ANY" Language="en_US">
			<Text>We are not interested at this time.</Text>
		</Row>
		<Row Tag="LOC_DIPLO_EMBASSY_FROM_AI_LEADER_YNL_MUTSU_ANY" Language="en_US">
			<Text>Will you allow us to establish an embassy in your capital?</Text>
		</Row>
		<Row Tag="LOC_DIPLO_ACCEPT_EMBASSY_FROM_AI_LEADER_YNL_MUTSU_ANY" Language="en_US">
			<Text>Oh happy day!</Text>
		</Row>
		<Row Tag="LOC_DIPLO_REJECT_EMBASSY_FROM_AI_LEADER_YNL_MUTSU_ANY" Language="en_US">
			<Text>Disappointing.</Text>
		</Row>
		<Row Tag="LOC_DIPLO_FIRST_MEET_LEADER_YNL_MUTSU_ANY" Language="en_US">
			<Text>I am Battleship Mutsu, pleased to meet you.</Text>
		</Row>
		<Row Tag="LOC_DIPLO_FIRST_MEET_VISIT_RECIPIENT_LEADER_YNL_MUTSU_ANY" Language="en_US">
			<Text>We have a city nearby. Would you like to visit? You could attend our upcoming celebration.</Text>
		</Row>
		<Row Tag="LOC_DIPLO_FIRST_MEET_NEAR_INITIATOR_POSITIVE_LEADER_YNL_MUTSU_ANY" Language="en_US">
			<Text>By all means.  It will be a pleasure to see your growing city up close.</Text>
		</Row>
		<Row Tag="LOC_DIPLO_FIRST_MEET_NO_MANS_INFO_EXCHANGE_LEADER_YNL_MUTSU_ANY" Language="en_US">
			<Text>Neither of us hails from nearby, but perhaps we should mark our homelands on each other's maps?</Text>
		</Row>
		<Row Tag="LOC_DIPLO_GREETING_LEADER_YNL_MUTSU_ANY" Language="en_US">
			<Text>Do you need something?</Text>
		</Row>
		<Row Tag="LOC_DIPLO_KUDO_EXIT_LEADER_YNL_MUTSU_ANY" Language="en_US">
			<Text>You build your empire as the Rising Sun: powerful and brilliant.</Text>
		</Row>
		<Row Tag="LOC_DIPLO_WARNING_EXIT_LEADER_YNL_MUTSU_ANY" Language="en_US">
			<Text>There is such words in the admonition of our army. "Have I Spoken or acted shamefully?" You should also remember.</Text>
		</Row>
		<Row Tag="LOC_DIPLO_ACCEPT_MAKE_ALLIANCE_FROM_HUMAN_LEADER_YNL_MUTSU_ANY" Language="en_US">
			<Text>We are pleased to accept your offer of an alliance.</Text>
		</Row>
		<Row Tag="LOC_DIPLO_REJECT_MAKE_ALLIANCE_FROM_HUMAN_LEADER_YNL_MUTSU_ANY" Language="en_US">
			<Text>We are not interested at this time.</Text>
		</Row>
		<Row Tag="LOC_DIPLO_MAKE_ALLIANCE_FROM_AI_LEADER_YNL_MUTSU_ANY" Language="en_US">
			<Text>Would you like to form an alliance?</Text>
		</Row>
		<Row Tag="LOC_DIPLO_ACCEPT_MAKE_ALLIANCE_FROM_AI_LEADER_YNL_MUTSU_ANY" Language="en_US">
			<Text>Wonderful.</Text>
		</Row>
		<Row Tag="LOC_DIPLO_REJECT_MAKE_ALLIANCE_FROM_AI_LEADER_YNL_MUTSU_ANY" Language="en_US">
			<Text>That is unfortunate.</Text>
		</Row>
		<Row Tag="LOC_DIPLO_MAKE_DEAL_AI_ACCEPT_DEAL_LEADER_YNL_MUTSU_ANY" Language="en_US">
			<Text>Yes, I am happy to accept this deal.</Text>
		</Row>
		<Row Tag="LOC_DIPLO_MAKE_DEAL_AI_REFUSE_DEAL_LEADER_YNL_MUTSU_ANY" Language="en_US">
			<Text>I cannot accept this deal.</Text>
		</Row>
		<Row Tag="LOC_DIPLO_ACCEPT_MAKE_DEAL_FROM_AI_LEADER_YNL_MUTSU_ANY" Language="en_US">
			<Text>Thank you. I think this will benefit each of us.</Text>
		</Row>
		<Row Tag="LOC_DIPLO_REJECT_MAKE_DEAL_FROM_AI_LEADER_YNL_MUTSU_ANY" Language="en_US">
			<Text>I must say, I'm a bit disappointed.</Text>
		</Row>
		<Row Tag="LOC_DIPLO_MAKE_DEAL_AI_ADJUST_DEAL_LEADER_YNL_MUTSU_ANY" Language="en_US">
			<Text>This deal is more to my liking.</Text>
		</Row>
		<Row Tag="LOC_DIPLO_AI_REFUSE_DEMAND_LEADER_YNL_MUTSU_ANY" Language="en_US">
			<Text>Making demands will get you nowhere.</Text>
		</Row>
		<Row Tag="LOC_DIPLO_AI_ACCEPT_DEMAND_LEADER_YNL_MUTSU_ANY" Language="en_US">
			<Text>I will comply.</Text>
		</Row>
		<Row Tag="LOC_DIPLO_HUMAN_ACCEPT_DEMAND_FROM_AI_LEADER_YNL_MUTSU_ANY" Language="en_US">
			<Text>You are wise in accepting my demands.</Text>
		</Row>
		<Row Tag="LOC_DIPLO_HUMAN_REFUSE_DEMAND_FROM_AI_LEADER_YNL_MUTSU_ANY" Language="en_US">
			<Text>I may have to resort to other means to have my demands met!</Text>
		</Row>
		<Row Tag="LOC_DIPLO_MAKE_PEACE_AI_ACCEPT_DEAL_LEADER_YNL_MUTSU_ANY" Language="en_US">
			<Text>I accept your terms for peace.</Text>
		</Row>
		<Row Tag="LOC_DIPLO_MAKE_PEACE_AI_REFUSE_DEAL_LEADER_YNL_MUTSU_ANY" Language="en_US">
			<Text>There can be no peace between us!</Text>
		</Row>
		<Row Tag="LOC_DIPLO_MAKE_PEACE_FROM_AI_LEADER_YNL_MUTSU_ANY" Language="en_US">
			<Text>Peace, mmkay?</Text>
		</Row>
		<Row Tag="LOC_DIPLO_ACCEPT_MAKE_PEACE_FROM_AI_LEADER_YNL_MUTSU_ANY" Language="en_US">
			<Text>The war is over.</Text>
		</Row>
		<Row Tag="LOC_DIPLO_REJECT_MAKE_PEACE_FROM_AI_LEADER_YNL_MUTSU_ANY" Language="en_US">
			<Text>Then the war continues.</Text>
		</Row>
		<Row Tag="LOC_DIPLO_ACCEPT_OPEN_BORDERS_FROM_HUMAN_LEADER_YNL_MUTSU_ANY" Language="en_US">
			<Text>We are happy to open up our borders to your units.</Text>
		</Row>
		<Row Tag="LOC_DIPLO_REJECT_OPEN_BORDERS_FROM_HUMAN_LEADER_YNL_MUTSU_ANY" Language="en_US">
			<Text>We are not interested at this time.</Text>
		</Row>
		<Row Tag="LOC_DIPLO_OPEN_BORDERS_FROM_AI_LEADER_YNL_MUTSU_ANY" Language="en_US">
			<Text>Will you allow our units to cross through your territory?</Text>
		</Row>
		<Row Tag="LOC_DIPLO_ACCEPT_OPEN_BORDERS_FROM_AI_LEADER_YNL_MUTSU_ANY" Language="en_US">
			<Text>Excellent!</Text>
		</Row>
		<Row Tag="LOC_DIPLO_REJECT_OPEN_BORDERS_FROM_AI_LEADER_YNL_MUTSU_ANY" Language="en_US">
			<Text>That is unfortunate.</Text>
		</Row>
		<Row Tag="LOC_DIPLO_WARNING_DONT_SETTLE_NEAR_ME_AI_RESPONSE_POSITIVE_LEADER_YNL_MUTSU_ANY" Language="en_US">
			<Text>My sincerest apologies! I didn't notice your city was so close.</Text>
		</Row>
		<Row Tag="LOC_DIPLO_WARNING_DONT_SETTLE_NEAR_ME_AI_RESPONSE_NEGATIVE_LEADER_YNL_MUTSU_ANY" Language="en_US">
			<Text>My people need land. Who are you to say that they cannot have it?</Text>
		</Row>
		<Row Tag="LOC_DIPLO_WARNING_DONT_SETTLE_NEAR_ME_AI_LEADER_YNL_MUTSU_ANY" Language="en_US">
			<Text>Your people settle too close! You should consider seeking land elsewhere.</Text>
		</Row>
		<Row Tag="LOC_DIPLO_WARNING_DONT_SETTLE_NEAR_ME_HUMAN_RESPONSE_POSITIVE_LEADER_YNL_MUTSU_ANY" Language="en_US">
			<Text>Thank you.</Text>
		</Row>
		<Row Tag="LOC_DIPLO_WARNING_DONT_SETTLE_NEAR_ME_HUMAN_RESPONSE_NEGATIVE_LEADER_YNL_MUTSU_ANY" Language="en_US">
			<Text>If you cannot respect our lands, then I will not respect you.</Text>
		</Row>
		<Row Tag="LOC_DIPLO_WARNING_TOO_MANY_TROOPS_NEAR_ME_AI_RESPONSE_POSITIVE_LEADER_YNL_MUTSU_ANY" Language="en_US">
			<Text>Apologies, we were just looking for some Barbarians to hassle.</Text>
		</Row>
		<Row Tag="LOC_DIPLO_WARNING_TOO_MANY_TROOPS_NEAR_ME_AI_RESPONSE_NEGATIVE_LEADER_YNL_MUTSU_ANY" Language="en_US">
			<Text>I like marching my troops around, it shows how powerful I am if you get my drift.</Text>
		</Row>
		<Row Tag="LOC_DIPLO_WARNING_STOP_SPYING_ON_ME_AI_RESPONSE_POSITIVE_LEADER_YNL_MUTSU_ANY" Language="en_US">
			<Text>Yes, you're right. I regret that I had to resort to such tactics. It won't happen again.</Text>
		</Row>
		<Row Tag="LOC_DIPLO_WARNING_STOP_SPYING_ON_ME_AI_RESPONSE_NEGATIVE_LEADER_YNL_MUTSU_ANY" Language="en_US">
			<Text>Hah! What makes you think I would make that kind of promise?</Text>
		</Row>
		<Row Tag="LOC_DIPLO_WARNING_STOP_DIGGING_UP_ARTIFACTS_AI_RESPONSE_POSITIVE_LEADER_YNL_MUTSU_ANY" Language="en_US">
			<Text>I hadn't realized that you laid claim to these lands. It was a simple mistake.</Text>
		</Row>
		<Row Tag="LOC_DIPLO_WARNING_STOP_DIGGING_UP_ARTIFACTS_AI_RESPONSE_NEGATIVE_LEADER_YNL_MUTSU_ANY" Language="en_US">
			<Text>The mysteries of the past are free to everyone. You cannot claim them!</Text>
		</Row>
		<Row Tag="LOC_DIPLO_WARNING_STOP_CONVERTING_MY_CITIES_AI_RESPONSE_POSITIVE_LEADER_YNL_MUTSU_ANY" Language="en_US">
			<Text>Though I will respect your wishes, I am disappointed that you cannot see the error of your ways.</Text>
		</Row>
		<Row Tag="LOC_DIPLO_WARNING_STOP_CONVERTING_MY_CITIES_AI_RESPONSE_NEGATIVE_LEADER_YNL_MUTSU_ANY" Language="en_US">
			<Text>No, no. This is for the best. You will see, I assure you.</Text>
		</Row>
		<Row Tag="LOC_DIPLO_WARNING_TOO_MANY_TROOPS_NEAR_ME_LEADER_YNL_MUTSU_ANY" Language="en_US">
			<Text>Your troops tread too close to my borders. I hope it's just to view our picturesque countryside.</Text>
		</Row>
		<Row Tag="LOC_DIPLO_WARNING_TOO_MANY_TROOPS_NEAR_ME_HUMAN_RESPONSE_POSITIVE_LEADER_YNL_MUTSU_ANY" Language="en_US">
			<Text>Thank you.</Text>
		</Row>
		<Row Tag="LOC_DIPLO_WARNING_STOP_SPYING_ON_ME_LEADER_YNL_MUTSU_ANY" Language="en_US">
			<Text>I should have known you'd stoop so low as to use espionage against me. Remove your spies at once!</Text>
		</Row>
		<Row Tag="LOC_DIPLO_WARNING_STOP_SPYING_ON_ME_HUMAN_RESPONSE_POSITIVE_LEADER_YNL_MUTSU_ANY" Language="en_US">
			<Text>Thank you.</Text>
		</Row>
		<Row Tag="LOC_DIPLO_WARNING_STOP_SPYING_ON_ME_HUMAN_RESPONSE_NEGATIVE_LEADER_YNL_MUTSU_ANY" Language="en_US">
			<Text>I will remember this insult. You can be sure of that!</Text>
		</Row>
		<Row Tag="LOC_DIPLO_WARNING_STOP_DIGGING_UP_ARTIFACTS_LEADER_YNL_MUTSU_ANY" Language="en_US">
			<Text>Our cultural history is not yours to plunder. It is time for you to leave our lands!</Text>
		</Row>
		<Row Tag="LOC_DIPLO_WARNING_STOP_DIGGING_UP_ARTIFACTS_HUMAN_RESPONSE_POSITIVE_LEADER_YNL_MUTSU_ANY" Language="en_US">
			<Text>Thank you.</Text>
		</Row>
		<Row Tag="LOC_DIPLO_WARNING_STOP_DIGGING_UP_ARTIFACTS_HUMAN_RESPONSE_NEGATIVE_LEADER_YNL_MUTSU_ANY" Language="en_US">
			<Text>If you cannot respect our lands, then I will not respect you.</Text>
		</Row>
		<Row Tag="LOC_DIPLO_WARNING_STOP_CONVERTING_MY_CITIES_LEADER_YNL_MUTSU_ANY" Language="en_US">
			<Text>Your proselytizers are not welcome among my people. I must ask that you remove them immediately.</Text>
		</Row>
		<Row Tag="LOC_DIPLO_WARNING_STOP_CONVERTING_MY_CITIES_HUMAN_RESPONSE_POSITIVE_LEADER_YNL_MUTSU_ANY" Language="en_US">
			<Text>Thank you.</Text>
		</Row>
		<Row Tag="LOC_DIPLO_WARNING_STOP_CONVERTING_MY_CITIES_HUMAN_RESPONSE_NEGATIVE_LEADER_YNL_MUTSU_ANY" Language="en_US">
			<Text>I assure you there will be consequences for this - if not now, then later.</Text>
		</Row>
		<!-- Generic kudos for random agendas -->
		<Row Tag="LOC_DIPLO_KUDO_LEADER_YNL_MUTSU_REASON_AGENDA_HIGH_CULTURE" Language="en_US">
			<Text>I am impressed with the unique culture your people are developing.</Text>
		</Row>
		<Row Tag="LOC_DIPLO_KUDO_LEADER_YNL_MUTSU_REASON_AGENDA_HIGH_HAPPINESS" Language="en_US">
			<Text>I'm hearing talk that your people want to celebrate your rule. Nice job keeping them happy.</Text>
		</Row>
		<Row Tag="LOC_DIPLO_KUDO_LEADER_YNL_MUTSU_REASON_AGENDA_HIGH_INCOME" Language="en_US">
			<Text>Your treasury is filling up quite nicely. It's always nice to have such strong income, isn't it?</Text>
		</Row>
		<Row Tag="LOC_DIPLO_KUDO_LEADER_YNL_MUTSU_REASON_AGENDA_HIGH_INDUSTRY" Language="en_US">
			<Text>I extend my heartiest congratulations on the productivity of your people.</Text>
		</Row>
		<Row Tag="LOC_DIPLO_KUDO_LEADER_YNL_MUTSU_REASON_AGENDA_MODIFIER_NOT_COMPETING_MINORS" Language="en_US">
			<Text>We are true friends with the smaller civilizations. We appreciate that you recognize this fact.</Text>
		</Row>
		<Row Tag="LOC_DIPLO_KUDO_LEADER_YNL_MUTSU_REASON_AGENDA_HIGH_POPULATION" Language="en_US">
			<Text>The number of people living in your empire is truly impressive.</Text>
		</Row>
		<Row Tag="LOC_DIPLO_KUDO_LEADER_YNL_MUTSU_REASON_AGENDA_HIGH_SCIENCE" Language="en_US">
			<Text>I am impressed with the depth of your scientific research.</Text>
		</Row>
		<Row Tag="LOC_DIPLO_KUDO_LEADER_YNL_MUTSU_REASON_AGENDA_HIGH_STANDING_ARMY" Language="en_US">
			<Text>I love a leader who is surrounded by an impressive military.</Text>
		</Row>
		<Row Tag="LOC_DIPLO_KUDO_LEADER_YNL_MUTSU_REASON_AGENDA_ENJOYS_WAR" Language="en_US">
			<Text>It is in combat that the true soul of a civilization is revealed. May the best man win.</Text>
		</Row>
		<Row Tag="LOC_DIPLO_KUDO_LEADER_YNL_MUTSU_REASON_AGENDA_MODIFIER_GREAT_PERSON_ADVOCATE_LAG" Language="en_US">
			<Text>I am pleased to see that the great minds of the world prefer our empire to yours.</Text>
		</Row>
		<Row Tag="LOC_DIPLO_KUDO_LEADER_YNL_MUTSU_REASON_AGENDA_MODIFIER_WONDER_ADVOCATE_LAG" Language="en_US">
			<Text>It makes me happy that you leave the wonder building to us.</Text>
		</Row>
		<Row Tag="LOC_DIPLO_KUDO_LEADER_YNL_MUTSU_REASON_AGENDA_HIGH_PROTECT_CITY_STATES" Language="en_US">
			<Text>Your protection of a city-state's right to exist sets an example for all the world to follow.</Text>
		</Row>
		<Row Tag="LOC_DIPLO_KUDO_LEADER_YNL_MUTSU_REASON_AGENDA_MED_PROTECT_CITY_STATES" Language="en_US">
			<Text>The strong should protect the weak. It is good to see you agree.</Text>
		</Row>
		<!--Kudos for future random agendas (not yet implemented)-->
		<Row Tag="LOC_DIPLO_KUDO_LEADER_YNL_MUTSU_REASON_AGENDA_HIGH_AIRPOWER" Language="en_US">
			<Text>I must say, the power of your airforce is not one to be trifled with. Very nice.</Text>
		</Row>
		<Row Tag="LOC_DIPLO_KUDO_LEADER_YNL_MUTSU_REASON_AGENDA_PROTECTS_CITY_STATES" Language="en_US">
			<Text>It is an admirable thing to look out for those who cannot look out for themselves.</Text>
		</Row>
		<Row Tag="LOC_DIPLO_KUDO_LEADER_YNL_MUTSU_REASON_AGENDA_CLEARS_BARBARIAN_CAMPS" Language="en_US">
			<Text>These Barbarians have been a nuisance to us all. Thank you for your help!</Text>
		</Row>
		<Row Tag="LOC_DIPLO_KUDO_LEADER_YNL_MUTSU_REASON_AGENDA_ENVIRONMENT" Language="en_US">
			<Text>We have only been given one earth, and I am glad that I am not the only one to respect that.</Text>
		</Row>
		<Row Tag="LOC_DIPLO_KUDO_LEADER_YNL_MUTSU_REASON_AGENDA_EXPLOITATION" Language="en_US">
			<Text>The world is ours for the taking! And take it, you have.</Text>
		</Row>
		<Row Tag="LOC_DIPLO_KUDO_LEADER_YNL_MUTSU_REASON_AGENDA_SAME_GOVERNMENT" Language="en_US">
			<Text>I see you're a like-minded individual, and must commend your government practices.</Text>
		</Row>
		<Row Tag="LOC_DIPLO_KUDO_LEADER_YNL_MUTSU_REASON_AGENDA_HIGH_NUKE_LOVE" Language="en_US">
			<Text>Great minds think alike, I see. There are so many uses for that technology...</Text>
		</Row>
		<Row Tag="LOC_DIPLO_KUDO_LEADER_YNL_MUTSU_REASON_AGENDA_HIGH_FAITH" Language="en_US">
			<Text>Peace be to you and yours. It is heartening to see another just as pious as myself.</Text>
		</Row>
		<Row Tag="LOC_DIPLO_KUDO_LEADER_YNL_MUTSU_REASON_AGENDA_LOW_EXPLORATION" Language="en_US">
			<Text>Yes, very good. Leave the exploring to me.</Text>
		</Row>
		<Row Tag="LOC_DIPLO_KUDO_LEADER_YNL_MUTSU_REASON_AGENDA_PARANOID" Language="en_US">
			<Text>I am relieved to see that your empire poses no threat to ours.</Text>
		</Row>
		<!-- Generic warnings for random agendas -->
		<Row Tag="LOC_DIPLO_WARNING_LEADER_YNL_MUTSU_REASON_AGENDA_LOW_CULTURE" Language="en_US">
			<Text>You are not doing much to develop a strong culture. What will we have to remember about your people?</Text>
		</Row>
		<Row Tag="LOC_DIPLO_WARNING_LEADER_YNL_MUTSU_REASON_AGENDA_LOW_HAPPINESS" Language="en_US">
			<Text>You might want to look into a few more amenities for your citizens. I don't think they are enjoying your rule.</Text>
		</Row>
		<Row Tag="LOC_DIPLO_WARNING_LEADER_YNL_MUTSU_REASON_AGENDA_LOW_INCOME" Language="en_US">
			<Text>Your empire is headed toward bankruptcy.  How can you survive with debt piling up?</Text>
		</Row>
		<Row Tag="LOC_DIPLO_WARNING_LEADER_YNL_MUTSU_REASON_AGENDA_MODIFIER_COMPETING_MINORS" Language="en_US">
			<Text>You tread on dangerous ground by making common cause with city-states. Leave them to us.</Text>
		</Row>
		<Row Tag="LOC_DIPLO_WARNING_LEADER_YNL_MUTSU_REASON_AGENDA_LOW_INDUSTRY" Language="en_US">
			<Text>Your people are lazy and unworthy. If you can produce nothing, your civilization will soon be forgotten.</Text>
		</Row>
		<Row Tag="LOC_DIPLO_WARNING_LEADER_YNL_MUTSU_REASON_AGENDA_LOW_POPULATION" Language="en_US">
			<Text>There are so few people living in your empire. It must be hard to get anything done.</Text>
		</Row>
		<Row Tag="LOC_DIPLO_WARNING_LEADER_YNL_MUTSU_REASON_AGENDA_LOW_SCIENCE" Language="en_US">
			<Text>You are not spending much time on research. How will your people keep up?</Text>
		</Row>
		<Row Tag="LOC_DIPLO_WARNING_LEADER_YNL_MUTSU_REASON_AGENDA_LOW_STANDING_ARMY" Language="en_US">
			<Text>You have so few troops.  Aren't you scared for your life?</Text>
		</Row>
		<Row Tag="LOC_DIPLO_WARNING_LEADER_YNL_MUTSU_REASON_AGENDA_PARANOID" Language="en_US">
			<Text>Your cities are so close.  Your troops are so strong.  You are making me nervous!</Text>
		</Row>
		<Row Tag="LOC_DIPLO_WARNING_LEADER_YNL_MUTSU_REASON_AGENDA_MODIFIER_GREAT_PERSON_ADVOCATE_LEAD" Language="en_US">
			<Text>Your recruitment of great people we coveted is becoming a real problem.</Text>
		</Row>
		<Row Tag="LOC_DIPLO_WARNING_LEADER_YNL_MUTSU_REASON_AGENDA_MODIFIER_WONDER_ADVOCATE_LEAD" Language="en_US">
			<Text>Do you not realize that we are supposed to be the preeminent builders of wonders?</Text>
		</Row>
		<Row Tag="LOC_DIPLO_WARNING_LEADER_YNL_MUTSU_REASON_AGENDA_HIGH_ATTACK_CITY_STATES" Language="en_US">
			<Text>Only cowards attack the small powers of the world. You are worthless to us.</Text>
		</Row>
		<Row Tag="LOC_DIPLO_WARNING_LEADER_YNL_MUTSU_REASON_AGENDA_MED_ATACK_CITY_STATES" Language="en_US">
			<Text>Consider this a warning. Do not attack the minor powers again.</Text>
		</Row>
		<!--Warnings for future random agendas (not yet implemented)-->
		<Row Tag="LOC_DIPLO_WARNING_LEADER_YNL_MUTSU_REASON_AGENDA_LOW_AIRPOWER" Language="en_US">
			<Text>There is no glory to keeping your feet on the ground. You should really try building an airforce.</Text>
		</Row>
		<Row Tag="LOC_DIPLO_WARNING_LEADER_YNL_MUTSU_REASON_AGENDA_ATTACKS_CITY_STATES" Language="en_US">
			<Text>It is a deplorable thing to bully the weak.</Text>
		</Row>
		<Row Tag="LOC_DIPLO_WARNING_LEADER_YNL_MUTSU_REASON_AGENDA_IGNORES_BARBARIAN_CAMPS" Language="en_US">
			<Text>How can you let those Barbarians run amok so close to your home?</Text>
		</Row>
		<Row Tag="LOC_DIPLO_WARNING_LEADER_YNL_MUTSU_REASON_AGENDA_ENVIRONMENT" Language="en_US">
			<Text>I must tell you that your destruction of our earth is not just affecting you, but your neighbors as well.</Text>
		</Row>
		<Row Tag="LOC_DIPLO_WARNING_LEADER_YNL_MUTSU_REASON_AGENDA_EXPLOITATION" Language="en_US">
			<Text>Bountiful lands surround you! How can you ignore them?</Text>
		</Row>
		<Row Tag="LOC_DIPLO_WARNING_LEADER_YNL_MUTSU_REASON_AGENDA_DIFFERENT_GOVERNMENT" Language="en_US">
			<Text>Our ideological differences are only the beginning. I cannot approve of the way you govern your people...</Text>
		</Row>
		<Row Tag="LOC_DIPLO_WARNING_LEADER_YNL_MUTSU_REASON_AGENDA_LOW_NUKE_LOVE" Language="en_US">
			<Text>Nuclear weaponry is the future! How can you not see that?</Text>
		</Row>
		<Row Tag="LOC_DIPLO_WARNING_LEADER_YNL_MUTSU_REASON_AGENDA_LOW_FAITH" Language="en_US">
			<Text>What guides you? Surely, you cannot believe in nothing. Come, show your people the light!</Text>
		</Row>
		<Row Tag="LOC_DIPLO_WARNING_LEADER_YNL_MUTSU_REASON_AGENDA_HIGH_EXPLORATION" Language="en_US">
			<Text>There is only so much to discover, and I'm afraid I cannot abide anyone who sets out ahead of my own explorers.</Text>
		</Row>
		
		<Row Tag="LOC_LEADER_YNL_NAGATO_DOM_TEXT" Language="en_US">
			<Text>Born as the first battleship of the 8-8 fleet programme, the nameship of the Nagato-class battleships, Nagato. Until Yamato was commissioned, I served as the flagship of the Combined Fleet.	I was called one of the 'Big 7'.</Text>
		</Row>
		<Row Tag="LOC_LEADER_YNL_MUTSU_DOM_TEXT" Language="en_US">
			<Text>Battleship Nagato class's second ship and from there (referring to her name), Mutsu. Of course, I'm part of the world's Big 7. Ehh? The gunpowder explosion accident?	Well, can't cover it up anymore right? This time will be fine!</Text>
		</Row>

		<Row Tag="LOC_ABILITY_BATTLESHIP_NAGATO_NAME" Language="en_US">
			<Text>Like Destroyer</Text>
		</Row>
		<Row Tag="LOC_ABILITY_BATTLESHIP_NAGATO_DESCRIPTION" Language="en_US">
			<Text>+10 [ICON_Strength] Combat Strength if there is at least one Destroyer adjacent.</Text>
		</Row>
		<Row Tag="LOC_ABILITY_BATTLESHIP_NAGATO_NEIGHBOR_COMBAT_MODIFIER_DESCRIPTION" Language="en_US">
			<Text>+{1_Amount} Combat Strength when next to Destroyer</Text>
		</Row>

		<Row Tag="LOC_ABILITY_MISSILE_CRUISER_NAGATO_NAME" Language="en_US">
			<Text>Heavy Missile Cruiser</Text>
		</Row>
		<Row Tag="LOC_ABILITY_MISSILE_CRUISER_NAGATO_DESCRIPTION" Language="en_US">
			<Text>+10 [ICON_Strength] Combat Strength when defending against ranged units.</Text>
		</Row>
		<Row Tag="LOC_ABILITY_NAGATO_RANGED_DEFENSE_MODIFIER_DESCRIPTION" Language="en_US">
			<Text>+{1_Amount} Combat Strength when defending Ranged</Text>
		</Row>

		<Row Tag="LOC_ABILITY_IMP_NAVYYARD_TRAINED_UNIT_XP_DESCRIPTION" Language="en_US">
			<Text>+25% Earned experience from Imperial Navy Yard</Text>
		</Row>
		<Row Tag="LOC_ABILITY_NAGATO_HEAL_AFTER_DEFEATING_UNIT_DESCRIPTION" Language="en_US">
			<Text>+50 [ICON_Damaged] Health after defeating an enemy unit. (Nagato)</Text>
		</Row>

		<Row Tag="LOC_AGENDA_YNL_GOSEI_NAME" Language="en_US">
			<Text>Gosei</Text>
		</Row>
		<Row Tag="LOC_AGENDA_YNL_GOSEI_DESCRIPTION" Language="en_US">
			<Text>Likes civilizations that have a strong military and [ICON_Faith]Faith and [ICON_Culture] Culture output. Dislikes civilizations that are strong in military but weak in [ICON_Faith]Faith and [ICON_Culture] Culture output.</Text>
		</Row>
		<Row Tag="LOC_DIPLO_DENOUNCE_REASON_FROM_AI_LEADER_ANY_REASON_AGENDA_YNL_GOSEI" Language="en_US">
			<Text>(You are weak in Faith and Culture.)</Text>
		</Row>
	</LocalizedText>
</GameData>
