<?xml version="1.0" encoding="utf-8"?>
<GameData>
	<Types>
		<Row Type="LEADER_YNL_NAGATO" Kind="KIND_LEADER" />
		<Row Type="TRAIT_LEADER_YNL_NAGATO" Kind="KIND_TRAIT"/>
		<Row Type="LEADER_YNL_MUTSU"  Kind="KIND_LEADER" />
		<Row Type="TRAIT_LEADER_YNL_MUTSU"  Kind="KIND_TRAIT"/>
	</Types>
	<Leaders>
		<Row>
			<LeaderType>LEADER_YNL_NAGATO</LeaderType>
			<Name>LOC_LEADER_YNL_NAGATO_NAME</Name>
			<Sex>Female</Sex>
			<InheritFrom>LEADER_DEFAULT</InheritFrom>
		</Row>
		<Row>
			<LeaderType>LEADER_YNL_MUTSU</LeaderType>
			<Name>LOC_LEADER_YNL_MUTSU_NAME</Name>
			<Sex>Female</Sex>
			<InheritFrom>LEADER_DEFAULT</InheritFrom>
		</Row>
	</Leaders>
	<LeaderQuotes>
		<Row LeaderType="LEADER_YNL_NAGATO" Quote="LOC_LEADER_YNL_NAGATO_QUOTE"/>
		<Row LeaderType="LEADER_YNL_MUTSU"  Quote="LOC_LEADER_YNL_MUTSU_QUOTE"/>
	</LeaderQuotes>
	<HistoricalAgendas>
		<Row LeaderType="LEADER_YNL_NAGATO" AgendaType="AGENDA_BUSHIDO"/>
		<Row LeaderType="LEADER_YNL_MUTSU"  AgendaType="AGENDA_BUSHIDO"/>
	</HistoricalAgendas>
	<LeaderTraits>
		<Row LeaderType="LEADER_YNL_NAGATO" TraitType="TRAIT_LEADER_YNL_NAGATO"/>
		<Row LeaderType="LEADER_YNL_NAGATO" TraitType="TRAIT_LEADER_EXPANSIONIST"/>
		
		<Row LeaderType="LEADER_YNL_MUTSU"  TraitType="TRAIT_LEADER_YNL_MUTSU"/>
		<Row LeaderType="LEADER_YNL_MUTSU"  TraitType="TRAIT_LEADER_EXPANSIONIST"/>
	</LeaderTraits>
	<Traits>
		<Row TraitType="TRAIT_LEADER_YNL_NAGATO" Name="LOC_TRAIT_LEADER_YNL_NAGATO_NAME" Description="LOC_TRAIT_LEADER_YNL_NAGATO_DESCRIPTION"/>
		<Row TraitType="TRAIT_LEADER_YNL_MUTSU"  Name="LOC_TRAIT_LEADER_YNL_MUTSU_NAME"  Description="LOC_TRAIT_LEADER_YNL_MUTSU_DESCRIPTION"/>
	</Traits>
	<TraitModifiers>
		<Row TraitType="TRAIT_LEADER_YNL_NAGATO" ModifierId="TRAIT_GRANT_COASTAL_RAID_ABILITY"/>
		<Row TraitType="TRAIT_LEADER_YNL_NAGATO" ModifierId="HEAL_AFTER_DEFEATING_UNIT_NAGATO"/>
		<Row TraitType="TRAIT_LEADER_YNL_NAGATO" ModifierId="TRAIT_CULTURE_BOMB_TRIGGER_ENCAMPMENT_NAGATO"/>
		<Row TraitType="TRAIT_LEADER_YNL_NAGATO" ModifierId="TRAIT_CULTURE_BOMB_TRIGGER_INDUSTRIAL_ZONE_NAGATO"/>
		
		<Row TraitType="TRAIT_LEADER_YNL_MUTSU"  ModifierId="TRAIT_GRANT_COASTAL_RAID_ABILITY"/>
		<Row TraitType="TRAIT_LEADER_YNL_MUTSU"  ModifierId="TRAIT_BOOST_HOLY_SITE_PRODUCTION"/>
		<Row TraitType="TRAIT_LEADER_YNL_MUTSU"  ModifierId="TRAIT_BOOST_HARBOR_PRODUCTION_MUTSU"/>
		<Row TraitType="TRAIT_LEADER_YNL_MUTSU"  ModifierId="TRAIT_ADJUST_BUILDER_CHARGES"/>
	</TraitModifiers>
	<Modifiers>
		<Row>
			<ModifierId>TRAIT_BOOST_HARBOR_PRODUCTION_MUTSU</ModifierId>
			<ModifierType>MODIFIER_PLAYER_CITIES_ADJUST_DISTRICT_PRODUCTION</ModifierType>
		</Row>
		<Row>
			<ModifierId>HEAL_AFTER_DEFEATING_UNIT_NAGATO</ModifierId>
			<ModifierType>MODIFIER_PLAYER_UNITS_GRANT_ABILITY</ModifierType>
<!--			<ModifierType>MODIFIER_PLAYER_UNITS_ADJUST_HEAL_FROM_COMBAT</ModifierType>-->
		</Row>
		<Row>
			<ModifierId>TRAIT_CULTURE_BOMB_TRIGGER_ENCAMPMENT_NAGATO</ModifierId>
			<ModifierType>MODIFIER_PLAYER_ADD_CULTURE_BOMB_TRIGGER</ModifierType>
		</Row>
		<Row>
			<ModifierId>TRAIT_CULTURE_BOMB_TRIGGER_INDUSTRIAL_ZONE_NAGATO</ModifierId>
			<ModifierType>MODIFIER_PLAYER_ADD_CULTURE_BOMB_TRIGGER</ModifierType>
		</Row>
	</Modifiers>
	<ModifierArguments>
		<Row>
			<ModifierId>TRAIT_BOOST_HARBOR_PRODUCTION_MUTSU</ModifierId>
			<Name>DistrictType</Name>
			<Value>DISTRICT_HARBOR</Value>
		</Row>
		<Row>
			<ModifierId>TRAIT_BOOST_HARBOR_PRODUCTION_MUTSU</ModifierId>
			<Name>Amount</Name>
			<Value>100</Value>
		</Row>
		<Row>
			<ModifierId>HEAL_AFTER_DEFEATING_UNIT_NAGATO</ModifierId>
			<Name>AbilityType</Name>
			<Value>ABILITY_NAGATO_HEAL_AFTER_DEFEATING_UNIT</Value>
		</Row>
		<Row>
			<ModifierId>TRAIT_CULTURE_BOMB_TRIGGER_ENCAMPMENT_NAGATO</ModifierId>
			<Name>DistrictType</Name>
			<Value>DISTRICT_ENCAMPMENT</Value>
		</Row>
		<Row>
			<ModifierId>TRAIT_CULTURE_BOMB_TRIGGER_INDUSTRIAL_ZONE_NAGATO</ModifierId>
			<Name>DistrictType</Name>
			<Value>DISTRICT_INDUSTRIAL_ZONE</Value>
		</Row>
	</ModifierArguments>

	<AiListTypes>
		<Row ListType="YNL_NagatoWonders"/>
		<Row ListType="YNL_NagatoCivics"/>
		<Row ListType="YNL_NagatoTechs"/>
		<Row ListType="YNL_NagatoHarborDistrict"/>

		<Row ListType="YNL_MutsuWonders"/>
		<Row ListType="YNL_MutsuCivics"/>
		<Row ListType="YNL_MutsuTechs"/>
		<Row ListType="YNL_MutsuHarborDistrict"/>
	</AiListTypes>
	<AiLists>
		<!-- Buildings -->
		<Row ListType="YNL_NagatoWonders"        LeaderType="TRAIT_LEADER_YNL_NAGATO" System="Buildings"/>
		<!-- Civics -->					         
		<Row ListType="YNL_NagatoCivics"         LeaderType="TRAIT_LEADER_YNL_NAGATO" System="Civics"/>
		<!-- Techs -->					         
		<Row ListType="YNL_NagatoTechs"          LeaderType="TRAIT_LEADER_YNL_NAGATO" System="Technologies"/>
		<!-- District -->
		<Row ListType="YNL_NagatoHarborDistrict" LeaderType="TRAIT_LEADER_YNL_NAGATO" System="Districts"/>

		<!-- Buildings -->
		<Row ListType="YNL_MutsuWonders"         LeaderType="TRAIT_LEADER_YNL_MUTSU" System="Buildings"/>
		<!-- Civics -->					         
		<Row ListType="YNL_MutsuCivics"          LeaderType="TRAIT_LEADER_YNL_MUTSU" System="Civics"/>
		<!-- Techs -->					         
		<Row ListType="YNL_MutsuTechs"           LeaderType="TRAIT_LEADER_YNL_MUTSU" System="Technologies"/>
		<!-- District -->
		<Row ListType="YNL_MutsuHarborDistrict"  LeaderType="TRAIT_LEADER_YNL_MUTSU" System="Districts"/>
	</AiLists>
	<AiFavoredItems>
		<!-- Buildings -->
		<Row ListType="YNL_NagatoWonders"        Item="BUILDING_STONEHENGE"/>
		<Row ListType="YNL_NagatoWonders"        Item="BUILDING_TERRACOTTA_ARMY"/>
		<Row ListType="YNL_NagatoWonders"        Item="BUILDING_COLOSSUS"/>
		<Row ListType="YNL_NagatoWonders"        Item="BUILDING_GREAT_LIGHTHOUSE"/>
		<Row ListType="YNL_NagatoWonders"        Item="BUILDING_VENETIAN_ARSENAL"/>
		<!-- Civics -->					         
		<Row ListType="YNL_NagatoCivics"         Item="CIVIC_NAVAL_TRADITION"/>
		<Row ListType="YNL_NagatoCivics"         Item="CIVIC_MOBILIZATION"/>
		<Row ListType="YNL_NagatoCivics"         Item="CIVIC_NATIONALISM"/>
		<Row ListType="YNL_NagatoCivics"         Item="CIVIC_MERCANTILISM"/>
		<!-- Techs -->					         
		<Row ListType="YNL_NagatoTechs"          Item="TECH_SAILING"/>
		<Row ListType="YNL_NagatoTechs"          Item="TECH_SHIPBUILDING"/>
		<Row ListType="YNL_NagatoTechs"          Item="TECH_SQUARE_RIGGING"/>
		<Row ListType="YNL_NagatoTechs"          Item="TECH_STEEL"/>
		<Row ListType="YNL_NagatoTechs"          Item="TECH_STEAM_POWER"/>
		<Row ListType="YNL_NagatoTechs"          Item="TECH_ELECTRICITY"/>
		<!-- District -->
		<Row ListType="YNL_NagatoHarborDistrict" Item="DISTRICT_HARBOR" Favored="true"/>

		<!-- Buildings -->
		<Row ListType="YNL_MutsuWonders"         Item="BUILDING_STONEHENGE"/>
		<Row ListType="YNL_MutsuWonders"         Item="BUILDING_TERRACOTTA_ARMY"/>
		<Row ListType="YNL_MutsuWonders"         Item="BUILDING_COLOSSUS"/>
		<Row ListType="YNL_MutsuWonders"         Item="BUILDING_GREAT_LIGHTHOUSE"/>
		<Row ListType="YNL_MutsuWonders"         Item="BUILDING_VENETIAN_ARSENAL"/>
		<!-- Civics -->					         
		<Row ListType="YNL_MutsuCivics"          Item="CIVIC_NAVAL_TRADITION"/>
		<Row ListType="YNL_MutsuCivics"          Item="CIVIC_MOBILIZATION"/>
		<Row ListType="YNL_MutsuCivics"          Item="CIVIC_NATIONALISM"/>
		<Row ListType="YNL_MutsuCivics"          Item="CIVIC_MERCANTILISM"/>
		<!-- Techs -->					         
		<Row ListType="YNL_MutsuTechs"           Item="TECH_SAILING"/>
		<Row ListType="YNL_MutsuTechs"           Item="TECH_SHIPBUILDING"/>
		<Row ListType="YNL_MutsuTechs"           Item="TECH_SQUARE_RIGGING"/>
		<Row ListType="YNL_MutsuTechs"           Item="TECH_STEEL"/>
		<Row ListType="YNL_MutsuTechs"           Item="TECH_STEAM_POWER"/>
		<Row ListType="YNL_MutsuTechs"           Item="TECH_ELECTRICITY"/>
		<!-- District -->
		<Row ListType="YNL_MutsuHarborDistrict"  Item="DISTRICT_HARBOR" Favored="true"/>
	</AiFavoredItems>

	<DiplomacyInfo>
		<Row Type="LEADER_YNL_NAGATO" BackgroundImage="Background_DiplomcayInfo_Nagato.dds"/>
		<Row Type="LEADER_YNL_MUTSU"  BackgroundImage="Background_DiplomcayInfo_Mutsu.dds"/>
	</DiplomacyInfo>
	<LoadingInfo>
		<Row LeaderType="LEADER_YNL_NAGATO" BackgroundImage="Background_LoadingInfo_Nagato.dds" ForegroundImage="Foreground_LoadingInfo_Nagato.dds" LeaderText="LOC_LEADER_YNL_NAGATO_DOM_TEXT" PlayDawnOfManAudio="1"/>
		<Row LeaderType="LEADER_YNL_MUTSU"  BackgroundImage="Background_LoadingInfo_Mutsu.dds"  ForegroundImage="Foreground_LoadingInfo_Mutsu.dds"  LeaderText="LOC_LEADER_YNL_MUTSU_DOM_TEXT"  PlayDawnOfManAudio="1"/>
	</LoadingInfo>
</GameData>
