<?xml version="1.0" encoding="utf-8"?>
<GameData>
	<IconTextureAtlases>
		<!-- 指導者 -->
		<!-- 長門 -->
		<Row Name="ICON_ATLAS_YNL_NAGATO_LEADER" IconSize="32"  IconsPerRow="1" IconsPerColumn="1" Filename="YNL_NAGATO32"/>
		<Row Name="ICON_ATLAS_YNL_NAGATO_LEADER" IconSize="45"  IconsPerRow="1" IconsPerColumn="1" Filename="YNL_NAGATO45"/>
		<Row Name="ICON_ATLAS_YNL_NAGATO_LEADER" IconSize="50"  IconsPerRow="1" IconsPerColumn="1" Filename="YNL_NAGATO50"/>
		<Row Name="ICON_ATLAS_YNL_NAGATO_LEADER" IconSize="55"  IconsPerRow="1" IconsPerColumn="1" Filename="YNL_NAGATO55"/>
		<Row Name="ICON_ATLAS_YNL_NAGATO_LEADER" IconSize="64"  IconsPerRow="1" IconsPerColumn="1" Filename="YNL_NAGATO64"/>
		<Row Name="ICON_ATLAS_YNL_NAGATO_LEADER" IconSize="80"  IconsPerRow="1" IconsPerColumn="1" Filename="YNL_NAGATO80"/>
		<Row Name="ICON_ATLAS_YNL_NAGATO_LEADER" IconSize="256" IconsPerRow="1" IconsPerColumn="1" Filename="YNL_NAGATO256"/>
		<!-- 陸奥 -->
		<Row Name="ICON_ATLAS_YNL_MUTSU_LEADER" IconSize="32"  IconsPerRow="1" IconsPerColumn="1" Filename="YNL_MUTSU32"/>
		<Row Name="ICON_ATLAS_YNL_MUTSU_LEADER" IconSize="45"  IconsPerRow="1" IconsPerColumn="1" Filename="YNL_MUTSU45"/>
		<Row Name="ICON_ATLAS_YNL_MUTSU_LEADER" IconSize="50"  IconsPerRow="1" IconsPerColumn="1" Filename="YNL_MUTSU50"/>
		<Row Name="ICON_ATLAS_YNL_MUTSU_LEADER" IconSize="55"  IconsPerRow="1" IconsPerColumn="1" Filename="YNL_MUTSU55"/>
		<Row Name="ICON_ATLAS_YNL_MUTSU_LEADER" IconSize="64"  IconsPerRow="1" IconsPerColumn="1" Filename="YNL_MUTSU64"/>
		<Row Name="ICON_ATLAS_YNL_MUTSU_LEADER" IconSize="80"  IconsPerRow="1" IconsPerColumn="1" Filename="YNL_MUTSU80"/>
		<Row Name="ICON_ATLAS_YNL_MUTSU_LEADER" IconSize="256" IconsPerRow="1" IconsPerColumn="1" Filename="YNL_MUTSU256"/>
		
		<!-- 文明 -->
		<Row Name="ICON_ATLAS_CIVILIZATION_PEOPLESOFTHESEA" IconSize="22"   IconsPerRow="1" IconsPerColumn="1" Filename="CIV_YNL_POTS22.dds"/>
		<Row Name="ICON_ATLAS_CIVILIZATION_PEOPLESOFTHESEA" IconSize="30"   IconsPerRow="1" IconsPerColumn="1" Filename="CIV_YNL_POTS30.dds"/>
		<Row Name="ICON_ATLAS_CIVILIZATION_PEOPLESOFTHESEA" IconSize="36"   IconsPerRow="1" IconsPerColumn="1" Filename="CIV_YNL_POTS36.dds"/>
		<Row Name="ICON_ATLAS_CIVILIZATION_PEOPLESOFTHESEA" IconSize="44"   IconsPerRow="1" IconsPerColumn="1" Filename="CIV_YNL_POTS44.dds"/>
		<Row Name="ICON_ATLAS_CIVILIZATION_PEOPLESOFTHESEA" IconSize="45"   IconsPerRow="1" IconsPerColumn="1" Filename="CIV_YNL_POTS45.dds"/><!--Baked in color-->
		<Row Name="ICON_ATLAS_CIVILIZATION_PEOPLESOFTHESEA" IconSize="48"   IconsPerRow="1" IconsPerColumn="1" Filename="CIV_YNL_POTS48.dds"/>
		<Row Name="ICON_ATLAS_CIVILIZATION_PEOPLESOFTHESEA" IconSize="50"   IconsPerRow="1" IconsPerColumn="1" Filename="CIV_YNL_POTS50.dds"/>
		<Row Name="ICON_ATLAS_CIVILIZATION_PEOPLESOFTHESEA" IconSize="64"   IconsPerRow="1" IconsPerColumn="1" Filename="CIV_YNL_POTS64.dds"/>
		<Row Name="ICON_ATLAS_CIVILIZATION_PEOPLESOFTHESEA" IconSize="80"   IconsPerRow="1" IconsPerColumn="1" Filename="CIV_YNL_POTS80.dds"/>
		<Row Name="ICON_ATLAS_CIVILIZATION_PEOPLESOFTHESEA" IconSize="256"  IconsPerRow="1" IconsPerColumn="1" Filename="CIV_YNL_POTS256.dds"/>

		<!-- UI -->
		<Row Name="ICON_ATLAS_YNL_NAGATO_UNIT_ACTIONS" IconSize="38"  IconsPerRow="1" IconsPerColumn="1" Filename="YNL_HOUSEBOAT38.dds"/>
		<Row Name="ICON_ATLAS_YNL_NAGATO_UNIT_ACTIONS" IconSize="50"  IconsPerRow="1" IconsPerColumn="1" Filename="YNL_HOUSEBOAT50.dds"/>
		<Row Name="ICON_ATLAS_YNL_NAGATO_UNIT_ACTIONS" IconSize="80"  IconsPerRow="1" IconsPerColumn="1" Filename="YNL_HOUSEBOAT80.dds"/>
		<Row Name="ICON_ATLAS_YNL_NAGATO_UNIT_ACTIONS" IconSize="256" IconsPerRow="1" IconsPerColumn="1" Filename="YNL_HOUSEBOAT256.dds"/>

		<!-- UU -->
		<Row Name="ICON_ATLAS_UNITS_UNIQUE_BATTLESHIP_NAGATO"                       IconSize="256" IconsPerRow="1" IconsPerColumn="1" Filename="YNL_UU_BB_NAGATO256.dds"/>
		<Row Name="ICON_ATLAS_UNITS_UNIQUE_BATTLESHIP_NAGATO"                       IconSize="80"  IconsPerRow="1" IconsPerColumn="1" Filename="YNL_UU_BB_NAGATO80.dds"/>
		<Row Name="ICON_ATLAS_UNITS_UNIQUE_BATTLESHIP_NAGATO"                       IconSize="50"  IconsPerRow="1" IconsPerColumn="1" Filename="YNL_UU_BB_NAGATO50.dds"/>
		<Row Name="ICON_ATLAS_UNITS_UNIQUE_BATTLESHIP_NAGATO"                       IconSize="38"  IconsPerRow="1" IconsPerColumn="1" Filename="YNL_UU_BB_NAGATO38.dds"/>
		<Row Name="ICON_ATLAS_UNITS_UNIQUE_BATTLESHIP_NAGATO"                       IconSize="32"  IconsPerRow="1" IconsPerColumn="1" Filename="YNL_UU_BB_NAGATO32.dds"/>
		<Row Name="ICON_ATLAS_UNITS_UNIQUE_BATTLESHIP_NAGATO"                       IconSize="22"  IconsPerRow="1" IconsPerColumn="1" Filename="YNL_UU_BB_NAGATO22.dds"/>
		<Row Name="ICON_ATLAS_UNITS_UNIQUE_BATTLESHIP_NAGATO_FOW"                   IconSize="32"  IconsPerRow="1" IconsPerColumn="1" Filename="YNL_UU_BB_NAGATO32.dds"/>
		<Row Name="ICON_ATLAS_UNIT_YNL_UNIQUE_BATTLESHIP_NAGATO_FLAG_SYMBOLS_WHITE" IconSize="22"  IconsPerRow="1" IconsPerColumn="1" Filename="YNL_UU_BB_NAGATO22.dds"/>
		<Row Name="ICON_ATLAS_UNIT_YNL_UNIQUE_BATTLESHIP_NAGATO_FLAG_SYMBOLS_WHITE" IconSize="32"  IconsPerRow="1" IconsPerColumn="1" Filename="YNL_UU_BB_NAGATO32.dds"/>
		<Row Name="ICON_ATLAS_UNIT_YNL_UNIQUE_BATTLESHIP_NAGATO_FLAG_SYMBOLS_WHITE" IconSize="80"  IconsPerRow="1" IconsPerColumn="1" Filename="YNL_UU_BB_NAGATO80.dds"/>
		<Row Name="ICON_ATLAS_UNIT_YNL_UNIQUE_BATTLESHIP_NAGATO_FLAG_SYMBOLS_BLACK" IconSize="32"  IconsPerRow="1" IconsPerColumn="1" Filename="YNL_UU_BB_NAGATO32.dds"/>
	</IconTextureAtlases>
	<IconDefinitions>
		<!-- Leader And Civilization -->
		<Row Name="ICON_CIVILIZATION_PEOPLESOFTHESEA" Atlas="ICON_ATLAS_CIVILIZATION_PEOPLESOFTHESEA" Index="0"/>
		<Row Name="ICON_LEADER_YNL_NAGATO"            Atlas="ICON_ATLAS_YNL_NAGATO_LEADER"            Index="0"/>
		<Row Name="ICON_LEADER_YNL_MUTSU"             Atlas="ICON_ATLAS_YNL_MUTSU_LEADER"             Index="0"/>
		<!-- UU -->
		<Row Name="ICON_UNIT_UNIQUE_BATTLESHIP_NAGATO_WHITE"                      Atlas="ICON_ATLAS_UNIT_YNL_UNIQUE_BATTLESHIP_NAGATO_FLAG_SYMBOLS_WHITE" Index="0" />
		<Row Name="ICON_UNIT_UNIQUE_BATTLESHIP_NAGATO_BLACK"                      Atlas="ICON_ATLAS_UNIT_YNL_UNIQUE_BATTLESHIP_NAGATO_FLAG_SYMBOLS_BLACK" Index="0" />
		<Row Name="ICON_UNIT_UNIQUE_BATTLESHIP_NAGATO"                            Atlas="ICON_ATLAS_UNITS_UNIQUE_BATTLESHIP_NAGATO"                       Index="0" />
		<Row Name="ICON_UNIT_UNIQUE_BATTLESHIP_NAGATO_FOW"                        Atlas="ICON_ATLAS_UNITS_UNIQUE_BATTLESHIP_NAGATO_FOW"                   Index="0"/>
		<Row Name="ICON_UNIT_UNIQUE_BATTLESHIP_NAGATO_PORTRAIT"                   Atlas="ICON_ATLAS_UNIT_PORTRAITS_2"                                     Index="7"/>
		<Row Name="ICON_ETHNICITY_ASIAN_UNIT_UNIQUE_BATTLESHIP_NAGATO_PORTRAIT"   Atlas="ICON_ATLAS_ASIAN_UNIT_PORTRAITS_2"                               Index="7"/>
		<Row Name="ICON_ETHNICITY_MEDIT_UNIT_UNIQUE_BATTLESHIP_NAGATO_PORTRAIT"   Atlas="ICON_ATLAS_MEDITERRANEAN_UNIT_PORTRAITS_2"                       Index="7"/>
		<Row Name="ICON_ETHNICITY_SOUTHAM_UNIT_UNIQUE_BATTLESHIP_NAGATO_PORTRAIT" Atlas="ICON_ATLAS_SOUTH_AMERICAN_UNIT_PORTRAITS_2"                      Index="7"/>
		<Row Name="ICON_ETHNICITY_AFRICAN_UNIT_UNIQUE_BATTLESHIP_NAGATO_PORTRAIT" Atlas="ICON_ATLAS_AFRICAN_UNIT_PORTRAITS_2"                             Index="7"/>

		<Row Name="ICON_UNIT_UNIQUE_MISSILE_CRUISER_NAGATO_WHITE"                      Atlas="ICON_ATLAS_UNIT_FLAG_SYMBOLS_WHITE"         Index="93" />
		<Row Name="ICON_UNIT_UNIQUE_MISSILE_CRUISER_NAGATO_BLACK"                      Atlas="ICON_ATLAS_UNIT_FLAG_SYMBOLS_BLACK"         Index="93" />
		<Row Name="ICON_UNIT_UNIQUE_MISSILE_CRUISER_NAGATO"                            Atlas="ICON_ATLAS_UNITS"                           Index="93"/>
		<Row Name="ICON_UNIT_UNIQUE_MISSILE_CRUISER_NAGATO_FOW"                        Atlas="ICON_ATLAS_UNITS_FOW"                       Index="93"/>
		<Row Name="ICON_UNIT_UNIQUE_MISSILE_CRUISER_NAGATO_PORTRAIT"                   Atlas="ICON_ATLAS_UNIT_PORTRAITS_2"                Index="27"/>
		<Row Name="ICON_ETHNICITY_ASIAN_UNIT_UNIQUE_MISSILE_CRUISER_NAGATO_PORTRAIT"   Atlas="ICON_ATLAS_ASIAN_UNIT_PORTRAITS_2"          Index="27"/>
		<Row Name="ICON_ETHNICITY_MEDIT_UNIT_UNIQUE_MISSILE_CRUISER_NAGATO_PORTRAIT"   Atlas="ICON_ATLAS_MEDITERRANEAN_UNIT_PORTRAITS_2"  Index="27"/>
		<Row Name="ICON_ETHNICITY_SOUTHAM_UNIT_UNIQUE_MISSILE_CRUISER_NAGATO_PORTRAIT" Atlas="ICON_ATLAS_SOUTH_AMERICAN_UNIT_PORTRAITS_2" Index="27"/>
		<Row Name="ICON_ETHNICITY_AFRICAN_UNIT_UNIQUE_MISSILE_CRUISER_NAGATO_PORTRAIT" Atlas="ICON_ATLAS_AFRICAN_UNIT_PORTRAITS_2"        Index="27"/>
		<!-- UB -->
		<Row Name="ICON_BUILDING_IMP_NAVYYARD" Atlas="ICON_ATLAS_BUILDINGS" Index="22"/>
		<!-- Unique Improvement -->
		<Row Name="ICON_IMPROVEMENT_HOUSEBOAT" Atlas="ICON_ATLAS_YNL_NAGATO_UNIT_ACTIONS" Index="0"/>
	</IconDefinitions>
</GameData>
