<?xml version="1.0" encoding="utf-8"?>
<GameData>
	<!-- 文明特性：台風の影響を受けない -->
	<!-- 説明文の書き換え -->
	<Traits>
		<Update>
			<Set Description="LOC_CIVILIZATION_PEOPLESOFTHESEA_EXPANSION2_DESCRIPTION"/>
			<Where TraitType="TRAIT_CIVILIZATION_PEOPLESOFTHESEA"/>
		</Update>
	</Traits>
	<!-- 建造物 -->
	<!-- 説明文の書き換え -->
	<Buildings>
		<Update>
			<Set Description="LOC_BUILDING_IMP_NAVYYARD_EXPANSION2_DESCRIPTION"/>
			<Where BuildingType="BUILDING_IMP_NAVYYARD"/>
		</Update>
	</Buildings>
	<!-- 効果 -->
	<TraitModifiers>
		<Row>
			<TraitType>TRAIT_CIVILIZATION_PEOPLESOFTHESEA</TraitType>
			<ModifierId>TRAIT_HURRICANE_PREVENTION_CAT_4</ModifierId>
		</Row>
		<Row>
			<TraitType>TRAIT_CIVILIZATION_PEOPLESOFTHESEA</TraitType>
			<ModifierId>TRAIT_HURRICANE_PREVENTION_CAT_5</ModifierId>
		</Row>
		<Row>
			<TraitType>TRAIT_CIVILIZATION_PEOPLESOFTHESEA</TraitType>
			<ModifierId>TRAIT_HURRICANE_DOUBLE_DAMAGE_CAT_4</ModifierId>
		</Row>
		<Row>
			<TraitType>TRAIT_CIVILIZATION_PEOPLESOFTHESEA</TraitType>
			<ModifierId>TRAIT_HURRICANE_DOUBLE_DAMAGE_CAT_5</ModifierId>
		</Row>
	</TraitModifiers>
	<!-- ユニットの調整対応 -->
	<Units>
		<Update>
			<Where UnitType="UNIT_UNIQUE_BATTLESHIP_NAGATO"/>
			<Set>
				<PrereqTech>TECH_REFINING</PrereqTech>
			</Set>
		</Update>
		<Update>
			<Where UnitType="UNIT_UNIQUE_MISSILE_CRUISER_NAGATO"/>
			<Set>
				<StrategicResource>RESOURCE_OIL</StrategicResource>
			</Set>
		</Update>
		<Update>
			<Where UnitType="UNIT_UNIQUE_AIRCRAFT_CARRIER_TAIHO"/>
			<Set>
				<StrategicResource/>
			</Set>
		</Update>
	</Units>
	<Units_XP2>
		<Row UnitType="UNIT_UNIQUE_BATTLESHIP_NAGATO"      ResourceCost="1" ResourceMaintenanceType="RESOURCE_COAL" ResourceMaintenanceAmount="1"/>
		<Row UnitType="UNIT_UNIQUE_MISSILE_CRUISER_NAGATO" ResourceCost="1" ResourceMaintenanceType="RESOURCE_OIL" ResourceMaintenanceAmount="1"/>
	</Units_XP2>
	<!-- 観光ポイント爆弾設定(ロックバンド用) -->
	<Building_TourismBombs_XP2>
		<Row BuildingType="BUILDING_IMP_NAVYYARD" TourismBombValue="500"/>
	</Building_TourismBombs_XP2>
	<!-- 建造物の効果 -->
	<BuildingModifiers>
		<Row BuildingType="BUILDING_IMP_NAVYYARD" ModifierId="SHIPYARD_UNIMPROVED_COAST_PRODUCTION"/>
	</BuildingModifiers>
</GameData>
