<?xml version="1.0" encoding="utf-8"?>
<GameInfo>
	<Types>
		<Row Type="ABILITY_NIKOLA_SUBIC_ZRINSKI_BONUS_EXPERIENCE" Kind="KIND_ABILITY"/>
	</Types>
	<TypeTags>
		<Row Type="ABILITY_NIKOLA_SUBIC_ZRINSKI_BONUS_EXPERIENCE" Tag="CLASS_RECON"/>
		<Row Type="ABILITY_NIKOLA_SUBIC_ZRINSKI_BONUS_EXPERIENCE" Tag="CLASS_MELEE"/>
		<Row Type="ABILITY_NIKOLA_SUBIC_ZRINSKI_BONUS_EXPERIENCE" Tag="CLASS_RANGED"/>
		<Row Type="ABILITY_NIKOLA_SUBIC_ZRINSKI_BONUS_EXPERIENCE" Tag="CLASS_ANTI_CAVALRY"/>
		<Row Type="ABILITY_NIKOLA_SUBIC_ZRINSKI_BONUS_EXPERIENCE" Tag="CLASS_LIGHT_CAVALRY"/>
		<Row Type="ABILITY_NIKOLA_SUBIC_ZRINSKI_BONUS_EXPERIENCE" Tag="CLASS_HEAVY_CAVALRY"/>
		<Row Type="ABILITY_NIKOLA_SUBIC_ZRINSKI_BONUS_EXPERIENCE" Tag="CLASS_SIEGE"/>
	</TypeTags>
	<UnitAbilities>
		<Row UnitAbilityType="ABILITY_NIKOLA_SUBIC_ZRINSKI_BONUS_EXPERIENCE" Name="LOC_ABILITY_NIKOLA_SUBIC_ZRINSKI_BONUS_EXPERIENCE_NAME" Description="LOC_ABILITY_NIKOLA_SUBIC_ZRINSKI_BONUS_EXPERIENCE_DESCRIPTION" Inactive="true"/>
	</UnitAbilities>
	<UnitAbilityModifiers>
		<Row>
			<UnitAbilityType>ABILITY_NIKOLA_SUBIC_ZRINSKI_BONUS_EXPERIENCE</UnitAbilityType>
			<ModifierId>NIKOLA_SUBIC_ZRINSKI_BONUS_EXPERIENCE</ModifierId>
		</Row>
	</UnitAbilityModifiers>
	<Modifiers>
		<Row>
			<ModifierId>NIKOLA_SUBIC_ZRINSKI_BONUS_EXPERIENCE</ModifierId>
			<ModifierType>MODIFIER_PLAYER_UNIT_ADJUST_UNIT_EXPERIENCE_MODIFIER</ModifierType>
		</Row>
	</Modifiers>
	<ModifierArguments>
		<Row>
			<ModifierId>NIKOLA_SUBIC_ZRINSKI_BONUS_EXPERIENCE</ModifierId>
			<Name>Amount</Name>
			<Value>50</Value>
		</Row>
	</ModifierArguments>
</GameInfo>
