<?xml version="1.0" encoding="utf-8"?>
<GameData>
	<BaseGameText>
		<!-- Great Person Story -->
		<Row Tag="LOC_PEDIA_GREATPEOPLE_PAGE_GREAT_PERSON_INDIVIDUAL_JOSEPH_SMITH_JR_CHAPTER_HISTORY_PARA_1">
			<Text></Text>
		</Row>
		<Row Tag="LOC_PEDIA_GREATPEOPLE_PAGE_GREAT_PERSON_INDIVIDUAL_JOSEPH_SMITH_JR_CHAPTER_HISTORY_PARA_2">
			<Text></Text>
		</Row>
		<Row Tag="LOC_PEDIA_GREATPEOPLE_PAGE_GREAT_PERSON_INDIVIDUAL_JOSEPH_SMITH_JR_CHAPTER_HISTORY_PARA_3">
			<Text></Text>
		</Row>

		<Row Tag="LOC_PEDIA_GREATPEOPLE_PAGE_GREAT_PERSON_INDIVIDUAL_BOBBY_HENDERSON_CHAPTER_HISTORY_PARA_1">
			<Text></Text>
		</Row>
		<Row Tag="LOC_PEDIA_GREATPEOPLE_PAGE_GREAT_PERSON_INDIVIDUAL_BOBBY_HENDERSON_CHAPTER_HISTORY_PARA_2">
			<Text></Text>
		</Row>
		<Row Tag="LOC_PEDIA_GREATPEOPLE_PAGE_GREAT_PERSON_INDIVIDUAL_BOBBY_HENDERSON_CHAPTER_HISTORY_PARA_3">
			<Text></Text>
		</Row>

		<Row Tag="LOC_PEDIA_GREATPEOPLE_PAGE_GREAT_PERSON_INDIVIDUAL_JHON_HARRISON_CHAPTER_HISTORY_PARA_1">
			<Text></Text>
		</Row>
		<Row Tag="LOC_PEDIA_GREATPEOPLE_PAGE_GREAT_PERSON_INDIVIDUAL_JHON_HARRISON_CHAPTER_HISTORY_PARA_2">
			<Text></Text>
		</Row>
		<Row Tag="LOC_PEDIA_GREATPEOPLE_PAGE_GREAT_PERSON_INDIVIDUAL_JHON_HARRISON_CHAPTER_HISTORY_PARA_3">
			<Text></Text>
		</Row>

		<Row Tag="LOC_PEDIA_GREATPEOPLE_PAGE_GREAT_PERSON_INDIVIDUAL_CHE_GUEVARA_CHAPTER_HISTORY_PARA_1">
			<Text></Text>
		</Row>
		<Row Tag="LOC_PEDIA_GREATPEOPLE_PAGE_GREAT_PERSON_INDIVIDUAL_CHE_GUEVARA_CHAPTER_HISTORY_PARA_2">
			<Text></Text>
		</Row>
		<Row Tag="LOC_PEDIA_GREATPEOPLE_PAGE_GREAT_PERSON_INDIVIDUAL_CHE_GUEVARA_CHAPTER_HISTORY_PARA_3">
			<Text></Text>
		</Row>

		<Row Tag="LOC_PEDIA_GREATPEOPLE_PAGE_GREAT_PERSON_INDIVIDUAL_MIKU_HATSUNE_CHAPTER_HISTORY_PARA_1">
			<Text></Text>
		</Row>
		<Row Tag="LOC_PEDIA_GREATPEOPLE_PAGE_GREAT_PERSON_INDIVIDUAL_MIKU_HATSUNE_CHAPTER_HISTORY_PARA_2">
			<Text></Text>
		</Row>
		<Row Tag="LOC_PEDIA_GREATPEOPLE_PAGE_GREAT_PERSON_INDIVIDUAL_MIKU_HATSUNE_CHAPTER_HISTORY_PARA_3">
			<Text></Text>
		</Row>

		<Row Tag="LOC_PEDIA_GREATPEOPLE_PAGE_GREAT_PERSON_INDIVIDUAL_MARIE_CURIE_CHAPTER_HISTORY_PARA_1">
			<Text></Text>
		</Row>
		<Row Tag="LOC_PEDIA_GREATPEOPLE_PAGE_GREAT_PERSON_INDIVIDUAL_MARIE_CURIE_CHAPTER_HISTORY_PARA_2">
			<Text></Text>
		</Row>
		<Row Tag="LOC_PEDIA_GREATPEOPLE_PAGE_GREAT_PERSON_INDIVIDUAL_MARIE_CURIE_CHAPTER_HISTORY_PARA_3">
			<Text></Text>
		</Row>

		<Row Tag="LOC_PEDIA_GREATPEOPLE_PAGE_GREAT_PERSON_INDIVIDUAL_JOHANNES_VERMEER_CHAPTER_HISTORY_PARA_1">
			<Text></Text>
		</Row>
		<Row Tag="LOC_PEDIA_GREATPEOPLE_PAGE_GREAT_PERSON_INDIVIDUAL_JOHANNES_VERMEER_CHAPTER_HISTORY_PARA_2">
			<Text></Text>
		</Row>
		<Row Tag="LOC_PEDIA_GREATPEOPLE_PAGE_GREAT_PERSON_INDIVIDUAL_JOHANNES_VERMEER_CHAPTER_HISTORY_PARA_3">
			<Text></Text>
		</Row>

		<Row Tag="LOC_PEDIA_GREATPEOPLE_PAGE_GREAT_PERSON_INDIVIDUAL_HOWARD_PHILLIPS_LOVECRAFT_CHAPTER_HISTORY_PARA_1">
			<Text></Text>
		</Row>
		<Row Tag="LOC_PEDIA_GREATPEOPLE_PAGE_GREAT_PERSON_INDIVIDUAL_HOWARD_PHILLIPS_LOVECRAFT_CHAPTER_HISTORY_PARA_2">
			<Text></Text>
		</Row>
		<Row Tag="LOC_PEDIA_GREATPEOPLE_PAGE_GREAT_PERSON_INDIVIDUAL_HOWARD_PHILLIPS_LOVECRAFT_CHAPTER_HISTORY_PARA_3">
			<Text></Text>
		</Row>

		<Row Tag="LOC_PEDIA_GREATPEOPLE_PAGE_GREAT_PERSON_INDIVIDUAL_BILL_GATES_CHAPTER_HISTORY_PARA_1">
			<Text></Text>
		</Row>
		<Row Tag="LOC_PEDIA_GREATPEOPLE_PAGE_GREAT_PERSON_INDIVIDUAL_BILL_GATES_CHAPTER_HISTORY_PARA_2">
			<Text></Text>
		</Row>
		<Row Tag="LOC_PEDIA_GREATPEOPLE_PAGE_GREAT_PERSON_INDIVIDUAL_BILL_GATES_CHAPTER_HISTORY_PARA_3">
			<Text></Text>
		</Row>

		<Row Tag="LOC_PEDIA_GREATPEOPLE_PAGE_GREAT_PERSON_INDIVIDUAL_CASEY_RYBACK_CHAPTER_HISTORY_PARA_1">
			<Text></Text>
		</Row>
		<Row Tag="LOC_PEDIA_GREATPEOPLE_PAGE_GREAT_PERSON_INDIVIDUAL_CASEY_RYBACK_CHAPTER_HISTORY_PARA_2">
			<Text></Text>
		</Row>
		<Row Tag="LOC_PEDIA_GREATPEOPLE_PAGE_GREAT_PERSON_INDIVIDUAL_CASEY_RYBACK_CHAPTER_HISTORY_PARA_3">
			<Text></Text>
		</Row>

		<Row Tag="LOC_PEDIA_GREATPEOPLE_PAGE_GREAT_PERSON_INDIVIDUAL_SATHYA_SAI_BABA_CHAPTER_HISTORY_PARA_1">
			<Text></Text>
		</Row>
		<Row Tag="LOC_PEDIA_GREATPEOPLE_PAGE_GREAT_PERSON_INDIVIDUAL_SATHYA_SAI_BABA_CHAPTER_HISTORY_PARA_2">
			<Text></Text>
		</Row>
		<Row Tag="LOC_PEDIA_GREATPEOPLE_PAGE_GREAT_PERSON_INDIVIDUAL_SATHYA_SAI_BABA_CHAPTER_HISTORY_PARA_3">
			<Text></Text>
		</Row>

		<Row Tag="LOC_PEDIA_GREATPEOPLE_PAGE_GREAT_PERSON_INDIVIDUAL_CHARLES_TAZE_RUSSELL_CHAPTER_HISTORY_PARA_1">
			<Text></Text>
		</Row>
		<Row Tag="LOC_PEDIA_GREATPEOPLE_PAGE_GREAT_PERSON_INDIVIDUAL_CHARLES_TAZE_RUSSELL_CHAPTER_HISTORY_PARA_2">
			<Text></Text>
		</Row>
		<Row Tag="LOC_PEDIA_GREATPEOPLE_PAGE_GREAT_PERSON_INDIVIDUAL_CHARLES_TAZE_RUSSELL_CHAPTER_HISTORY_PARA_3">
			<Text></Text>
		</Row>

		<Row Tag="LOC_PEDIA_GREATPEOPLE_PAGE_GREAT_PERSON_INDIVIDUAL_YOUSUKE_KADOMATSU_CHAPTER_HISTORY_PARA_1">
			<Text></Text>
		</Row>
		<Row Tag="LOC_PEDIA_GREATPEOPLE_PAGE_GREAT_PERSON_INDIVIDUAL_YOUSUKE_KADOMATSU_CHAPTER_HISTORY_PARA_2">
			<Text></Text>
		</Row>
		<Row Tag="LOC_PEDIA_GREATPEOPLE_PAGE_GREAT_PERSON_INDIVIDUAL_YOUSUKE_KADOMATSU_CHAPTER_HISTORY_PARA_3">
			<Text></Text>
		</Row>

		<Row Tag="LOC_PEDIA_GREATPEOPLE_PAGE_GREAT_PERSON_INDIVIDUAL_STANISLAW_MACZEK_CHAPTER_HISTORY_PARA_1">
			<Text></Text>
		</Row>
		<Row Tag="LOC_PEDIA_GREATPEOPLE_PAGE_GREAT_PERSON_INDIVIDUAL_STANISLAW_MACZEK_CHAPTER_HISTORY_PARA_2">
			<Text></Text>
		</Row>
		<Row Tag="LOC_PEDIA_GREATPEOPLE_PAGE_GREAT_PERSON_INDIVIDUAL_STANISLAW_MACZEK_CHAPTER_HISTORY_PARA_3">
			<Text></Text>
		</Row>

		<Row Tag="LOC_PEDIA_GREATPEOPLE_PAGE_GREAT_PERSON_INDIVIDUAL_FLORENCE_NIGHTINGALE_CHAPTER_HISTORY_PARA_1">
			<Text></Text>
		</Row>
		<Row Tag="LOC_PEDIA_GREATPEOPLE_PAGE_GREAT_PERSON_INDIVIDUAL_FLORENCE_NIGHTINGALE_CHAPTER_HISTORY_PARA_2">
			<Text></Text>
		</Row>
		<Row Tag="LOC_PEDIA_GREATPEOPLE_PAGE_GREAT_PERSON_INDIVIDUAL_FLORENCE_NIGHTINGALE_CHAPTER_HISTORY_PARA_3">
			<Text></Text>
		</Row>

		<Row Tag="LOC_PEDIA_GREATPEOPLE_PAGE_GREAT_PERSON_INDIVIDUAL_MIKI_NAKAYAMA_CHAPTER_HISTORY_PARA_1">
			<Text></Text>
		</Row>
		<Row Tag="LOC_PEDIA_GREATPEOPLE_PAGE_GREAT_PERSON_INDIVIDUAL_MIKI_NAKAYAMA_CHAPTER_HISTORY_PARA_2">
			<Text></Text>
		</Row>
		<Row Tag="LOC_PEDIA_GREATPEOPLE_PAGE_GREAT_PERSON_INDIVIDUAL_MIKI_NAKAYAMA_CHAPTER_HISTORY_PARA_3">
			<Text></Text>
		</Row>

		<Row Tag="LOC_PEDIA_GREATPEOPLE_PAGE_GREAT_PERSON_INDIVIDUAL_NGO_VAN_CHIEU_CHAPTER_HISTORY_PARA_1">
			<Text></Text>
		</Row>
		<Row Tag="LOC_PEDIA_GREATPEOPLE_PAGE_GREAT_PERSON_INDIVIDUAL_NGO_VAN_CHIEU_CHAPTER_HISTORY_PARA_2">
			<Text></Text>
		</Row>
		<Row Tag="LOC_PEDIA_GREATPEOPLE_PAGE_GREAT_PERSON_INDIVIDUAL_NGO_VAN_CHIEU_CHAPTER_HISTORY_PARA_3">
			<Text></Text>
		</Row>

		<Row Tag="LOC_PEDIA_GREATPEOPLE_PAGE_GREAT_PERSON_INDIVIDUAL_BRADLEY_BOND_CHAPTER_HISTORY_PARA_1">
			<Text></Text>
		</Row>
		<Row Tag="LOC_PEDIA_GREATPEOPLE_PAGE_GREAT_PERSON_INDIVIDUAL_BRADLEY_BOND_CHAPTER_HISTORY_PARA_2">
			<Text></Text>
		</Row>
		<Row Tag="LOC_PEDIA_GREATPEOPLE_PAGE_GREAT_PERSON_INDIVIDUAL_BRADLEY_BOND_CHAPTER_HISTORY_PARA_3">
			<Text></Text>
		</Row>

		<Row Tag="LOC_PEDIA_GREATPEOPLE_PAGE_GREAT_PERSON_INDIVIDUAL_LADY_GAGA_CHAPTER_HISTORY_PARA_1">
			<Text></Text>
		</Row>
		<Row Tag="LOC_PEDIA_GREATPEOPLE_PAGE_GREAT_PERSON_INDIVIDUAL_LADY_GAGA_CHAPTER_HISTORY_PARA_2">
			<Text></Text>
		</Row>
		<Row Tag="LOC_PEDIA_GREATPEOPLE_PAGE_GREAT_PERSON_INDIVIDUAL_LADY_GAGA_CHAPTER_HISTORY_PARA_3">
			<Text></Text>
		</Row>

		<Row Tag="LOC_PEDIA_GREATPEOPLE_PAGE_GREAT_PERSON_INDIVIDUAL_PISANELLO_CHAPTER_HISTORY_PARA_1">
			<Text></Text>
		</Row>
		<Row Tag="LOC_PEDIA_GREATPEOPLE_PAGE_GREAT_PERSON_INDIVIDUAL_PISANELLO_CHAPTER_HISTORY_PARA_2">
			<Text></Text>
		</Row>
		<Row Tag="LOC_PEDIA_GREATPEOPLE_PAGE_GREAT_PERSON_INDIVIDUAL_PISANELLO_CHAPTER_HISTORY_PARA_3">
			<Text></Text>
		</Row>

		<Row Tag="LOC_PEDIA_GREATPEOPLE_PAGE_GREAT_PERSON_INDIVIDUAL_TINTORETTO_CHAPTER_HISTORY_PARA_1">
			<Text></Text>
		</Row>
		<Row Tag="LOC_PEDIA_GREATPEOPLE_PAGE_GREAT_PERSON_INDIVIDUAL_TINTORETTO_CHAPTER_HISTORY_PARA_2">
			<Text></Text>
		</Row>
		<Row Tag="LOC_PEDIA_GREATPEOPLE_PAGE_GREAT_PERSON_INDIVIDUAL_TINTORETTO_CHAPTER_HISTORY_PARA_3">
			<Text></Text>
		</Row>

		<Row Tag="LOC_PEDIA_GREATPEOPLE_PAGE_GREAT_PERSON_INDIVIDUAL_TAIKAN_YOKOYAMA_CHAPTER_HISTORY_PARA_1">
			<Text></Text>
		</Row>
		<Row Tag="LOC_PEDIA_GREATPEOPLE_PAGE_GREAT_PERSON_INDIVIDUAL_TAIKAN_YOKOYAMA_CHAPTER_HISTORY_PARA_2">
			<Text></Text>
		</Row>
		<Row Tag="LOC_PEDIA_GREATPEOPLE_PAGE_GREAT_PERSON_INDIVIDUAL_TAIKAN_YOKOYAMA_CHAPTER_HISTORY_PARA_3">
			<Text></Text>
		</Row>

		<Row Tag="LOC_PEDIA_GREATPEOPLE_PAGE_GREAT_PERSON_INDIVIDUAL_BENJAMIN_FRANKLIN_CHAPTER_HISTORY_PARA_1">
			<Text></Text>
		</Row>
		<Row Tag="LOC_PEDIA_GREATPEOPLE_PAGE_GREAT_PERSON_INDIVIDUAL_BENJAMIN_FRANKLIN_CHAPTER_HISTORY_PARA_2">
			<Text></Text>
		</Row>
		<Row Tag="LOC_PEDIA_GREATPEOPLE_PAGE_GREAT_PERSON_INDIVIDUAL_BENJAMIN_FRANKLIN_CHAPTER_HISTORY_PARA_3">
			<Text></Text>
		</Row>

		<Row Tag="LOC_PEDIA_GREATPEOPLE_PAGE_GREAT_PERSON_INDIVIDUAL_ALUBOMULLE_SUMANASARA_CHAPTER_HISTORY_PARA_1">
			<Text></Text>
		</Row>
		<Row Tag="LOC_PEDIA_GREATPEOPLE_PAGE_GREAT_PERSON_INDIVIDUAL_ALUBOMULLE_SUMANASARA_CHAPTER_HISTORY_PARA_2">
			<Text></Text>
		</Row>
		<Row Tag="LOC_PEDIA_GREATPEOPLE_PAGE_GREAT_PERSON_INDIVIDUAL_ALUBOMULLE_SUMANASARA_CHAPTER_HISTORY_PARA_3">
			<Text></Text>
		</Row>

		<Row Tag="LOC_PEDIA_GREATPEOPLE_PAGE_GREAT_PERSON_INDIVIDUAL_ELLEN_GOULD_WHITE_CHAPTER_HISTORY_PARA_1">
			<Text></Text>
		</Row>
		<Row Tag="LOC_PEDIA_GREATPEOPLE_PAGE_GREAT_PERSON_INDIVIDUAL_ELLEN_GOULD_WHITE_CHAPTER_HISTORY_PARA_2">
			<Text></Text>
		</Row>
		<Row Tag="LOC_PEDIA_GREATPEOPLE_PAGE_GREAT_PERSON_INDIVIDUAL_ELLEN_GOULD_WHITE_CHAPTER_HISTORY_PARA_3">
			<Text></Text>
		</Row>

		<Row Tag="LOC_PEDIA_GREATPEOPLE_PAGE_GREAT_PERSON_INDIVIDUAL_GUAN_YU_CHAPTER_HISTORY_PARA_1">
			<Text></Text>
		</Row>
		<Row Tag="LOC_PEDIA_GREATPEOPLE_PAGE_GREAT_PERSON_INDIVIDUAL_GUAN_YU_CHAPTER_HISTORY_PARA_2">
			<Text></Text>
		</Row>
		<Row Tag="LOC_PEDIA_GREATPEOPLE_PAGE_GREAT_PERSON_INDIVIDUAL_GUAN_YU_CHAPTER_HISTORY_PARA_3">
			<Text></Text>
		</Row>

		<Row Tag="LOC_PEDIA_GREATPEOPLE_PAGE_GREAT_PERSON_INDIVIDUAL_YOSHITUNE_MINAMOTO_CHAPTER_HISTORY_PARA_1">
			<Text></Text>
		</Row>
		<Row Tag="LOC_PEDIA_GREATPEOPLE_PAGE_GREAT_PERSON_INDIVIDUAL_YOSHITUNE_MINAMOTO_CHAPTER_HISTORY_PARA_2">
			<Text></Text>
		</Row>
		<Row Tag="LOC_PEDIA_GREATPEOPLE_PAGE_GREAT_PERSON_INDIVIDUAL_YOSHITUNE_MINAMOTO_CHAPTER_HISTORY_PARA_3">
			<Text></Text>
		</Row>
		
		<Row Tag="LOC_PEDIA_GREATPEOPLE_PAGE_GREAT_PERSON_INDIVIDUAL_YUKICHI_FUKUZAWA_CHAPTER_HISTORY_PARA_1">
			<Text></Text>
		</Row>
		<Row Tag="LOC_PEDIA_GREATPEOPLE_PAGE_GREAT_PERSON_INDIVIDUAL_YUKICHI_FUKUZAWA_CHAPTER_HISTORY_PARA_2">
			<Text></Text>
		</Row>
		<Row Tag="LOC_PEDIA_GREATPEOPLE_PAGE_GREAT_PERSON_INDIVIDUAL_YUKICHI_FUKUZAWA_CHAPTER_HISTORY_PARA_3">
			<Text></Text>
		</Row>

		<Row Tag="LOC_PEDIA_GREATPEOPLE_PAGE_GREAT_PERSON_INDIVIDUAL_THOMAS_TWINING_CHAPTER_HISTORY_PARA_1">
			<Text></Text>
		</Row>
		<Row Tag="LOC_PEDIA_GREATPEOPLE_PAGE_GREAT_PERSON_INDIVIDUAL_THOMAS_TWINING_CHAPTER_HISTORY_PARA_2">
			<Text></Text>
		</Row>
		<Row Tag="LOC_PEDIA_GREATPEOPLE_PAGE_GREAT_PERSON_INDIVIDUAL_THOMAS_TWINING_CHAPTER_HISTORY_PARA_3">
			<Text></Text>
		</Row>

		<Row Tag="LOC_PEDIA_GREATPEOPLE_PAGE_GREAT_PERSON_INDIVIDUAL_NIKOLA_SUBIC_ZRINSKI_CHAPTER_HISTORY_PARA_1">
			<Text></Text>
		</Row>
		<Row Tag="LOC_PEDIA_GREATPEOPLE_PAGE_GREAT_PERSON_INDIVIDUAL_NIKOLA_SUBIC_ZRINSKI_CHAPTER_HISTORY_PARA_2">
			<Text></Text>
		</Row>
		<Row Tag="LOC_PEDIA_GREATPEOPLE_PAGE_GREAT_PERSON_INDIVIDUAL_NIKOLA_SUBIC_ZRINSKI_CHAPTER_HISTORY_PARA_3">
			<Text></Text>
		</Row>

		<Row Tag="LOC_PEDIA_GREATPEOPLE_PAGE_GREAT_PERSON_INDIVIDUAL_NESTORIUS_CHAPTER_HISTORY_PARA_1">
			<Text></Text>
		</Row>
		<Row Tag="LOC_PEDIA_GREATPEOPLE_PAGE_GREAT_PERSON_INDIVIDUAL_NESTORIUS_CHAPTER_HISTORY_PARA_2">
			<Text></Text>
		</Row>
		<Row Tag="LOC_PEDIA_GREATPEOPLE_PAGE_GREAT_PERSON_INDIVIDUAL_NESTORIUS_CHAPTER_HISTORY_PARA_3">
			<Text></Text>
		</Row>

		<Row Tag="LOC_PEDIA_GREATPEOPLE_PAGE_GREAT_PERSON_INDIVIDUAL_MAHAVIRA_CHAPTER_HISTORY_PARA_1">
			<Text></Text>
		</Row>
		<Row Tag="LOC_PEDIA_GREATPEOPLE_PAGE_GREAT_PERSON_INDIVIDUAL_MAHAVIRA_CHAPTER_HISTORY_PARA_2">
			<Text></Text>
		</Row>
		<Row Tag="LOC_PEDIA_GREATPEOPLE_PAGE_GREAT_PERSON_INDIVIDUAL_MAHAVIRA_CHAPTER_HISTORY_PARA_3">
			<Text></Text>
		</Row>

		<Row Tag="LOC_PEDIA_GREATPEOPLE_PAGE_GREAT_PERSON_INDIVIDUAL_MANI_CHAPTER_HISTORY_PARA_1">
			<Text></Text>
		</Row>
		<Row Tag="LOC_PEDIA_GREATPEOPLE_PAGE_GREAT_PERSON_INDIVIDUAL_MANI_CHAPTER_HISTORY_PARA_2">
			<Text></Text>
		</Row>
		<Row Tag="LOC_PEDIA_GREATPEOPLE_PAGE_GREAT_PERSON_INDIVIDUAL_MANI_CHAPTER_HISTORY_PARA_3">
			<Text></Text>
		</Row>

		<Row Tag="LOC_PEDIA_GREATPEOPLE_PAGE_GREAT_PERSON_INDIVIDUAL_MOSES_CHAPTER_HISTORY_PARA_1">
			<Text></Text>
		</Row>
		<Row Tag="LOC_PEDIA_GREATPEOPLE_PAGE_GREAT_PERSON_INDIVIDUAL_MOSES_CHAPTER_HISTORY_PARA_2">
			<Text></Text>
		</Row>
		<Row Tag="LOC_PEDIA_GREATPEOPLE_PAGE_GREAT_PERSON_INDIVIDUAL_MOSES_CHAPTER_HISTORY_PARA_3">
			<Text></Text>
		</Row>

		<Row Tag="LOC_PEDIA_GREATPEOPLE_PAGE_GREAT_PERSON_INDIVIDUAL_MUHAMMAD_CHAPTER_HISTORY_PARA_1">
			<Text></Text>
		</Row>
		<Row Tag="LOC_PEDIA_GREATPEOPLE_PAGE_GREAT_PERSON_INDIVIDUAL_MUHAMMAD_CHAPTER_HISTORY_PARA_2">
			<Text></Text>
		</Row>
		<Row Tag="LOC_PEDIA_GREATPEOPLE_PAGE_GREAT_PERSON_INDIVIDUAL_MUHAMMAD_CHAPTER_HISTORY_PARA_3">
			<Text></Text>
		</Row>

		<Row Tag="LOC_PEDIA_GREATPEOPLE_PAGE_GREAT_PERSON_INDIVIDUAL_GURU_NANAK_CHAPTER_HISTORY_PARA_1">
			<Text></Text>
		</Row>
		<Row Tag="LOC_PEDIA_GREATPEOPLE_PAGE_GREAT_PERSON_INDIVIDUAL_GURU_NANAK_CHAPTER_HISTORY_PARA_2">
			<Text></Text>
		</Row>
		<Row Tag="LOC_PEDIA_GREATPEOPLE_PAGE_GREAT_PERSON_INDIVIDUAL_GURU_NANAK_CHAPTER_HISTORY_PARA_3">
			<Text></Text>
		</Row>

		<Row Tag="LOC_PEDIA_GREATPEOPLE_PAGE_GREAT_PERSON_INDIVIDUAL_BAHA_ULLAH_CHAPTER_HISTORY_PARA_1">
			<Text></Text>
		</Row>
		<Row Tag="LOC_PEDIA_GREATPEOPLE_PAGE_GREAT_PERSON_INDIVIDUAL_BAHA_ULLAH_CHAPTER_HISTORY_PARA_2">
			<Text></Text>
		</Row>
		<Row Tag="LOC_PEDIA_GREATPEOPLE_PAGE_GREAT_PERSON_INDIVIDUAL_BAHA_ULLAH_CHAPTER_HISTORY_PARA_3">
			<Text></Text>
		</Row>

		<Row Tag="LOC_PEDIA_GREATPEOPLE_PAGE_GREAT_PERSON_INDIVIDUAL_STEVE_ELEY_CHAPTER_HISTORY_PARA_1">
			<Text></Text>
		</Row>
		<Row Tag="LOC_PEDIA_GREATPEOPLE_PAGE_GREAT_PERSON_INDIVIDUAL_STEVE_ELEY_CHAPTER_HISTORY_PARA_2">
			<Text></Text>
		</Row>
		<Row Tag="LOC_PEDIA_GREATPEOPLE_PAGE_GREAT_PERSON_INDIVIDUAL_STEVE_ELEY_CHAPTER_HISTORY_PARA_3">
			<Text></Text>
		</Row>

		<Row Tag="LOC_PEDIA_GREATPEOPLE_PAGE_GREAT_PERSON_INDIVIDUAL_JOHN_WESLEY_CHAPTER_HISTORY_PARA_1">
			<Text></Text>
		</Row>
		<Row Tag="LOC_PEDIA_GREATPEOPLE_PAGE_GREAT_PERSON_INDIVIDUAL_JOHN_WESLEY_CHAPTER_HISTORY_PARA_2">
			<Text></Text>
		</Row>
		<Row Tag="LOC_PEDIA_GREATPEOPLE_PAGE_GREAT_PERSON_INDIVIDUAL_JOHN_WESLEY_CHAPTER_HISTORY_PARA_3">
			<Text></Text>
		</Row>

		<Row Tag="LOC_PEDIA_GREATPEOPLE_PAGE_GREAT_PERSON_INDIVIDUAL_HUYNH_PHU_SO_CHAPTER_HISTORY_PARA_1">
			<Text></Text>
		</Row>
		<Row Tag="LOC_PEDIA_GREATPEOPLE_PAGE_GREAT_PERSON_INDIVIDUAL_HUYNH_PHU_SO_CHAPTER_HISTORY_PARA_2">
			<Text></Text>
		</Row>
		<Row Tag="LOC_PEDIA_GREATPEOPLE_PAGE_GREAT_PERSON_INDIVIDUAL_HUYNH_PHU_SO_CHAPTER_HISTORY_PARA_3">
			<Text></Text>
		</Row>
		
		<Row Tag="LOC_GREATWORK_CHE_GUEVARA_NAME">
			<Text>La Guerra de Guerrillas</Text>
		</Row>

		<Row Tag="LOC_GREATWORK_MIKU_HATSUNE_1_NAME">
			<Text>Mikkumiku ni shiteageru</Text>
		</Row>
		<Row Tag="LOC_GREATWORK_MIKU_HATSUNE_2_NAME">
			<Text>Melt</Text>
		</Row>

		<Row Tag="LOC_GREATWORK_VERMEER_1_NAME">
			<Text>Gezicht op Delft</Text>
		</Row>
		<Row Tag="LOC_GREATWORK_VERMEER_2_NAME">
			<Text>Het melkmeisje</Text>
		</Row>
		<Row Tag="LOC_GREATWORK_VERMEER_3_NAME">
			<Text>Het meisje met de parel</Text>
		</Row>

		<Row Tag="LOC_GREATWORK_LOVECRAFT_1_NAME">
			<Text>The Beast in the Cave</Text>
		</Row>
		<Row Tag="LOC_GREATWORK_LOVECRAFT_2_NAME">
			<Text>The Dunwich Horror</Text>
		</Row>

		<Row Tag="LOC_GREATWORK_BRADLEY_BOND_1_NAME">
			<Text>Ninja Slayer -Neo-Saitama in Flames-</Text>
		</Row>
		<Row Tag="LOC_GREATWORK_BRADLEY_BOND_2_NAME">
			<Text>Ninja Slayer -Kyoto: Hell on Earth-</Text>
		</Row>

		<Row Tag="LOC_GREATWORK_LADY_GAGA_1_NAME">
			<Text>Bad Romance</Text>
		</Row>
		<Row Tag="LOC_GREATWORK_LADY_GAGA_2_NAME">
			<Text>Poker Face</Text>
		</Row>

		<Row Tag="LOC_GREATWORK_PISANELLO_1_NAME">
			<Text>donna pubblica Este</Text>
		</Row>
		<Row Tag="LOC_GREATWORK_PISANELLO_2_NAME">
			<Text>Visione di San Sant'Eustachio</Text>
		</Row>
		<Row Tag="LOC_GREATWORK_PISANELLO_3_NAME">
			<Text>Madonna col Bambino e Sant'Antonio, San Giorgio</Text>
		</Row>

		<Row Tag="LOC_GREATWORK_TINTORETTO_1_NAME">
			<Text>Marriage at Cana</Text>
		</Row>
		<Row Tag="LOC_GREATWORK_TINTORETTO_2_NAME">
			<Text>Crucifixion</Text>
		</Row>
		<Row Tag="LOC_GREATWORK_TINTORETTO_3_NAME">
			<Text>Susanna and the Elders</Text>
		</Row>

		<Row Tag="LOC_GREATWORK_TAIKAN_1_NAME">
			<Text>Kutsugen</Text>
		</Row>
		<Row Tag="LOC_GREATWORK_TAIKAN_2_NAME">
			<Text>Hakubai</Text>
		</Row>
		<Row Tag="LOC_GREATWORK_TAIKAN_3_NAME">
			<Text>Mt. Hourai</Text>
		</Row>

		<Row Tag="LOC_GREATWORK_CHE_GUEVARA_QUOTE">
			<Text>The path of peace revolution and electoral change should be desirable and pursued if possible. However, it is unlikely that such hope would be realized in any of the Latin American countries under current conditions.</Text>
		</Row>
		<Row Tag="LOC_GREATWORK_HOWARD_PHILLIPS_LOVECRAFT_1_QUOTE">
			<Text>Then fear left, and wonder, awe, compassion, and reverence succeeded in its place.</Text>
		</Row>
		<Row Tag="LOC_GREATWORK_HOWARD_PHILLIPS_LOVECRAFT_2_QUOTE">
			<Text>God, that hand! The window! The window!</Text>
		</Row>
		<Row Tag="LOC_GREATWORK_BRADLEY_BOND_1_QUOTE">
			<Text>There is no mercy to kill Ninja.</Text>
		</Row>
		<Row Tag="LOC_GREATWORK_BRADLEY_BOND_2_QUOTE">
			<Text>It's best to solve everything with violence.</Text>
		</Row>

		<Row Tag="LOC_PEDIA_RESOURCES_PAGE_RESOURCE_COMPUTERS_CHAPTER_HISTORY_PARA_1">
			<Text></Text>
		</Row>
	</BaseGameText>
</GameData>
