<?xml version="1.0" encoding="utf-8"?>
<GameData>
	<Types>
		<!-- 大預言者 -->
		<Row Type="GREAT_PERSON_INDIVIDUAL_JOSEPH_SMITH_JR"           Kind="KIND_GREAT_PERSON_INDIVIDUAL"/>
		<Row Type="GREAT_PERSON_INDIVIDUAL_BOBBY_HENDERSON"           Kind="KIND_GREAT_PERSON_INDIVIDUAL"/>
		<Row Type="GREAT_PERSON_INDIVIDUAL_SATHYA_SAI_BABA"           Kind="KIND_GREAT_PERSON_INDIVIDUAL"/>
		<Row Type="GREAT_PERSON_INDIVIDUAL_CHARLES_TAZE_RUSSELL"      Kind="KIND_GREAT_PERSON_INDIVIDUAL"/>
		<Row Type="GREAT_PERSON_INDIVIDUAL_MIKI_NAKAYAMA"             Kind="KIND_GREAT_PERSON_INDIVIDUAL"/>
		<Row Type="GREAT_PERSON_INDIVIDUAL_NGO_VAN_CHIEU"             Kind="KIND_GREAT_PERSON_INDIVIDUAL"/>
		<Row Type="GREAT_PERSON_INDIVIDUAL_ALUBOMULLE_SUMANASARA"     Kind="KIND_GREAT_PERSON_INDIVIDUAL"/>
		<Row Type="GREAT_PERSON_INDIVIDUAL_ELLEN_GOULD_WHITE"         Kind="KIND_GREAT_PERSON_INDIVIDUAL"/>
		<Row Type="GREAT_PERSON_INDIVIDUAL_NESTORIUS"                 Kind="KIND_GREAT_PERSON_INDIVIDUAL"/>
		<Row Type="GREAT_PERSON_INDIVIDUAL_MAHAVIRA"                  Kind="KIND_GREAT_PERSON_INDIVIDUAL"/>
		<Row Type="GREAT_PERSON_INDIVIDUAL_MANI"                      Kind="KIND_GREAT_PERSON_INDIVIDUAL"/>
		<Row Type="GREAT_PERSON_INDIVIDUAL_MOSES"                     Kind="KIND_GREAT_PERSON_INDIVIDUAL"/>
		<Row Type="GREAT_PERSON_INDIVIDUAL_MUHAMMAD"                  Kind="KIND_GREAT_PERSON_INDIVIDUAL"/>
		<Row Type="GREAT_PERSON_INDIVIDUAL_GURU_NANAK"                Kind="KIND_GREAT_PERSON_INDIVIDUAL"/>
		<Row Type="GREAT_PERSON_INDIVIDUAL_BAHA_ULLAH"                Kind="KIND_GREAT_PERSON_INDIVIDUAL"/>
		<Row Type="GREAT_PERSON_INDIVIDUAL_STEVE_ELEY"                Kind="KIND_GREAT_PERSON_INDIVIDUAL"/>
		<Row Type="GREAT_PERSON_INDIVIDUAL_JOHN_WESLEY"               Kind="KIND_GREAT_PERSON_INDIVIDUAL"/>
		<Row Type="GREAT_PERSON_INDIVIDUAL_HUYNH_PHU_SO"              Kind="KIND_GREAT_PERSON_INDIVIDUAL"/>
		<!-- 大技術者 -->
		<Row Type="GREAT_PERSON_INDIVIDUAL_JHON_HARRISON"             Kind="KIND_GREAT_PERSON_INDIVIDUAL"/>
		<Row Type="GREAT_PERSON_INDIVIDUAL_BENJAMIN_FRANKLIN"         Kind="KIND_GREAT_PERSON_INDIVIDUAL"/>
		<!-- 大科学者 -->
		<Row Type="GREAT_PERSON_INDIVIDUAL_MARIE_CURIE"               Kind="KIND_GREAT_PERSON_INDIVIDUAL"/>
		<Row Type="GREAT_PERSON_INDIVIDUAL_FLORENCE_NIGHTINGALE"      Kind="KIND_GREAT_PERSON_INDIVIDUAL"/>
		<Row Type="GREAT_PERSON_INDIVIDUAL_YUKICHI_FUKUZAWA"          Kind="KIND_GREAT_PERSON_INDIVIDUAL"/>
		<!-- 大商人 -->
		<Row Type="GREAT_PERSON_INDIVIDUAL_BILL_GATES"                Kind="KIND_GREAT_PERSON_INDIVIDUAL"/>
		<Row Type="GREAT_PERSON_INDIVIDUAL_THOMAS_TWINING"            Kind="KIND_GREAT_PERSON_INDIVIDUAL"/>
		<!-- 大著述家 -->
		<Row Type="GREAT_PERSON_INDIVIDUAL_HOWARD_PHILLIPS_LOVECRAFT" Kind="KIND_GREAT_PERSON_INDIVIDUAL"/>
		<Row Type="GREAT_PERSON_INDIVIDUAL_BRADLEY_BOND"              Kind="KIND_GREAT_PERSON_INDIVIDUAL"/>
		<!-- 大芸術家 -->
		<Row Type="GREAT_PERSON_INDIVIDUAL_JOHANNES_VERMEER"          Kind="KIND_GREAT_PERSON_INDIVIDUAL"/>
		<Row Type="GREAT_PERSON_INDIVIDUAL_PISANELLO"                 Kind="KIND_GREAT_PERSON_INDIVIDUAL"/>
		<Row Type="GREAT_PERSON_INDIVIDUAL_TINTORETTO"                Kind="KIND_GREAT_PERSON_INDIVIDUAL"/>
		<Row Type="GREAT_PERSON_INDIVIDUAL_TAIKAN_YOKOYAMA"           Kind="KIND_GREAT_PERSON_INDIVIDUAL"/>
		<!-- 大音楽家 -->
		<Row Type="GREAT_PERSON_INDIVIDUAL_MIKU_HATSUNE"              Kind="KIND_GREAT_PERSON_INDIVIDUAL"/>
		<Row Type="GREAT_PERSON_INDIVIDUAL_LADY_GAGA"                 Kind="KIND_GREAT_PERSON_INDIVIDUAL"/>
		<!-- 大将軍 -->
		<Row Type="GREAT_PERSON_INDIVIDUAL_CHE_GUEVARA"               Kind="KIND_GREAT_PERSON_INDIVIDUAL"/>
		<Row Type="GREAT_PERSON_INDIVIDUAL_YOSHITUNE_MINAMOTO"        Kind="KIND_GREAT_PERSON_INDIVIDUAL"/>
		<Row Type="GREAT_PERSON_INDIVIDUAL_STANISLAW_MACZEK"          Kind="KIND_GREAT_PERSON_INDIVIDUAL"/>
		<Row Type="GREAT_PERSON_INDIVIDUAL_GUAN_YU"                   Kind="KIND_GREAT_PERSON_INDIVIDUAL"/>
		<Row Type="GREAT_PERSON_INDIVIDUAL_NIKOLA_SUBIC_ZRINSKI"      Kind="KIND_GREAT_PERSON_INDIVIDUAL"/>
		<!-- 大提督 -->
		<Row Type="GREAT_PERSON_INDIVIDUAL_YOUSUKE_KADOMATSU"         Kind="KIND_GREAT_PERSON_INDIVIDUAL"/>
		<Row Type="GREAT_PERSON_INDIVIDUAL_CASEY_RYBACK"              Kind="KIND_GREAT_PERSON_INDIVIDUAL"/>
	</Types>
	<GreatPersonIndividuals>
		<!-- 大預言者 -->
		<Row GreatPersonIndividualType="GREAT_PERSON_INDIVIDUAL_NESTORIUS"                 Name="LOC_GREAT_PERSON_INDIVIDUAL_NESTORIUS_NAME"                 GreatPersonClassType="GREAT_PERSON_CLASS_PROPHET"   EraType="ERA_CLASSICAL"   ActionCharges="0" Gender="M"/>
		<Row GreatPersonIndividualType="GREAT_PERSON_INDIVIDUAL_MAHAVIRA"                  Name="LOC_GREAT_PERSON_INDIVIDUAL_MAHAVIRA_NAME"                  GreatPersonClassType="GREAT_PERSON_CLASS_PROPHET"   EraType="ERA_CLASSICAL"   ActionCharges="0" Gender="M"/>
		<Row GreatPersonIndividualType="GREAT_PERSON_INDIVIDUAL_MANI"                      Name="LOC_GREAT_PERSON_INDIVIDUAL_MANI_NAME"                      GreatPersonClassType="GREAT_PERSON_CLASS_PROPHET"   EraType="ERA_CLASSICAL"   ActionCharges="0" Gender="M"/>
		<Row GreatPersonIndividualType="GREAT_PERSON_INDIVIDUAL_MOSES"                     Name="LOC_GREAT_PERSON_INDIVIDUAL_MOSES_NAME"                     GreatPersonClassType="GREAT_PERSON_CLASS_PROPHET"   EraType="ERA_CLASSICAL"   ActionCharges="0" Gender="M"/>
		<Row GreatPersonIndividualType="GREAT_PERSON_INDIVIDUAL_MUHAMMAD"                  Name="LOC_GREAT_PERSON_INDIVIDUAL_MUHAMMAD_NAME"                  GreatPersonClassType="GREAT_PERSON_CLASS_PROPHET"   EraType="ERA_MEDIEVAL"    ActionCharges="0" Gender="M"/>
		<Row GreatPersonIndividualType="GREAT_PERSON_INDIVIDUAL_GURU_NANAK"                Name="LOC_GREAT_PERSON_INDIVIDUAL_GURU_NANAK_NAME"                GreatPersonClassType="GREAT_PERSON_CLASS_PROPHET"   EraType="ERA_RENAISSANCE" ActionCharges="0" Gender="M"/>
		<Row GreatPersonIndividualType="GREAT_PERSON_INDIVIDUAL_MIKI_NAKAYAMA"             Name="LOC_GREAT_PERSON_INDIVIDUAL_MIKI_NAKAYAMA_NAME"             GreatPersonClassType="GREAT_PERSON_CLASS_PROPHET"   EraType="ERA_INDUSTRIAL"  ActionCharges="0" Gender="F"/>
		<Row GreatPersonIndividualType="GREAT_PERSON_INDIVIDUAL_JOHN_WESLEY"               Name="LOC_GREAT_PERSON_INDIVIDUAL_JOHN_WESLEY_NAME"               GreatPersonClassType="GREAT_PERSON_CLASS_PROPHET"   EraType="ERA_INDUSTRIAL"  ActionCharges="0" Gender="M"/>
		<Row GreatPersonIndividualType="GREAT_PERSON_INDIVIDUAL_JOSEPH_SMITH_JR"           Name="LOC_GREAT_PERSON_INDIVIDUAL_JOSEPH_SMITH_JR_NAME"           GreatPersonClassType="GREAT_PERSON_CLASS_PROPHET"   EraType="ERA_INDUSTRIAL"  ActionCharges="0" Gender="M"/>
		<Row GreatPersonIndividualType="GREAT_PERSON_INDIVIDUAL_BAHA_ULLAH"                Name="LOC_GREAT_PERSON_INDIVIDUAL_BAHA_ULLAH_NAME"                GreatPersonClassType="GREAT_PERSON_CLASS_PROPHET"   EraType="ERA_MODERN"      ActionCharges="0" Gender="M"/>
		<Row GreatPersonIndividualType="GREAT_PERSON_INDIVIDUAL_CHARLES_TAZE_RUSSELL"      Name="LOC_GREAT_PERSON_INDIVIDUAL_CHARLES_TAZE_RUSSELL_NAME"      GreatPersonClassType="GREAT_PERSON_CLASS_PROPHET"   EraType="ERA_MODERN"      ActionCharges="0" Gender="M"/>
		<Row GreatPersonIndividualType="GREAT_PERSON_INDIVIDUAL_ELLEN_GOULD_WHITE"         Name="LOC_GREAT_PERSON_INDIVIDUAL_ELLEN_GOULD_WHITE_NAME"         GreatPersonClassType="GREAT_PERSON_CLASS_PROPHET"   EraType="ERA_MODERN"      ActionCharges="0" Gender="F"/>
		<Row GreatPersonIndividualType="GREAT_PERSON_INDIVIDUAL_SATHYA_SAI_BABA"           Name="LOC_GREAT_PERSON_INDIVIDUAL_SATHYA_SAI_BABA_NAME"           GreatPersonClassType="GREAT_PERSON_CLASS_PROPHET"   EraType="ERA_ATOMIC"      ActionCharges="0" Gender="M"/>
		<Row GreatPersonIndividualType="GREAT_PERSON_INDIVIDUAL_NGO_VAN_CHIEU"             Name="LOC_GREAT_PERSON_INDIVIDUAL_NGO_VAN_CHIEU_NAME"             GreatPersonClassType="GREAT_PERSON_CLASS_PROPHET"   EraType="ERA_ATOMIC"      ActionCharges="0" Gender="M"/>
		<Row GreatPersonIndividualType="GREAT_PERSON_INDIVIDUAL_HUYNH_PHU_SO"              Name="LOC_GREAT_PERSON_INDIVIDUAL_HUYNH_PHU_SO_NAME"              GreatPersonClassType="GREAT_PERSON_CLASS_PROPHET"   EraType="ERA_ATOMIC"      ActionCharges="0" Gender="M"/>
		<Row GreatPersonIndividualType="GREAT_PERSON_INDIVIDUAL_BOBBY_HENDERSON"           Name="LOC_GREAT_PERSON_INDIVIDUAL_BOBBY_HENDERSON_NAME"           GreatPersonClassType="GREAT_PERSON_CLASS_PROPHET"   EraType="ERA_INFORMATION" ActionCharges="0" Gender="M"/>
		<Row GreatPersonIndividualType="GREAT_PERSON_INDIVIDUAL_STEVE_ELEY"                Name="LOC_GREAT_PERSON_INDIVIDUAL_STEVE_ELEY_NAME"                GreatPersonClassType="GREAT_PERSON_CLASS_PROPHET"   EraType="ERA_INFORMATION" ActionCharges="0" Gender="M"/>
		<Row GreatPersonIndividualType="GREAT_PERSON_INDIVIDUAL_ALUBOMULLE_SUMANASARA"     Name="LOC_GREAT_PERSON_INDIVIDUAL_ALUBOMULLE_SUMANASARA_NAME"     GreatPersonClassType="GREAT_PERSON_CLASS_PROPHET"   EraType="ERA_INFORMATION" ActionCharges="0" Gender="M"/>
		<!-- 大技術者 -->
		<Row GreatPersonIndividualType="GREAT_PERSON_INDIVIDUAL_JHON_HARRISON"             Name="LOC_GREAT_PERSON_INDIVIDUAL_JHON_HARRISON_NAME"             GreatPersonClassType="GREAT_PERSON_CLASS_ENGINEER"  EraType="ERA_RENAISSANCE" ActionCharges="1" Gender="M" ActionRequiresCompletedDistrictType="DISTRICT_INDUSTRIAL_ZONE"/>
		<Row GreatPersonIndividualType="GREAT_PERSON_INDIVIDUAL_BENJAMIN_FRANKLIN"         Name="LOC_GREAT_PERSON_INDIVIDUAL_BENJAMIN_FRANKLIN_NAME"         GreatPersonClassType="GREAT_PERSON_CLASS_ENGINEER"  EraType="ERA_INDUSTRIAL"  ActionCharges="1" Gender="M" ActionRequiresCompletedDistrictType="DISTRICT_INDUSTRIAL_ZONE"/>
		<!-- 大科学者 -->
		<Row GreatPersonIndividualType="GREAT_PERSON_INDIVIDUAL_MARIE_CURIE"               Name="LOC_GREAT_PERSON_INDIVIDUAL_MARIE_CURIE_NAME"               GreatPersonClassType="GREAT_PERSON_CLASS_SCIENTIST" EraType="ERA_ATOMIC"      ActionCharges="1" Gender="F" ActionRequiresCompletedDistrictType="DISTRICT_CAMPUS"/>
		<Row GreatPersonIndividualType="GREAT_PERSON_INDIVIDUAL_FLORENCE_NIGHTINGALE"      Name="LOC_GREAT_PERSON_INDIVIDUAL_FLORENCE_NIGHTINGALE_NAME"      GreatPersonClassType="GREAT_PERSON_CLASS_SCIENTIST" EraType="ERA_MODERN"      ActionCharges="1" Gender="F" ActionRequiresOwnedTile="false" ActionNameTextOverride="LOC_GREATPERSON_ACTION_NAME_RETIRE" ActionEffectTileHighlighting="false" AreaHighlightRadius="1"/>
		<Row GreatPersonIndividualType="GREAT_PERSON_INDIVIDUAL_YUKICHI_FUKUZAWA"          Name="LOC_GREAT_PERSON_INDIVIDUAL_YUKICHI_FUKUZAWA_NAME"          GreatPersonClassType="GREAT_PERSON_CLASS_SCIENTIST" EraType="ERA_MODERN"      ActionCharges="1" Gender="M" ActionRequiresCompletedDistrictType="DISTRICT_CAMPUS"/>
		<!-- 大商人 -->
		<Row GreatPersonIndividualType="GREAT_PERSON_INDIVIDUAL_BILL_GATES"                Name="LOC_GREAT_PERSON_INDIVIDUAL_BILL_GATES_NAME"                GreatPersonClassType="GREAT_PERSON_CLASS_MERCHANT"  EraType="ERA_INFORMATION" ActionCharges="1" Gender="M" ActionRequiresCompletedDistrictType="DISTRICT_COMMERCIAL_HUB"/>
		<Row GreatPersonIndividualType="GREAT_PERSON_INDIVIDUAL_THOMAS_TWINING"            Name="LOC_GREAT_PERSON_INDIVIDUAL_THOMAS_TWINING_NAME"            GreatPersonClassType="GREAT_PERSON_CLASS_MERCHANT"  EraType="ERA_RENAISSANCE" ActionCharges="1" Gender="M" ActionRequiresCompletedDistrictType="DISTRICT_COMMERCIAL_HUB"/>
		<!-- 大著述家 -->
		<Row GreatPersonIndividualType="GREAT_PERSON_INDIVIDUAL_HOWARD_PHILLIPS_LOVECRAFT" Name="LOC_GREAT_PERSON_INDIVIDUAL_HOWARD_PHILLIPS_LOVECRAFT_NAME" GreatPersonClassType="GREAT_PERSON_CLASS_WRITER"    EraType="ERA_ATOMIC"      ActionCharges="0" Gender="M"/>
		<Row GreatPersonIndividualType="GREAT_PERSON_INDIVIDUAL_BRADLEY_BOND"              Name="LOC_GREAT_PERSON_INDIVIDUAL_BRADLEY_BOND_NAME"              GreatPersonClassType="GREAT_PERSON_CLASS_WRITER"    EraType="ERA_INFORMATION" ActionCharges="0" Gender="M"/>
		<!-- 大芸術家 -->
		<Row GreatPersonIndividualType="GREAT_PERSON_INDIVIDUAL_JOHANNES_VERMEER"          Name="LOC_GREAT_PERSON_INDIVIDUAL_JOHANNES_VERMEER_NAME"          GreatPersonClassType="GREAT_PERSON_CLASS_ARTIST"    EraType="ERA_INDUSTRIAL"  ActionCharges="0" Gender="M"/>
		<Row GreatPersonIndividualType="GREAT_PERSON_INDIVIDUAL_PISANELLO"                 Name="LOC_GREAT_PERSON_INDIVIDUAL_PISANELLO_NAME"                 GreatPersonClassType="GREAT_PERSON_CLASS_ARTIST"    EraType="ERA_RENAISSANCE" ActionCharges="0" Gender="M"/>
		<Row GreatPersonIndividualType="GREAT_PERSON_INDIVIDUAL_TINTORETTO"                Name="LOC_GREAT_PERSON_INDIVIDUAL_TINTORETTO_NAME"                GreatPersonClassType="GREAT_PERSON_CLASS_ARTIST"    EraType="ERA_RENAISSANCE" ActionCharges="0" Gender="M"/>
		<Row GreatPersonIndividualType="GREAT_PERSON_INDIVIDUAL_TAIKAN_YOKOYAMA"           Name="LOC_GREAT_PERSON_INDIVIDUAL_TAIKAN_YOKOYAMA_NAME"           GreatPersonClassType="GREAT_PERSON_CLASS_ARTIST"    EraType="ERA_MODERN"      ActionCharges="0" Gender="M"/>
		<!-- 大音楽家 -->
		<Row GreatPersonIndividualType="GREAT_PERSON_INDIVIDUAL_MIKU_HATSUNE"              Name="LOC_GREAT_PERSON_INDIVIDUAL_MIKU_HATSUNE_NAME"              GreatPersonClassType="GREAT_PERSON_CLASS_MUSICIAN"  EraType="ERA_INFORMATION" ActionCharges="0" Gender="F"/>
		<Row GreatPersonIndividualType="GREAT_PERSON_INDIVIDUAL_LADY_GAGA"                 Name="LOC_GREAT_PERSON_INDIVIDUAL_LADY_GAGA_NAME"                 GreatPersonClassType="GREAT_PERSON_CLASS_MUSICIAN"  EraType="ERA_INFORMATION" ActionCharges="0" Gender="F"/>
		<!-- 大将軍 -->
		<Row GreatPersonIndividualType="GREAT_PERSON_INDIVIDUAL_GUAN_YU"                   Name="LOC_GREAT_PERSON_INDIVIDUAL_GUAN_YU_NAME"                   GreatPersonClassType="GREAT_PERSON_CLASS_GENERAL"   EraType="ERA_CLASSICAL"   ActionCharges="1" Gender="M" ActionRequiresOwnedTile="false" ActionRequiresMilitaryUnitDomain="DOMAIN_LAND" ActionNameTextOverride="LOC_GREATPERSON_ACTION_NAME_RETIRE" ActionEffectTileHighlighting="false" AreaHighlightRadius="2"/>
		<Row GreatPersonIndividualType="GREAT_PERSON_INDIVIDUAL_YOSHITUNE_MINAMOTO"        Name="LOC_GREAT_PERSON_INDIVIDUAL_YOSHITUNE_MINAMOTO_NAME"        GreatPersonClassType="GREAT_PERSON_CLASS_GENERAL"   EraType="ERA_MEDIEVAL"    ActionCharges="1" Gender="M" ActionRequiresOwnedTile="false" ActionRequiresMilitaryUnitDomain="DOMAIN_LAND" ActionRequiresUnitMilitaryFormation="STANDARD_MILITARY_FORMATION" ActionNameTextOverride="LOC_GREATPERSON_ACTION_NAME_RETIRE" ActionEffectTileHighlighting="false" AreaHighlightRadius="2"/>
		<Row GreatPersonIndividualType="GREAT_PERSON_INDIVIDUAL_CHE_GUEVARA"               Name="LOC_GREAT_PERSON_INDIVIDUAL_CHE_GUEVARA_NAME"               GreatPersonClassType="GREAT_PERSON_CLASS_GENERAL"   EraType="ERA_INFORMATION" ActionCharges="0" Gender="M" ActionNameTextOverride="LOC_GREATPERSON_ACTION_NAME_RETIRE" AreaHighlightRadius="2"/>
		<Row GreatPersonIndividualType="GREAT_PERSON_INDIVIDUAL_STANISLAW_MACZEK"          Name="LOC_GREAT_PERSON_INDIVIDUAL_STANISLAW_MACZEK_NAME"          GreatPersonClassType="GREAT_PERSON_CLASS_GENERAL"   EraType="ERA_ATOMIC"      ActionCharges="1" Gender="M" ActionNameTextOverride="LOC_GREATPERSON_ACTION_NAME_RETIRE" ActionEffectTileHighlighting="false" AreaHighlightRadius="2"/>
		<Row GreatPersonIndividualType="GREAT_PERSON_INDIVIDUAL_NIKOLA_SUBIC_ZRINSKI"      Name="LOC_GREAT_PERSON_INDIVIDUAL_NIKOLA_SUBIC_ZRINSKI_NAME"      GreatPersonClassType="GREAT_PERSON_CLASS_GENERAL"   EraType="ERA_RENAISSANCE" ActionCharges="1" Gender="M" ActionRequiresOwnedTile="false" ActionRequiresMilitaryUnitDomain="DOMAIN_LAND" ActionRequiresUnitCanGainExperience="true" ActionNameTextOverride="LOC_GREATPERSON_ACTION_NAME_RETIRE" ActionEffectTileHighlighting="false" AreaHighlightRadius="2"/>
		<!-- 大提督 -->
		<Row GreatPersonIndividualType="GREAT_PERSON_INDIVIDUAL_CASEY_RYBACK"              Name="LOC_GREAT_PERSON_INDIVIDUAL_CASEY_RYBACK_NAME"              GreatPersonClassType="GREAT_PERSON_CLASS_ADMIRAL"   EraType="ERA_INFORMATION" ActionCharges="1" Gender="M" ActionRequiresOwnedTile="false" ActionNameTextOverride="LOC_GREATPERSON_ACTION_NAME_RETIRE" ActionEffectTileHighlighting="false" AreaHighlightRadius="2"/>
		<Row GreatPersonIndividualType="GREAT_PERSON_INDIVIDUAL_YOUSUKE_KADOMATSU"         Name="LOC_GREAT_PERSON_INDIVIDUAL_YOUSUKE_KADOMATSU_NAME"         GreatPersonClassType="GREAT_PERSON_CLASS_ADMIRAL"   EraType="ERA_INFORMATION" ActionCharges="1" Gender="M" ActionRequiresOwnedTile="false" ActionRequiresNoMilitaryUnit="true" ActionNameTextOverride="LOC_GREATPERSON_ACTION_NAME_RETIRE" ActionEffectTileHighlighting="false" AreaHighlightRadius="2"/>
	</GreatPersonIndividuals>
	<!-- パッシブ効果 -->
	<GreatPersonIndividualBirthModifiers>
		<!-- 大将軍 -->
		<Row GreatPersonIndividualType="GREAT_PERSON_INDIVIDUAL_GUAN_YU"              ModifierId="GREATPERSON_COMBAT_STRENGTH_AOE_CLASSICAL_LAND"/>
		<Row GreatPersonIndividualType="GREAT_PERSON_INDIVIDUAL_GUAN_YU"              ModifierId="GREATPERSON_MOVEMENT_AOE_CLASSICAL_LAND"/>
		<Row GreatPersonIndividualType="GREAT_PERSON_INDIVIDUAL_YOSHITUNE_MINAMOTO"   ModifierId="GREATPERSON_COMBAT_STRENGTH_AOE_MEDIEVAL_LAND"/>
		<Row GreatPersonIndividualType="GREAT_PERSON_INDIVIDUAL_YOSHITUNE_MINAMOTO"   ModifierId="GREATPERSON_MOVEMENT_AOE_MEDIEVAL_LAND"/>
		<Row GreatPersonIndividualType="GREAT_PERSON_INDIVIDUAL_NIKOLA_SUBIC_ZRINSKI" ModifierId="GREATPERSON_COMBAT_STRENGTH_AOE_RENAISSANCE_LAND"/>
		<Row GreatPersonIndividualType="GREAT_PERSON_INDIVIDUAL_NIKOLA_SUBIC_ZRINSKI" ModifierId="GREATPERSON_MOVEMENT_AOE_RENAISSANCE_LAND"/>
		<Row GreatPersonIndividualType="GREAT_PERSON_INDIVIDUAL_STANISLAW_MACZEK"     ModifierId="GREATPERSON_COMBAT_STRENGTH_AOE_ATOMIC_LAND"/>
		<Row GreatPersonIndividualType="GREAT_PERSON_INDIVIDUAL_STANISLAW_MACZEK"     ModifierId="GREATPERSON_MOVEMENT_AOE_ATOMIC_LAND"/>
		<Row GreatPersonIndividualType="GREAT_PERSON_INDIVIDUAL_CHE_GUEVARA"          ModifierId="GREATPERSON_COMBAT_STRENGTH_AOE_INFORMATION_LAND"/>
		<Row GreatPersonIndividualType="GREAT_PERSON_INDIVIDUAL_CHE_GUEVARA"          ModifierId="GREATPERSON_MOVEMENT_AOE_INFORMATION_LAND"/>
		<!-- 大提督 -->
		<Row GreatPersonIndividualType="GREAT_PERSON_INDIVIDUAL_CASEY_RYBACK"         ModifierId="GREATPERSON_COMBAT_STRENGTH_AOE_INFORMATION_SEA"/>
		<Row GreatPersonIndividualType="GREAT_PERSON_INDIVIDUAL_CASEY_RYBACK"         ModifierId="GREATPERSON_MOVEMENT_AOE_INFORMATION_SEA"/>
		<Row GreatPersonIndividualType="GREAT_PERSON_INDIVIDUAL_YOUSUKE_KADOMATSU"    ModifierId="GREATPERSON_COMBAT_STRENGTH_AOE_INFORMATION_SEA"/>
		<Row GreatPersonIndividualType="GREAT_PERSON_INDIVIDUAL_YOUSUKE_KADOMATSU"    ModifierId="GREATPERSON_MOVEMENT_AOE_INFORMATION_SEA"/>
		<!-- 大科学者 -->
		<Row GreatPersonIndividualType="GREAT_PERSON_INDIVIDUAL_FLORENCE_NIGHTINGALE" ModifierId="MEDIC_INCREASE_HEAL_RATE"/>
	</GreatPersonIndividualBirthModifiers>
	<!-- 退職・発動効果 -->
	<GreatPersonIndividualActionModifiers>
		<Row GreatPersonIndividualType="GREAT_PERSON_INDIVIDUAL_JHON_HARRISON"        ModifierId="GREATPERSON_CARTOGRAPHYTECHBOOST"                   AttachmentTargetType="GREAT_PERSON_ACTION_ATTACHMENT_TARGET_DISTRICT_IN_TILE"/>
		<Row GreatPersonIndividualType="GREAT_PERSON_INDIVIDUAL_JHON_HARRISON"        ModifierId="GREATPERSON_SQUARE_RIGGINGTECHBOOST"                AttachmentTargetType="GREAT_PERSON_ACTION_ATTACHMENT_TARGET_DISTRICT_IN_TILE"/>
		<Row GreatPersonIndividualType="GREAT_PERSON_INDIVIDUAL_JHON_HARRISON"        ModifierId="GREATPERSON_WORKSHOP_PRODUCTION"                    AttachmentTargetType="GREAT_PERSON_ACTION_ATTACHMENT_TARGET_DISTRICT_IN_TILE"/>
		<Row GreatPersonIndividualType="GREAT_PERSON_INDIVIDUAL_JHON_HARRISON"        ModifierId="GREATPERSON_WORKSHOP_CULTURE"                       AttachmentTargetType="GREAT_PERSON_ACTION_ATTACHMENT_TARGET_DISTRICT_IN_TILE"/>
		<Row GreatPersonIndividualType="GREAT_PERSON_INDIVIDUAL_MARIE_CURIE"          ModifierId="GREATPERSON_NUCLEAR_FISSIONTECHBOOST"               AttachmentTargetType="GREAT_PERSON_ACTION_ATTACHMENT_TARGET_DISTRICT_IN_TILE"/>
		<Row GreatPersonIndividualType="GREAT_PERSON_INDIVIDUAL_MARIE_CURIE"          ModifierId="GREATPERSON_1INFOMATIONTECHBOOST"                   AttachmentTargetType="GREAT_PERSON_ACTION_ATTACHMENT_TARGET_DISTRICT_IN_TILE"/>
		<Row GreatPersonIndividualType="GREAT_PERSON_INDIVIDUAL_BILL_GATES"           ModifierId="GREATPERSON_GRANT_COMPUTERS"                        AttachmentTargetType="GREAT_PERSON_ACTION_ATTACHMENT_TARGET_DISTRICT_IN_TILE"/>
		<Row GreatPersonIndividualType="GREAT_PERSON_INDIVIDUAL_BILL_GATES"           ModifierId="GREATPERSON_GOLD_EX"                                AttachmentTargetType="GREAT_PERSON_ACTION_ATTACHMENT_TARGET_DISTRICT_IN_TILE"/>
		<Row GreatPersonIndividualType="GREAT_PERSON_INDIVIDUAL_CASEY_RYBACK"         ModifierId="GREATPERSON_CASEY_RYBACK_ACTIVE"                    AttachmentTargetType="GREAT_PERSON_ACTION_ATTACHMENT_TARGET_PLAYER"/>
		<Row GreatPersonIndividualType="GREAT_PERSON_INDIVIDUAL_YOUSUKE_KADOMATSU"    ModifierId="GREATPERSON_YOUSUKE_KADOMATSU_ACTIVE"               AttachmentTargetType="GREAT_PERSON_ACTION_ATTACHMENT_TARGET_UNIT_GREATPERSON"/>
		<Row GreatPersonIndividualType="GREAT_PERSON_INDIVIDUAL_STANISLAW_MACZEK"     ModifierId="GREATPERSON_STANISLAW_MACZEK_ACTIVE"                AttachmentTargetType="GREAT_PERSON_ACTION_ATTACHMENT_TARGET_PLAYER"/>
		<Row GreatPersonIndividualType="GREAT_PERSON_INDIVIDUAL_FLORENCE_NIGHTINGALE" ModifierId="GREATPERSON_SANITATIONTECHBOOST"                    AttachmentTargetType="GREAT_PERSON_ACTION_ATTACHMENT_TARGET_PLAYER"/>
		<Row GreatPersonIndividualType="GREAT_PERSON_INDIVIDUAL_FLORENCE_NIGHTINGALE" ModifierId="GREATPERSON_SCIENTIFIC_THEORYTECHBOOST"             AttachmentTargetType="GREAT_PERSON_ACTION_ATTACHMENT_TARGET_PLAYER"/>
		<Row GreatPersonIndividualType="GREAT_PERSON_INDIVIDUAL_FLORENCE_NIGHTINGALE" ModifierId="GREATPERSON_FLORENCE_NIGHTINGALE_ACTIVE"            AttachmentTargetType="GREAT_PERSON_ACTION_ATTACHMENT_TARGET_PLAYER"/>
		<Row GreatPersonIndividualType="GREAT_PERSON_INDIVIDUAL_BENJAMIN_FRANKLIN"    ModifierId="GREATPERSON_ELECTRICITYTECHBOOST"                   AttachmentTargetType="GREAT_PERSON_ACTION_ATTACHMENT_TARGET_DISTRICT_IN_TILE"/>
		<Row GreatPersonIndividualType="GREAT_PERSON_INDIVIDUAL_BENJAMIN_FRANKLIN"    ModifierId="GREATPERSON_FACTORY_PRODUCTION"                     AttachmentTargetType="GREAT_PERSON_ACTION_ATTACHMENT_TARGET_DISTRICT_IN_TILE"/>
		<Row GreatPersonIndividualType="GREAT_PERSON_INDIVIDUAL_BENJAMIN_FRANKLIN"    ModifierId="GREATPERSON_FACTORY_GOLD"                           AttachmentTargetType="GREAT_PERSON_ACTION_ATTACHMENT_TARGET_DISTRICT_IN_TILE"/>
		<Row GreatPersonIndividualType="GREAT_PERSON_INDIVIDUAL_GUAN_YU"              ModifierId="GREATPERSON_GUAN_YU_ACTIVE"                         AttachmentTargetType="GREAT_PERSON_ACTION_ATTACHMENT_TARGET_UNIT_DOMAIN_MILITARY_IN_TILE"/>
		<Row GreatPersonIndividualType="GREAT_PERSON_INDIVIDUAL_YOSHITUNE_MINAMOTO"   ModifierId="GREATPERSON_YOSHITUNE_MINAMOTO_ACTIVE"              AttachmentTargetType="GREAT_PERSON_ACTION_ATTACHMENT_TARGET_UNIT_DOMAIN_MILITARY_IN_TILE"/>
		<Row GreatPersonIndividualType="GREAT_PERSON_INDIVIDUAL_NIKOLA_SUBIC_ZRINSKI" ModifierId="GREATPERSON_NIKOLA_SUBIC_ZRINSKI_ACTIVE"            AttachmentTargetType="GREAT_PERSON_ACTION_ATTACHMENT_TARGET_UNIT_DOMAIN_MILITARY_IN_TILE"/>
		<Row GreatPersonIndividualType="GREAT_PERSON_INDIVIDUAL_NIKOLA_SUBIC_ZRINSKI" ModifierId="GREATPERSON_NIKOLA_SUBIC_ZRINSKI_ACTIVE_UNIT_BONUS" AttachmentTargetType="GREAT_PERSON_ACTION_ATTACHMENT_TARGET_UNIT_DOMAIN_MILITARY_IN_TILE"/>
		<Row GreatPersonIndividualType="GREAT_PERSON_INDIVIDUAL_YUKICHI_FUKUZAWA"     ModifierId="GREATPERSON_LIBRARY"                                AttachmentTargetType="GREAT_PERSON_ACTION_ATTACHMENT_TARGET_DISTRICT_IN_TILE"/>
		<Row GreatPersonIndividualType="GREAT_PERSON_INDIVIDUAL_YUKICHI_FUKUZAWA"     ModifierId="GREATPERSON_UNIVERSITY"                             AttachmentTargetType="GREAT_PERSON_ACTION_ATTACHMENT_TARGET_DISTRICT_IN_TILE"/>
		<Row GreatPersonIndividualType="GREAT_PERSON_INDIVIDUAL_YUKICHI_FUKUZAWA"     ModifierId="GREATPERSON_UNIVERSITY_YUKICHI_FUKUZAWA_SCIENCE"    AttachmentTargetType="GREAT_PERSON_ACTION_ATTACHMENT_TARGET_DISTRICT_IN_TILE"/>
		<Row GreatPersonIndividualType="GREAT_PERSON_INDIVIDUAL_THOMAS_TWINING"       ModifierId="GREATPERSON_GRANT_TEA"                              AttachmentTargetType="GREAT_PERSON_ACTION_ATTACHMENT_TARGET_DISTRICT_IN_TILE"/>
		<Row GreatPersonIndividualType="GREAT_PERSON_INDIVIDUAL_THOMAS_TWINING"       ModifierId="GREATPERSON_GOLD_SMALL"                             AttachmentTargetType="GREAT_PERSON_ACTION_ATTACHMENT_TARGET_DISTRICT_IN_TILE"/>
	</GreatPersonIndividualActionModifiers>
	<!-- 効果の詳細 -->
	<Modifiers>
		<Row>
			<ModifierId>GREATPERSON_CARTOGRAPHYTECHBOOST</ModifierId>
			<ModifierType>MODIFIER_PLAYER_GRANT_SPECIFIC_TECH_BOOST</ModifierType>
			<RunOnce>true</RunOnce>
			<Permanent>true</Permanent>
		</Row>
		<Row>
			<ModifierId>GREATPERSON_SQUARE_RIGGINGTECHBOOST</ModifierId>
			<ModifierType>MODIFIER_PLAYER_GRANT_SPECIFIC_TECH_BOOST</ModifierType>
			<RunOnce>true</RunOnce>
			<Permanent>true</Permanent>
		</Row>
		<Row>
			<ModifierId>GREATPERSON_WORKSHOP_PRODUCTION</ModifierId>
			<ModifierType>MODIFIER_PLAYER_CITIES_ADJUST_BUILDING_YIELD_CHANGE</ModifierType>
			<RunOnce>false</RunOnce>
			<Permanent>true</Permanent>
		</Row>
		<Row>
			<ModifierId>GREATPERSON_NUCLEAR_FISSIONTECHBOOST</ModifierId>
			<ModifierType>MODIFIER_PLAYER_GRANT_SPECIFIC_TECH_BOOST</ModifierType>
			<RunOnce>true</RunOnce>
			<Permanent>true</Permanent>
		</Row>
		<Row>
			<ModifierId>GREATPERSON_1INFOMATIONTECHBOOST</ModifierId>
			<ModifierType>MODIFIER_PLAYER_GRANT_RANDOM_TECHNOLOGY_BOOST_BY_ERA</ModifierType>
			<RunOnce>true</RunOnce>
			<Permanent>true</Permanent>
		</Row>
		<Row>
			<ModifierId>GREATPERSON_GRANT_COMPUTERS</ModifierId>
			<ModifierType>MODIFIER_SINGLE_CITY_GRANT_RESOURCE_IN_CITY</ModifierType>
			<RunOnce>true</RunOnce>
			<Permanent>true</Permanent>
		</Row>
		<Row>
			<ModifierId>GREATPERSON_CASEY_RYBACK_ACTIVE</ModifierId>
			<ModifierType>MODIFIER_PLAYER_CITIES_ADJUST_MILITARY_UNITS_PRODUCTION</ModifierType>
			<Permanent>true</Permanent>
		</Row>
		<Row>
			<ModifierId>GREATPERSON_GOLD_EX</ModifierId>
			<ModifierType>MODIFIER_PLAYER_GRANT_YIELD</ModifierType>
			<RunOnce>true</RunOnce>
			<Permanent>true</Permanent>
		</Row>
		<Row>
			<ModifierId>GREATPERSON_YOUSUKE_KADOMATSU_ACTIVE</ModifierId>
			<ModifierType>MODIFIER_PLAYER_UNIT_GRANT_UNIT_WITH_EXPERIENCE</ModifierType>
			<RunOnce>true</RunOnce>
			<Permanent>true</Permanent>
		</Row>
		<Row>
			<ModifierId>GREATPERSON_STANISLAW_MACZEK_ACTIVE</ModifierId>
			<ModifierType>MODIFIER_PLAYER_CITIES_ADJUST_MILITARY_UNITS_PRODUCTION</ModifierType>
			<Permanent>true</Permanent>
		</Row>
		<Row>
			<ModifierId>GREATPERSON_SANITATIONTECHBOOST</ModifierId>
			<ModifierType>MODIFIER_PLAYER_GRANT_SPECIFIC_TECH_BOOST</ModifierType>
			<RunOnce>true</RunOnce>
			<Permanent>true</Permanent>
		</Row>
		<Row>
			<ModifierId>GREATPERSON_SCIENTIFIC_THEORYTECHBOOST</ModifierId>
			<ModifierType>MODIFIER_PLAYER_GRANT_SPECIFIC_TECH_BOOST</ModifierType>
			<RunOnce>true</RunOnce>
			<Permanent>true</Permanent>
		</Row>
		<Row>
			<ModifierId>GREATPERSON_FLORENCE_NIGHTINGALE_ACTIVE</ModifierId>
			<ModifierType>MODIFIER_PLAYER_UNITS_ATTACH_MODIFIER</ModifierType>
			<Permanent>true</Permanent>
		</Row>
		<Row>
			<ModifierId>GREATPERSON_FLORENCE_NIGHTINGALE_ACTIVE_HEAL_BONUS</ModifierId>
			<ModifierType>MODIFIER_PLAYER_UNIT_ADJUST_HEAL_PER_TURN</ModifierType>
			<RunOnce>true</RunOnce>
			<Permanent>true</Permanent>
		</Row>
		<Row>
			<ModifierId>GREATPERSON_ELECTRICITYTECHBOOST</ModifierId>
			<ModifierType>MODIFIER_PLAYER_GRANT_SPECIFIC_TECH_BOOST</ModifierType>
			<RunOnce>true</RunOnce>
			<Permanent>true</Permanent>
		</Row>
		<Row>
			<ModifierId>GREATPERSON_FACTORY_PRODUCTION</ModifierId>
			<ModifierType>MODIFIER_PLAYER_CITIES_ADJUST_BUILDING_YIELD_CHANGE</ModifierType>
			<RunOnce>false</RunOnce>
			<Permanent>true</Permanent>
		</Row>
		<Row>
			<ModifierId>GREATPERSON_FACTORY_GOLD</ModifierId>
			<ModifierType>MODIFIER_PLAYER_CITIES_ADJUST_BUILDING_YIELD_CHANGE</ModifierType>
			<RunOnce>false</RunOnce>
			<Permanent>true</Permanent>
		</Row>
		<Row>
			<ModifierId>GREATPERSON_GUAN_YU_ACTIVE</ModifierId>
			<ModifierType>MODIFIER_PLAYER_UNIT_ADJUST_GRANT_EXPERIENCE</ModifierType>
			<RunOnce>true</RunOnce>
			<Permanent>true</Permanent>
		</Row>
		<Row>
			<ModifierId>GREATPERSON_YOSHITUNE_MINAMOTO_ACTIVE</ModifierId>
			<ModifierType>MODIFIER_PLAYER_UNIT_ADJUST_MILITARY_FORMATION</ModifierType>
			<RunOnce>true</RunOnce>
			<Permanent>true</Permanent>
		</Row>
		<Row>
			<ModifierId>GREATPERSON_UNIVERSITY_YUKICHI_FUKUZAWA_SCIENCE</ModifierId>
			<ModifierType>MODIFIER_PLAYER_CITIES_ADJUST_BUILDING_YIELD_CHANGE</ModifierType>
			<RunOnce>false</RunOnce>
			<Permanent>true</Permanent>
		</Row>
		<Row>
			<ModifierId>GREATPERSON_GRANT_TEA</ModifierId>
			<ModifierType>MODIFIER_SINGLE_CITY_GRANT_RESOURCE_IN_CITY</ModifierType>
			<RunOnce>true</RunOnce>
			<Permanent>true</Permanent>
		</Row>
		<Row>
			<ModifierId>GREATPERSON_NIKOLA_SUBIC_ZRINSKI_ACTIVE</ModifierId>
			<ModifierType>MODIFIER_PLAYER_UNIT_ADJUST_GRANT_EXPERIENCE</ModifierType>
			<RunOnce>true</RunOnce>
			<Permanent>true</Permanent>
		</Row>
		<Row>
			<ModifierId>GREATPERSON_NIKOLA_SUBIC_ZRINSKI_ACTIVE_UNIT_BONUS</ModifierId>
			<ModifierType>MODIFIER_PLAYER_UNIT_GRANT_ABILITY</ModifierType>
			<RunOnce>true</RunOnce>
			<Permanent>true</Permanent>
		</Row>
	</Modifiers>
	<ModifierArguments>
		<Row>
			<ModifierId>GREATPERSON_CARTOGRAPHYTECHBOOST</ModifierId>
			<Name>TechType</Name>
			<Value>TECH_CARTOGRAPHY</Value>
		</Row>
		<Row>
			<ModifierId>GREATPERSON_SQUARE_RIGGINGTECHBOOST</ModifierId>
			<Name>TechType</Name>
			<Value>TECH_SQUARE_RIGGING</Value>
		</Row>
		<Row>
			<ModifierId>GREATPERSON_WORKSHOP_PRODUCTION</ModifierId>
			<Name>BuildingType</Name>
			<Value>BUILDING_WORKSHOP</Value>
		</Row>
		<Row>
			<ModifierId>GREATPERSON_WORKSHOP_PRODUCTION</ModifierId>
			<Name>Amount</Name>
			<Value>1</Value>
		</Row>
		<Row>
			<ModifierId>GREATPERSON_WORKSHOP_PRODUCTION</ModifierId>
			<Name>YieldType</Name>
			<Value>YIELD_PRODUCTION</Value>
		</Row>
		<Row>
			<ModifierId>GREATPERSON_NUCLEAR_FISSIONTECHBOOST</ModifierId>
			<Name>TechType</Name>
			<Value>TECH_NUCLEAR_FISSION</Value>
		</Row>
		<Row>
			<ModifierId>GREATPERSON_1INFOMATIONTECHBOOST</ModifierId>
			<Name>StartEraType</Name>
			<Value>ERA_INFORMATION</Value>
		</Row>
		<Row>
			<ModifierId>GREATPERSON_1INFOMATIONTECHBOOST</ModifierId>
			<Name>EndEraType</Name>
			<Value>ERA_INFORMATION</Value>
		</Row>
		<Row>
			<ModifierId>GREATPERSON_1INFOMATIONTECHBOOST</ModifierId>
			<Name>Amount</Name>
			<Value>1</Value>
		</Row>
		<Row>
			<ModifierId>GREATPERSON_GRANT_COMPUTERS</ModifierId>
			<Name>ResourceType</Name>
			<Value>RESOURCE_COMPUTERS</Value>
		</Row>
		<Row>
			<ModifierId>GREATPERSON_GRANT_COMPUTERS</ModifierId>
			<Name>Amount</Name>
			<Value>2</Value>
		</Row>
		<Row>
			<ModifierId>GREATPERSON_CASEY_RYBACK_ACTIVE</ModifierId>
			<Name>Amount</Name>
			<Value>20</Value>
		</Row>
		<Row>
			<ModifierId>GREATPERSON_CASEY_RYBACK_ACTIVE</ModifierId>
			<Name>PromotionClass</Name>
			<Value>PROMOTION_CLASS_NAVAL_RANGED</Value>
		</Row>
		<Row>
			<ModifierId>GREATPERSON_GOLD_EX</ModifierId>
			<Name>YieldType</Name>
			<Value>YIELD_GOLD</Value>
		</Row>
		<Row>
			<ModifierId>GREATPERSON_GOLD_EX</ModifierId>
			<Name>Amount</Name>
			<Value>800</Value>
			<Type>ScaleByGameSpeed</Type>
		</Row>
		<Row>
			<ModifierId>GREATPERSON_YOUSUKE_KADOMATSU_ACTIVE</ModifierId>
			<Name>UnitType</Name>
			<Value>UNIT_MISSILE_CRUISER</Value>
		</Row>
		<Row>
			<ModifierId>GREATPERSON_YOUSUKE_KADOMATSU_ACTIVE</ModifierId>
			<Name>Experience</Name>
			<Value>-1</Value>
		</Row>
		<Row>
			<ModifierId>GREATPERSON_STANISLAW_MACZEK_ACTIVE</ModifierId>
			<Name>Amount</Name>
			<Value>20</Value>
		</Row>
		<Row>
			<ModifierId>GREATPERSON_STANISLAW_MACZEK_ACTIVE</ModifierId>
			<Name>PromotionClass</Name>
			<Value>PROMOTION_CLASS_HEAVY_CAVALRY</Value>
		</Row>
		<Row>
			<ModifierId>GREATPERSON_SANITATIONTECHBOOST</ModifierId>
			<Name>TechType</Name>
			<Value>TECH_SANITATION</Value>
		</Row>
		<Row>
			<ModifierId>GREATPERSON_SCIENTIFIC_THEORYTECHBOOST</ModifierId>
			<Name>TechType</Name>
			<Value>TECH_SCIENTIFIC_THEORY</Value>
		</Row>
		<Row>
			<ModifierId>GREATPERSON_FLORENCE_NIGHTINGALE_ACTIVE</ModifierId>
			<Name>ModifierId</Name>
			<Value>GREATPERSON_FLORENCE_NIGHTINGALE_ACTIVE_HEAL_BONUS</Value>
		</Row>
		<Row>
			<ModifierId>GREATPERSON_FLORENCE_NIGHTINGALE_ACTIVE_HEAL_BONUS</ModifierId>
			<Name>Amount</Name>
			<Value>10</Value>
		</Row>
		<Row>
			<ModifierId>GREATPERSON_FLORENCE_NIGHTINGALE_ACTIVE_HEAL_BONUS</ModifierId>
			<Name>Type</Name>
			<Value>ALL</Value>
		</Row>
		<Row>
			<ModifierId>GREATPERSON_ELECTRICITYTECHBOOST</ModifierId>
			<Name>TechType</Name>
			<Value>TECH_ELECTRICITY</Value>
		</Row>
		<Row>
			<ModifierId>GREATPERSON_FACTORY_PRODUCTION</ModifierId>
			<Name>BuildingType</Name>
			<Value>BUILDING_FACTORY</Value>
		</Row>
		<Row>
			<ModifierId>GREATPERSON_FACTORY_PRODUCTION</ModifierId>
			<Name>Amount</Name>
			<Value>1</Value>
		</Row>
		<Row>
			<ModifierId>GREATPERSON_FACTORY_PRODUCTION</ModifierId>
			<Name>YieldType</Name>
			<Value>YIELD_PRODUCTION</Value>
		</Row>
		<Row>
			<ModifierId>GREATPERSON_FACTORY_GOLD</ModifierId>
			<Name>BuildingType</Name>
			<Value>BUILDING_FACTORY</Value>
		</Row>
		<Row>
			<ModifierId>GREATPERSON_FACTORY_GOLD</ModifierId>
			<Name>Amount</Name>
			<Value>1</Value>
		</Row>
		<Row>
			<ModifierId>GREATPERSON_FACTORY_GOLD</ModifierId>
			<Name>YieldType</Name>
			<Value>YIELD_GOLD</Value>
		</Row>
		<Row>
			<ModifierId>GREATPERSON_GUAN_YU_ACTIVE</ModifierId>
			<Name>Amount</Name>
			<Value>-1</Value>
		</Row>
		<Row>
			<ModifierId>GREATPERSON_YOSHITUNE_MINAMOTO_ACTIVE</ModifierId>
			<Name>MilitaryFormationType</Name>
			<Value>CORPS_MILITARY_FORMATION</Value>
		</Row>
		<Row>
			<ModifierId>GREATPERSON_UNIVERSITY_YUKICHI_FUKUZAWA_SCIENCE</ModifierId>
			<Name>BuildingType</Name>
			<Value>BUILDING_UNIVERSITY</Value>
		</Row>
		<Row>
			<ModifierId>GREATPERSON_UNIVERSITY_YUKICHI_FUKUZAWA_SCIENCE</ModifierId>
			<Name>Amount</Name>
			<Value>3</Value>
		</Row>
		<Row>
			<ModifierId>GREATPERSON_UNIVERSITY_YUKICHI_FUKUZAWA_SCIENCE</ModifierId>
			<Name>YieldType</Name>
			<Value>YIELD_SCIENCE</Value>
		</Row>
		<Row>
			<ModifierId>GREATPERSON_GRANT_TEA</ModifierId>
			<Name>ResourceType</Name>
			<Value>RESOURCE_TEA</Value>
		</Row>
		<Row>
			<ModifierId>GREATPERSON_GRANT_TEA</ModifierId>
			<Name>Amount</Name>
			<Value>2</Value>
		</Row>
		<Row>
			<ModifierId>GREATPERSON_NIKOLA_SUBIC_ZRINSKI_ACTIVE</ModifierId>
			<Name>Amount</Name>
			<Value>-1</Value>
		</Row>
		<Row>
			<ModifierId>GREATPERSON_NIKOLA_SUBIC_ZRINSKI_ACTIVE_UNIT_BONUS</ModifierId>
			<Name>AbilityType</Name>
			<Value>ABILITY_NIKOLA_SUBIC_ZRINSKI_BONUS_EXPERIENCE</Value>
		</Row>
	</ModifierArguments>
	<!-- 効果のテキスト -->
	<ModifierStrings>
		<Row ModifierId="GREATPERSON_CARTOGRAPHYTECHBOOST"                Context="Summary" Text="LOC_GREATPERSON_CARTOGRAPHYTECHBOOST"/>
		<Row ModifierId="GREATPERSON_SQUARE_RIGGINGTECHBOOST"             Context="Summary" Text="LOC_GREATPERSON_SQUARE_RIGGINGTECHBOOST"/>
		<Row ModifierId="GREATPERSON_WORKSHOP_PRODUCTION"                 Context="Summary" Text="LOC_GREATPERSON_WORKSHOP_PRODUCTION"/>
		<Row ModifierId="GREATPERSON_NUCLEAR_FISSIONTECHBOOST"            Context="Summary" Text="LOC_GREATPERSON_NUCLEAR_FISSIONTECHBOOST"/>
		<Row ModifierId="GREATPERSON_1INFOMATIONTECHBOOST"                Context="Summary" Text="LOC_GREATPERSON_1INFOMATIONTECHBOOST"/>
		<Row ModifierId="GREATPERSON_GRANT_COMPUTERS"                     Context="Summary" Text="LOC_GREATPERSON_GRANT_COMPUTERS"/>
		<Row ModifierId="GREATPERSON_CASEY_RYBACK_ACTIVE"                 Context="Summary" Text="LOC_GREATPERSON_CASEY_RYBACK_ACTIVE"/>
		<Row ModifierId="GREATPERSON_GOLD_EX"                             Context="Summary" Text="LOC_GREATPERSON_GOLD_EX"/>
		<Row ModifierId="GREATPERSON_YOUSUKE_KADOMATSU_ACTIVE"            Context="Summary" Text="LOC_GREATPERSON_YOUSUKE_KADOMATSU_ACTIVE"/>
		<Row ModifierId="GREATPERSON_STANISLAW_MACZEK_ACTIVE"             Context="Summary" Text="LOC_GREATPERSON_STANISLAW_MACZEK_ACTIVE"/>
		<Row ModifierId="GREATPERSON_SANITATIONTECHBOOST"                 Context="Summary" Text="LOC_GREATPERSON_SANITATIONTECHBOOST"/>
		<Row ModifierId="GREATPERSON_SCIENTIFIC_THEORYTECHBOOST"          Context="Summary" Text="LOC_GREATPERSON_SCIENTIFIC_THEORYTECHBOOST"/>
		<Row ModifierId="GREATPERSON_FLORENCE_NIGHTINGALE_ACTIVE"         Context="Summary" Text="LOC_GREATPERSON_FLORENCE_NIGHTINGALE_ACTIVE"/>
		<Row ModifierId="GREATPERSON_ELECTRICITYTECHBOOST"                Context="Summary" Text="LOC_GREATPERSON_ELECTRICITYTECHBOOST"/>
		<Row ModifierId="GREATPERSON_FACTORY_PRODUCTION"                  Context="Summary" Text="LOC_GREATPERSON_FACTORY_PRODUCTION"/>
		<Row ModifierId="GREATPERSON_FACTORY_GOLD"                        Context="Summary" Text="LOC_GREATPERSON_FACTORY_GOLD"/>
		<Row ModifierId="GREATPERSON_GUAN_YU_ACTIVE"                      Context="Summary" Text="LOC_GREATPERSON_GUAN_YU_ACTIVE"/>
		<Row ModifierId="GREATPERSON_YOSHITUNE_MINAMOTO_ACTIVE"           Context="Summary" Text="LOC_GREATPERSON_YOSHITUNE_MINAMOTO_ACTIVE"/>
		<Row ModifierId="GREATPERSON_NIKOLA_SUBIC_ZRINSKI_ACTIVE"         Context="Summary" Text="LOC_GREATPERSON_NIKOLA_SUBIC_ZRINSKI_ACTIVE"/>
		<Row ModifierId="GREATPERSON_UNIVERSITY_YUKICHI_FUKUZAWA_SCIENCE" Context="Summary" Text="LOC_GREATPERSON_UNIVERSITY_YUKICHI_FUKUZAWA_SCIENCE"/>
		<Row ModifierId="GREATPERSON_GRANT_TEA"                           Context="Summary" Text="LOC_GREATPERSON_GRANT_TEA"/>
	</ModifierStrings>
</GameData>
