<?xml version="1.0" encoding="utf-8"?>
<GameInfo>
	<Types>
		<Row Type="GREATWORK_MIKU_HATSUNE_1"              Kind="KIND_GREATWORK"/>
		<Row Type="GREATWORK_MIKU_HATSUNE_2"              Kind="KIND_GREATWORK"/>
		<Row Type="GREATWORK_LADY_GAGA_1"                 Kind="KIND_GREATWORK"/>
		<Row Type="GREATWORK_LADY_GAGA_2"                 Kind="KIND_GREATWORK"/>
		
		<Row Type="GREATWORK_VERMEER_1"                   Kind="KIND_GREATWORK"/>
		<Row Type="GREATWORK_VERMEER_2"                   Kind="KIND_GREATWORK"/>
		<Row Type="GREATWORK_VERMEER_3"                   Kind="KIND_GREATWORK"/>
		<Row Type="GREATWORK_PISANELLO_1"                 Kind="KIND_GREATWORK"/>
		<Row Type="GREATWORK_PISANELLO_2"                 Kind="KIND_GREATWORK"/>
		<Row Type="GREATWORK_PISANELLO_3"                 Kind="KIND_GREATWORK"/>
		<Row Type="GREATWORK_TINTORETTO_1"                Kind="KIND_GREATWORK"/>
		<Row Type="GREATWORK_TINTORETTO_2"                Kind="KIND_GREATWORK"/>
		<Row Type="GREATWORK_TINTORETTO_3"                Kind="KIND_GREATWORK"/>
		<Row Type="GREATWORK_TAIKAN_1"                    Kind="KIND_GREATWORK"/>
		<Row Type="GREATWORK_TAIKAN_2"                    Kind="KIND_GREATWORK"/>
		<Row Type="GREATWORK_TAIKAN_3"                    Kind="KIND_GREATWORK"/>

		<Row Type="GREATWORK_CHE_GUEVARA"                 Kind="KIND_GREATWORK"/>
		<Row Type="GREATWORK_HOWARD_PHILLIPS_LOVECRAFT_1" Kind="KIND_GREATWORK"/>
		<Row Type="GREATWORK_HOWARD_PHILLIPS_LOVECRAFT_2" Kind="KIND_GREATWORK"/>
		<Row Type="GREATWORK_BRADLEY_BOND_1"              Kind="KIND_GREATWORK"/>
		<Row Type="GREATWORK_BRADLEY_BOND_2"              Kind="KIND_GREATWORK"/>
	</Types>
	<GreatWorks>
		<Row GreatWorkType="GREATWORK_MIKU_HATSUNE_1"              GreatWorkObjectType="GREATWORKOBJECT_MUSIC"     GreatPersonIndividualType="GREAT_PERSON_INDIVIDUAL_MIKU_HATSUNE"              Name="LOC_GREATWORK_MIKU_HATSUNE_1_NAME" Audio="GMMikuHatsuneShiteyanyo" Tourism="4"/>
		<Row GreatWorkType="GREATWORK_MIKU_HATSUNE_2"              GreatWorkObjectType="GREATWORKOBJECT_MUSIC"     GreatPersonIndividualType="GREAT_PERSON_INDIVIDUAL_MIKU_HATSUNE"              Name="LOC_GREATWORK_MIKU_HATSUNE_2_NAME" Audio="GMMikuHatsuneMelt"       Tourism="4"/>
		<Row GreatWorkType="GREATWORK_LADY_GAGA_1"                 GreatWorkObjectType="GREATWORKOBJECT_MUSIC"     GreatPersonIndividualType="GREAT_PERSON_INDIVIDUAL_LADY_GAGA"                 Name="LOC_GREATWORK_LADY_GAGA_1_NAME"    Audio="GMLadyGagaBadRomance"    Tourism="4"/>
		<Row GreatWorkType="GREATWORK_LADY_GAGA_2"                 GreatWorkObjectType="GREATWORKOBJECT_MUSIC"     GreatPersonIndividualType="GREAT_PERSON_INDIVIDUAL_LADY_GAGA"                 Name="LOC_GREATWORK_LADY_GAGA_2_NAME"    Audio="GMLadyGagaPokerFace"     Tourism="4"/>

		<Row GreatWorkType="GREATWORK_VERMEER_1"                   GreatWorkObjectType="GREATWORKOBJECT_LANDSCAPE" GreatPersonIndividualType="GREAT_PERSON_INDIVIDUAL_JOHANNES_VERMEER"          Name="LOC_GREATWORK_VERMEER_1_NAME"    Image="" Tourism="2"/>
		<Row GreatWorkType="GREATWORK_VERMEER_2"                   GreatWorkObjectType="GREATWORKOBJECT_PORTRAIT"  GreatPersonIndividualType="GREAT_PERSON_INDIVIDUAL_JOHANNES_VERMEER"          Name="LOC_GREATWORK_VERMEER_2_NAME"    Image="" Tourism="2"/>
		<Row GreatWorkType="GREATWORK_VERMEER_3"                   GreatWorkObjectType="GREATWORKOBJECT_PORTRAIT"  GreatPersonIndividualType="GREAT_PERSON_INDIVIDUAL_JOHANNES_VERMEER"          Name="LOC_GREATWORK_VERMEER_3_NAME"    Image="" Tourism="2"/>
		<Row GreatWorkType="GREATWORK_PISANELLO_1"                 GreatWorkObjectType="GREATWORKOBJECT_PORTRAIT"  GreatPersonIndividualType="GREAT_PERSON_INDIVIDUAL_PISANELLO"                 Name="LOC_GREATWORK_PISANELLO_1_NAME"  Image="" Tourism="2"/>
		<Row GreatWorkType="GREATWORK_PISANELLO_2"                 GreatWorkObjectType="GREATWORKOBJECT_RELIGIOUS" GreatPersonIndividualType="GREAT_PERSON_INDIVIDUAL_PISANELLO"                 Name="LOC_GREATWORK_PISANELLO_2_NAME"  Image="" Tourism="2"/>
		<Row GreatWorkType="GREATWORK_PISANELLO_3"                 GreatWorkObjectType="GREATWORKOBJECT_RELIGIOUS" GreatPersonIndividualType="GREAT_PERSON_INDIVIDUAL_PISANELLO"                 Name="LOC_GREATWORK_PISANELLO_3_NAME"  Image="" Tourism="2"/>
		<Row GreatWorkType="GREATWORK_TINTORETTO_1"                GreatWorkObjectType="GREATWORKOBJECT_RELIGIOUS" GreatPersonIndividualType="GREAT_PERSON_INDIVIDUAL_TINTORETTO"                Name="LOC_GREATWORK_TINTORETTO_1_NAME" Image="" Tourism="2"/>
		<Row GreatWorkType="GREATWORK_TINTORETTO_2"                GreatWorkObjectType="GREATWORKOBJECT_RELIGIOUS" GreatPersonIndividualType="GREAT_PERSON_INDIVIDUAL_TINTORETTO"                Name="LOC_GREATWORK_TINTORETTO_2_NAME" Image="" Tourism="2"/>
		<Row GreatWorkType="GREATWORK_TINTORETTO_3"                GreatWorkObjectType="GREATWORKOBJECT_RELIGIOUS" GreatPersonIndividualType="GREAT_PERSON_INDIVIDUAL_TINTORETTO"                Name="LOC_GREATWORK_TINTORETTO_3_NAME" Image="" Tourism="2"/>
		<Row GreatWorkType="GREATWORK_TAIKAN_1"                    GreatWorkObjectType="GREATWORKOBJECT_PORTRAIT"  GreatPersonIndividualType="GREAT_PERSON_INDIVIDUAL_TAIKAN_YOKOYAMA"           Name="LOC_GREATWORK_TAIKAN_1_NAME"     Image="" Tourism="2"/>
		<Row GreatWorkType="GREATWORK_TAIKAN_2"                    GreatWorkObjectType="GREATWORKOBJECT_LANDSCAPE" GreatPersonIndividualType="GREAT_PERSON_INDIVIDUAL_TAIKAN_YOKOYAMA"           Name="LOC_GREATWORK_TAIKAN_2_NAME"     Image="" Tourism="2"/>
		<Row GreatWorkType="GREATWORK_TAIKAN_3"                    GreatWorkObjectType="GREATWORKOBJECT_LANDSCAPE" GreatPersonIndividualType="GREAT_PERSON_INDIVIDUAL_TAIKAN_YOKOYAMA"           Name="LOC_GREATWORK_TAIKAN_3_NAME"     Image="" Tourism="2"/>

		<Row GreatWorkType="GREATWORK_CHE_GUEVARA"                 GreatWorkObjectType="GREATWORKOBJECT_WRITING"   GreatPersonIndividualType="GREAT_PERSON_INDIVIDUAL_CHE_GUEVARA"               Name="LOC_GREATWORK_CHE_GUEVARA_NAME" Quote="LOC_GREATWORK_CHE_GUEVARA_QUOTE" Tourism="4" Audio="GREAT_WRITING_CHE_GUEVARA"/>
		<Row GreatWorkType="GREATWORK_HOWARD_PHILLIPS_LOVECRAFT_1" GreatWorkObjectType="GREATWORKOBJECT_WRITING"   GreatPersonIndividualType="GREAT_PERSON_INDIVIDUAL_HOWARD_PHILLIPS_LOVECRAFT" Name="LOC_GREATWORK_LOVECRAFT_1_NAME"    Quote="LOC_GREATWORK_HOWARD_PHILLIPS_LOVECRAFT_1_QUOTE" Tourism="4" Audio="GREAT_WRITING_HOWARD_PHILLIPS_LOVECRAFT_1"/>
		<Row GreatWorkType="GREATWORK_HOWARD_PHILLIPS_LOVECRAFT_2" GreatWorkObjectType="GREATWORKOBJECT_WRITING"   GreatPersonIndividualType="GREAT_PERSON_INDIVIDUAL_HOWARD_PHILLIPS_LOVECRAFT" Name="LOC_GREATWORK_LOVECRAFT_2_NAME"    Quote="LOC_GREATWORK_HOWARD_PHILLIPS_LOVECRAFT_2_QUOTE" Tourism="4" Audio="GREAT_WRITING_HOWARD_PHILLIPS_LOVECRAFT_2"/>
		<Row GreatWorkType="GREATWORK_BRADLEY_BOND_1"              GreatWorkObjectType="GREATWORKOBJECT_WRITING"   GreatPersonIndividualType="GREAT_PERSON_INDIVIDUAL_BRADLEY_BOND"              Name="LOC_GREATWORK_BRADLEY_BOND_1_NAME" Quote="LOC_GREATWORK_BRADLEY_BOND_1_QUOTE"              Tourism="4" Audio="GREAT_WRITING_BRADLEY_BOND_1"/>
		<Row GreatWorkType="GREATWORK_BRADLEY_BOND_2"              GreatWorkObjectType="GREATWORKOBJECT_WRITING"   GreatPersonIndividualType="GREAT_PERSON_INDIVIDUAL_BRADLEY_BOND"              Name="LOC_GREATWORK_BRADLEY_BOND_2_NAME" Quote="LOC_GREATWORK_BRADLEY_BOND_2_QUOTE"              Tourism="4" Audio="GREAT_WRITING_BRADLEY_BOND_2"/>
	</GreatWorks>
	<GreatWork_YieldChanges>
		<Row GreatWorkType="GREATWORK_MIKU_HATSUNE_1"              YieldType="YIELD_CULTURE" YieldChange="4"/>
		<Row GreatWorkType="GREATWORK_MIKU_HATSUNE_2"              YieldType="YIELD_CULTURE" YieldChange="4"/>
		<Row GreatWorkType="GREATWORK_LADY_GAGA_1"                 YieldType="YIELD_CULTURE" YieldChange="4"/>
		<Row GreatWorkType="GREATWORK_LADY_GAGA_2"                 YieldType="YIELD_CULTURE" YieldChange="4"/>

		<Row GreatWorkType="GREATWORK_VERMEER_1"                   YieldType="YIELD_CULTURE" YieldChange="3"/>
		<Row GreatWorkType="GREATWORK_VERMEER_2"                   YieldType="YIELD_CULTURE" YieldChange="3"/>
		<Row GreatWorkType="GREATWORK_VERMEER_3"                   YieldType="YIELD_CULTURE" YieldChange="3"/>
		<Row GreatWorkType="GREATWORK_PISANELLO_1"                 YieldType="YIELD_CULTURE" YieldChange="3"/>
		<Row GreatWorkType="GREATWORK_PISANELLO_2"                 YieldType="YIELD_CULTURE" YieldChange="3"/>
		<Row GreatWorkType="GREATWORK_PISANELLO_3"                 YieldType="YIELD_CULTURE" YieldChange="3"/>
		<Row GreatWorkType="GREATWORK_TINTORETTO_1"                YieldType="YIELD_CULTURE" YieldChange="3"/>
		<Row GreatWorkType="GREATWORK_TINTORETTO_2"                YieldType="YIELD_CULTURE" YieldChange="3"/>
		<Row GreatWorkType="GREATWORK_TINTORETTO_3"                YieldType="YIELD_CULTURE" YieldChange="3"/>
		<Row GreatWorkType="GREATWORK_TAIKAN_1"                    YieldType="YIELD_CULTURE" YieldChange="3"/>
		<Row GreatWorkType="GREATWORK_TAIKAN_2"                    YieldType="YIELD_CULTURE" YieldChange="3"/>
		<Row GreatWorkType="GREATWORK_TAIKAN_3"                    YieldType="YIELD_CULTURE" YieldChange="3"/>

		<Row GreatWorkType="GREATWORK_CHE_GUEVARA"                 YieldType="YIELD_CULTURE" YieldChange="4"/>
		<Row GreatWorkType="GREATWORK_HOWARD_PHILLIPS_LOVECRAFT_1" YieldType="YIELD_CULTURE" YieldChange="4"/>
		<Row GreatWorkType="GREATWORK_HOWARD_PHILLIPS_LOVECRAFT_2" YieldType="YIELD_CULTURE" YieldChange="4"/>
		<Row GreatWorkType="GREATWORK_BRADLEY_BOND_1"              YieldType="YIELD_CULTURE" YieldChange="4"/>
		<Row GreatWorkType="GREATWORK_BRADLEY_BOND_2"              YieldType="YIELD_CULTURE" YieldChange="4"/>
	</GreatWork_YieldChanges>
</GameInfo>
