<?xml version="1.0" encoding="utf-8"?>
<GameData>
	<Types>
		<Row Type="LEADER_ZELDA" Kind="KIND_LEADER"/>
		<Row Type="TRAIT_LEADER_GODDESS_HARP" Kind="KIND_TRAIT"/>
	</Types>
	<Leaders>
		<Row LeaderType="LEADER_ZELDA" Name="LOC_LEADER_ZELDA_NAME" Sex="Female" InheritFrom="LEADER_DEFAULT" />
	</Leaders>
	<LeaderTraits>
		<Row LeaderType="LEADER_ZELDA" TraitType="TRAIT_LEADER_GODDESS_HARP"/>
	</LeaderTraits>
	<HistoricalAgendas>
		<Row LeaderType="LEADER_ZELDA" AgendaType="AGENDA_DEVOUT"/>
	</HistoricalAgendas>
	<Traits>
		<Row TraitType="TRAIT_LEADER_GODDESS_HARP" Name="LOC_TRAIT_LEADER_GODDESS_HARP_NAME" Description="LOC_TRAIT_LEADER_GODDESS_HARP_DESCRIPTION"/>
	</Traits>
	<TraitModifiers>
		<Row TraitType="TRAIT_LEADER_GODDESS_HARP" ModifierId="TRAIT_HYLIAN_BONUS_GREAT_MUSICIAN_POINTS"/>
	</TraitModifiers>

	<Modifiers>
		<Row ModifierId="TRAIT_HYLIAN_BONUS_GREAT_MUSICIAN_POINTS" ModifierType="MODIFIER_PLAYER_ADJUST_GREAT_PERSON_POINTS" RunOnce="1" Permanent="1"/>
	</Modifiers>

	<ModifierArguments>
		<Row ModifierId="TRAIT_HYLIAN_BONUS_GREAT_MUSICIAN_POINTS" Name="GreatPersonClassType" Value="GREAT_PERSON_CLASS_MUSICIAN" />
		<Row ModifierId="TRAIT_HYLIAN_BONUS_GREAT_MUSICIAN_POINTS" Name="Amount" Value="2" />
	</ModifierArguments>

	<LoadingInfo>
		<Row LeaderType="LEADER_ZELDA" ForegroundImage="LEADER_ZELDA_NEUTRAL.dds" LeaderText="LOC_ZELDA_DOM_TEXT" PlayDawnOfManAudio="1"/>
	</LoadingInfo>
	<DiplomacyInfo>
		<Row Type="LEADER_ZELDA" BackgroundImage="Zelda_Diplomacy_Background.dds"/>
	</DiplomacyInfo>
</GameData>