<?xml version="1.0" encoding="utf-8"?>
<GameData>
	<Types>
		<Row Type="CIVILIZATION_HYLIAN" Kind="KIND_CIVILIZATION"/>
		<Row Type="TRAIT_CIVILIZATION_SACRED_STONES" Kind="KIND_TRAIT" />
		<Row Type="TRAIT_CIVILIZATION_IMPROVEMENT_FAIRY_FOUNTAIN" Kind="KIND_TRAIT" />
		<Row Type="TRAIT_CIVILIZATION_UNIT_HERO_OF_TIME" Kind="KIND_TRAIT" />
		<Row Type="TRAIT_CIVILIZATION_UNIT_HYLIAN_AMBULANCE" Kind="KIND_TRAIT" />
	</Types>
	<Civilizations>
		<Row CivilizationType="CIVILIZATION_HYLIAN" Name="LOC_CIVILIZATION_HYLIAN_NAME" Description="LOC_CIVILIZATION_HYLIAN_DESCRIPTION" Adjective="LOC_CIVILIZATION_HYLIAN_ADJECTIVE" StartingCivilizationLevelType="CIVILIZATION_LEVEL_FULL_CIV" RandomCityNameDepth="27" Ethnicity="ETHNICITY_EURO"/>
	</Civilizations>
	<CivilizationLeaders>
		<Row CivilizationType="CIVILIZATION_HYLIAN" LeaderType="LEADER_ZELDA" CapitalName="LOC_CIVILIZATION_HYLIAN_CITY_1"/>
	</CivilizationLeaders>
	<Traits>
		<Row TraitType="TRAIT_CIVILIZATION_SACRED_STONES" Name="LOC_TRAIT_CIVILIZATION_SACRED_STONES_NAME" Description="LOC_TRAIT_CIVILIZATION_SACRED_STONES_DESCRIPTION" />
		<Row TraitType="TRAIT_CIVILIZATION_IMPROVEMENT_FAIRY_FOUNTAIN" Name="LOC_IMPROVEMENT_FAIRY_FOUNTAIN_NAME" Description="LOC_IMPROVEMENT_FAIRY_FOUNTAIN_DESCRIPTION" />
		<Row TraitType="TRAIT_CIVILIZATION_UNIT_HERO_OF_TIME" Name="LOC_TRAIT_CIVILIZATION_UNIT_HERO_OF_TIME_NAME"/>
		<Row TraitType="TRAIT_CIVILIZATION_UNIT_HYLIAN_AMBULANCE" Name="LOC_TRAIT_CIVILIZATION_UNIT_HYLIAN_AMBULANCE_NAME"/>
	</Traits>
	<CivilizationTraits>
		<Row CivilizationType="CIVILIZATION_HYLIAN" TraitType="TRAIT_CIVILIZATION_SACRED_STONES"/>
		<Row CivilizationType="CIVILIZATION_HYLIAN" TraitType="TRAIT_CIVILIZATION_IMPROVEMENT_FAIRY_FOUNTAIN"/>
		<Row CivilizationType="CIVILIZATION_HYLIAN" TraitType="TRAIT_CIVILIZATION_UNIT_HERO_OF_TIME"/>
		<Row CivilizationType="CIVILIZATION_HYLIAN" TraitType="TRAIT_CIVILIZATION_UNIT_HYLIAN_AMBULANCE"/>
	</CivilizationTraits>
	<TraitModifiers>
		<Row TraitType="TRAIT_CIVILIZATION_SACRED_STONES" ModifierId="TRAIT_HYLIAN_JADE_FAITH" />
		<Row TraitType="TRAIT_CIVILIZATION_SACRED_STONES" ModifierId="TRAIT_HYLIAN_DIAMONDS_FAITH" />
		<Row TraitType="TRAIT_CIVILIZATION_SACRED_STONES" ModifierId="TRAIT_HYLIAN_PEARLS_FAITH" />
		<Row TraitType="TRAIT_CIVILIZATION_SACRED_STONES" ModifierId="TRAIT_HYLIAN_GYPSUM_FAITH" />
		<Row TraitType="TRAIT_CIVILIZATION_SACRED_STONES" ModifierId="TRAIT_HYLIAN_SILVER_FAITH" />
	</TraitModifiers>
	<Modifiers>
		<Row ModifierId="TRAIT_HYLIAN_JADE_FAITH" ModifierType="MODIFIER_PLAYER_ADJUST_PLOT_YIELD" RunOnce="0" Permanent="0" SubjectRequirementSetId="PLOT_HAS_HARVESTED_JADE" />
		<Row ModifierId="TRAIT_HYLIAN_DIAMONDS_FAITH" ModifierType="MODIFIER_PLAYER_ADJUST_PLOT_YIELD" RunOnce="0" Permanent="0" SubjectRequirementSetId="PLOT_HAS_HARVESTED_DIAMONDS" />
		<Row ModifierId="TRAIT_HYLIAN_PEARLS_FAITH" ModifierType="MODIFIER_PLAYER_ADJUST_PLOT_YIELD" RunOnce="0" Permanent="0" SubjectRequirementSetId="PLOT_HAS_HARVESTED_PEARLS" />
		<Row ModifierId="TRAIT_HYLIAN_GYPSUM_FAITH" ModifierType="MODIFIER_PLAYER_ADJUST_PLOT_YIELD" RunOnce="0" Permanent="0" SubjectRequirementSetId="PLOT_HAS_HARVESTED_GYPSUM" />
		<Row ModifierId="TRAIT_HYLIAN_SILVER_FAITH" ModifierType="MODIFIER_PLAYER_ADJUST_PLOT_YIELD" RunOnce="0" Permanent="0" SubjectRequirementSetId="PLOT_HAS_HARVESTED_SILVER" />
	</Modifiers>
	<ModifierArguments>
		<Row ModifierId="TRAIT_HYLIAN_JADE_FAITH"     Name="YieldType" Value="YIELD_FAITH" />
		<Row ModifierId="TRAIT_HYLIAN_JADE_FAITH"     Name="Amount" Value="3" />
		<Row ModifierId="TRAIT_HYLIAN_DIAMONDS_FAITH" Name="YieldType" Value="YIELD_FAITH" />
		<Row ModifierId="TRAIT_HYLIAN_DIAMONDS_FAITH" Name="Amount" Value="3" />
		<Row ModifierId="TRAIT_HYLIAN_PEARLS_FAITH"   Name="YieldType" Value="YIELD_FAITH" />
		<Row ModifierId="TRAIT_HYLIAN_PEARLS_FAITH"   Name="Amount" Value="3" />
		<Row ModifierId="TRAIT_HYLIAN_GYPSUM_FAITH"   Name="YieldType" Value="YIELD_FAITH" />
		<Row ModifierId="TRAIT_HYLIAN_GYPSUM_FAITH"   Name="Amount" Value="3" />
		<Row ModifierId="TRAIT_HYLIAN_SILVER_FAITH"   Name="YieldType" Value="YIELD_FAITH" />
		<Row ModifierId="TRAIT_HYLIAN_SILVER_FAITH"   Name="Amount" Value="3" />
	</ModifierArguments>

	<RequirementSets>
		<!-- Jade -->
		<Row>
			<RequirementSetId>PLOT_HAS_HARVESTED_JADE</RequirementSetId>
			<RequirementSetType>REQUIREMENTSET_TEST_ALL</RequirementSetType>
		</Row>
		<!-- Diamonds -->
		<Row>
			<RequirementSetId>PLOT_HAS_HARVESTED_DIAMONDS</RequirementSetId>
			<RequirementSetType>REQUIREMENTSET_TEST_ALL</RequirementSetType>
		</Row>
		<!-- Pearls -->
		<Row>
			<RequirementSetId>PLOT_HAS_HARVESTED_PEARLS</RequirementSetId>
			<RequirementSetType>REQUIREMENTSET_TEST_ALL</RequirementSetType>
		</Row>
		<!-- Gypsum -->
		<Row>
			<RequirementSetId>PLOT_HAS_HARVESTED_GYPSUM</RequirementSetId>
			<RequirementSetType>REQUIREMENTSET_TEST_ALL</RequirementSetType>
		</Row>
		<!-- Silver -->
		<Row>
			<RequirementSetId>PLOT_HAS_HARVESTED_SILVER</RequirementSetId>
			<RequirementSetType>REQUIREMENTSET_TEST_ALL</RequirementSetType>
		</Row>
	</RequirementSets>
	<RequirementSetRequirements>
		<!-- Jade -->
		<Row>
			<RequirementSetId>PLOT_HAS_HARVESTED_JADE</RequirementSetId>
			<RequirementId>REQUIRES_PLOT_HAS_MINE</RequirementId>
		</Row>
		<Row>
			<RequirementSetId>PLOT_HAS_HARVESTED_JADE</RequirementSetId>
			<RequirementId>REQUIRES_PLOT_HAS_JADE_HYLIAN</RequirementId>
		</Row>
		<!-- Diamonds -->
		<Row>
			<RequirementSetId>PLOT_HAS_HARVESTED_DIAMONDS</RequirementSetId>
			<RequirementId>REQUIRES_PLOT_HAS_MINE</RequirementId>
		</Row>
		<Row>
			<RequirementSetId>PLOT_HAS_HARVESTED_DIAMONDS</RequirementSetId>
			<RequirementId>REQUIRES_PLOT_HAS_DIAMONDS_HYLIAN</RequirementId>
		</Row>
		<!-- Pearls -->
		<Row>
			<RequirementSetId>PLOT_HAS_HARVESTED_PEARLS</RequirementSetId>
			<RequirementId>REQUIRES_PLOT_HAS_FISHINGBOATS</RequirementId>
		</Row>
		<Row>
			<RequirementSetId>PLOT_HAS_HARVESTED_PEARLS</RequirementSetId>
			<RequirementId>REQUIRES_PLOT_HAS_PEARLS_HYLIAN</RequirementId>
		</Row>
		<!-- Gypsum -->
		<Row>
			<RequirementSetId>PLOT_HAS_HARVESTED_GYPSUM</RequirementSetId>
			<RequirementId>REQUIRES_PLOT_HAS_QUARRY</RequirementId>
		</Row>
		<Row>
			<RequirementSetId>PLOT_HAS_HARVESTED_GYPSUM</RequirementSetId>
			<RequirementId>REQUIRES_PLOT_HAS_GYPSUM_HYLIAN</RequirementId>
		</Row>
		<!-- Silver -->
		<Row>
			<RequirementSetId>PLOT_HAS_HARVESTED_SILVER</RequirementSetId>
			<RequirementId>REQUIRES_PLOT_HAS_MINE</RequirementId>
		</Row>
		<Row>
			<RequirementSetId>PLOT_HAS_HARVESTED_SILVER</RequirementSetId>
			<RequirementId>REQUIRES_PLOT_HAS_SILVER_HYLIAN</RequirementId>
		</Row>
	</RequirementSetRequirements>
	<Requirements>
		<!-- Jade -->
		<Row>
			<RequirementId>REQUIRES_PLOT_HAS_JADE_HYLIAN</RequirementId>
			<RequirementType>REQUIREMENT_PLOT_RESOURCE_TYPE_MATCHES</RequirementType>
		</Row>
		<!-- Diamonds -->
		<Row>
			<RequirementId>REQUIRES_PLOT_HAS_DIAMONDS_HYLIAN</RequirementId>
			<RequirementType>REQUIREMENT_PLOT_RESOURCE_TYPE_MATCHES</RequirementType>
		</Row>
		<!-- Pearls -->
		<Row>
			<RequirementId>REQUIRES_PLOT_HAS_PEARLS_HYLIAN</RequirementId>
			<RequirementType>REQUIREMENT_PLOT_RESOURCE_TYPE_MATCHES</RequirementType>
		</Row>
		<!-- Gypsum-->
		<Row>
			<RequirementId>REQUIRES_PLOT_HAS_GYPSUM_HYLIAN</RequirementId>
			<RequirementType>REQUIREMENT_PLOT_RESOURCE_TYPE_MATCHES</RequirementType>
		</Row>
		<!-- Silver -->
		<Row>
			<RequirementId>REQUIRES_PLOT_HAS_SILVER_HYLIAN</RequirementId>
			<RequirementType>REQUIREMENT_PLOT_RESOURCE_TYPE_MATCHES</RequirementType>
		</Row>
	</Requirements>
	<RequirementArguments>
		<!-- Jade -->
		<Row>
			<RequirementId>REQUIRES_PLOT_HAS_JADE_HYLIAN</RequirementId>
			<Name>ResourceType</Name>
			<Value>RESOURCE_JADE</Value>
		</Row>
		<!-- Diamonds -->
		<Row>
			<RequirementId>REQUIRES_PLOT_HAS_DIAMONDS_HYLIAN</RequirementId>
			<Name>ResourceType</Name>
			<Value>RESOURCE_DIAMONDS</Value>
		</Row>
		<!-- Pearls -->
		<Row>
			<RequirementId>REQUIRES_PLOT_HAS_PEARLS_HYLIAN</RequirementId>
			<Name>ResourceType</Name>
			<Value>RESOURCE_PEARLS</Value>
		</Row>
		<!-- Gypsum-->
		<Row>
			<RequirementId>REQUIRES_PLOT_HAS_GYPSUM_HYLIAN</RequirementId>
			<Name>ResourceType</Name>
			<Value>RESOURCE_GYPSUM</Value>
		</Row>
		<!-- Silver -->
		<Row>
			<RequirementId>REQUIRES_PLOT_HAS_SILVER_HYLIAN</RequirementId>
			<Name>ResourceType</Name>
			<Value>RESOURCE_SILVER</Value>
		</Row>
	</RequirementArguments>

	<CityNames>
		<Row CivilizationType="CIVILIZATION_HYLIAN" CityName="LOC_CIVILIZATION_HYLIAN_CITY_1"/>
		<Row CivilizationType="CIVILIZATION_HYLIAN" CityName="LOC_CIVILIZATION_HYLIAN_CITY_2"/>
		<Row CivilizationType="CIVILIZATION_HYLIAN" CityName="LOC_CIVILIZATION_HYLIAN_CITY_3"/>
		<Row CivilizationType="CIVILIZATION_HYLIAN" CityName="LOC_CIVILIZATION_HYLIAN_CITY_4"/>
		<Row CivilizationType="CIVILIZATION_HYLIAN" CityName="LOC_CIVILIZATION_HYLIAN_CITY_5"/>
		<Row CivilizationType="CIVILIZATION_HYLIAN" CityName="LOC_CIVILIZATION_HYLIAN_CITY_6"/>
		<Row CivilizationType="CIVILIZATION_HYLIAN" CityName="LOC_CIVILIZATION_HYLIAN_CITY_7"/>
		<Row CivilizationType="CIVILIZATION_HYLIAN" CityName="LOC_CIVILIZATION_HYLIAN_CITY_8"/>
		<Row CivilizationType="CIVILIZATION_HYLIAN" CityName="LOC_CIVILIZATION_HYLIAN_CITY_9"/>
		<Row CivilizationType="CIVILIZATION_HYLIAN" CityName="LOC_CIVILIZATION_HYLIAN_CITY_10"/>
		<Row CivilizationType="CIVILIZATION_HYLIAN" CityName="LOC_CIVILIZATION_HYLIAN_CITY_11"/>
		<Row CivilizationType="CIVILIZATION_HYLIAN" CityName="LOC_CIVILIZATION_HYLIAN_CITY_12"/>
		<Row CivilizationType="CIVILIZATION_HYLIAN" CityName="LOC_CIVILIZATION_HYLIAN_CITY_13"/>
		<Row CivilizationType="CIVILIZATION_HYLIAN" CityName="LOC_CIVILIZATION_HYLIAN_CITY_14"/>
		<Row CivilizationType="CIVILIZATION_HYLIAN" CityName="LOC_CIVILIZATION_HYLIAN_CITY_15"/>
		<Row CivilizationType="CIVILIZATION_HYLIAN" CityName="LOC_CIVILIZATION_HYLIAN_CITY_16"/>
		<Row CivilizationType="CIVILIZATION_HYLIAN" CityName="LOC_CIVILIZATION_HYLIAN_CITY_17"/>
		<Row CivilizationType="CIVILIZATION_HYLIAN" CityName="LOC_CIVILIZATION_HYLIAN_CITY_18"/>
		<Row CivilizationType="CIVILIZATION_HYLIAN" CityName="LOC_CIVILIZATION_HYLIAN_CITY_19"/>
		<Row CivilizationType="CIVILIZATION_HYLIAN" CityName="LOC_CIVILIZATION_HYLIAN_CITY_20"/>
		<Row CivilizationType="CIVILIZATION_HYLIAN" CityName="LOC_CIVILIZATION_HYLIAN_CITY_21"/>
		<Row CivilizationType="CIVILIZATION_HYLIAN" CityName="LOC_CIVILIZATION_HYLIAN_CITY_22"/>
		<Row CivilizationType="CIVILIZATION_HYLIAN" CityName="LOC_CIVILIZATION_HYLIAN_CITY_23"/>
		<Row CivilizationType="CIVILIZATION_HYLIAN" CityName="LOC_CIVILIZATION_HYLIAN_CITY_24"/>
		<Row CivilizationType="CIVILIZATION_HYLIAN" CityName="LOC_CIVILIZATION_HYLIAN_CITY_25"/>
		<Row CivilizationType="CIVILIZATION_HYLIAN" CityName="LOC_CIVILIZATION_HYLIAN_CITY_26"/>
		<Row CivilizationType="CIVILIZATION_HYLIAN" CityName="LOC_CIVILIZATION_HYLIAN_CITY_27"/>
	</CityNames>
	<CivilizationCitizenNames>
		<Row CivilizationType="CIVILIZATION_HYLIAN" CitizenName="LOC_CITIZEN_KONGO_MALE_1"/>
		<Row CivilizationType="CIVILIZATION_HYLIAN" CitizenName="LOC_CITIZEN_KONGO_MALE_2"/>
		<Row CivilizationType="CIVILIZATION_HYLIAN" CitizenName="LOC_CITIZEN_KONGO_MALE_3"/>
		<Row CivilizationType="CIVILIZATION_HYLIAN" CitizenName="LOC_CITIZEN_KONGO_MALE_4"/>
		<Row CivilizationType="CIVILIZATION_HYLIAN" CitizenName="LOC_CITIZEN_KONGO_MALE_5"/>
		<Row CivilizationType="CIVILIZATION_HYLIAN" CitizenName="LOC_CITIZEN_KONGO_MALE_6"/>
		<Row CivilizationType="CIVILIZATION_HYLIAN" CitizenName="LOC_CITIZEN_KONGO_MALE_7"/>
		<Row CivilizationType="CIVILIZATION_HYLIAN" CitizenName="LOC_CITIZEN_KONGO_MALE_8"/>
		<Row CivilizationType="CIVILIZATION_HYLIAN" CitizenName="LOC_CITIZEN_KONGO_MALE_9"/>
		<Row CivilizationType="CIVILIZATION_HYLIAN" CitizenName="LOC_CITIZEN_KONGO_MALE_10"/>
		<Row CivilizationType="CIVILIZATION_HYLIAN" CitizenName="LOC_CITIZEN_KONGO_FEMALE_1" Female="true"/>
		<Row CivilizationType="CIVILIZATION_HYLIAN" CitizenName="LOC_CITIZEN_KONGO_FEMALE_2" Female="true"/>
		<Row CivilizationType="CIVILIZATION_HYLIAN" CitizenName="LOC_CITIZEN_KONGO_FEMALE_3" Female="true"/>
		<Row CivilizationType="CIVILIZATION_HYLIAN" CitizenName="LOC_CITIZEN_KONGO_FEMALE_4" Female="true"/>
		<Row CivilizationType="CIVILIZATION_HYLIAN" CitizenName="LOC_CITIZEN_KONGO_FEMALE_5" Female="true"/>
		<Row CivilizationType="CIVILIZATION_HYLIAN" CitizenName="LOC_CITIZEN_KONGO_FEMALE_6" Female="true"/>
		<Row CivilizationType="CIVILIZATION_HYLIAN" CitizenName="LOC_CITIZEN_KONGO_FEMALE_7" Female="true"/>
		<Row CivilizationType="CIVILIZATION_HYLIAN" CitizenName="LOC_CITIZEN_KONGO_FEMALE_8" Female="true"/>
		<Row CivilizationType="CIVILIZATION_HYLIAN" CitizenName="LOC_CITIZEN_KONGO_FEMALE_9" Female="true"/>
		<Row CivilizationType="CIVILIZATION_HYLIAN" CitizenName="LOC_CITIZEN_KONGO_FEMALE_10" Female="true"/>
		<Row CivilizationType="CIVILIZATION_HYLIAN" CitizenName="LOC_CITIZEN_KONGO_MODERN_MALE_1" Modern="true"/>
		<Row CivilizationType="CIVILIZATION_HYLIAN" CitizenName="LOC_CITIZEN_KONGO_MODERN_MALE_2" Modern="true"/>
		<Row CivilizationType="CIVILIZATION_HYLIAN" CitizenName="LOC_CITIZEN_KONGO_MODERN_MALE_3" Modern="true"/>
		<Row CivilizationType="CIVILIZATION_HYLIAN" CitizenName="LOC_CITIZEN_KONGO_MODERN_MALE_4" Modern="true"/>
		<Row CivilizationType="CIVILIZATION_HYLIAN" CitizenName="LOC_CITIZEN_KONGO_MODERN_MALE_5" Modern="true"/>
		<Row CivilizationType="CIVILIZATION_HYLIAN" CitizenName="LOC_CITIZEN_KONGO_MODERN_MALE_6" Modern="true"/>
		<Row CivilizationType="CIVILIZATION_HYLIAN" CitizenName="LOC_CITIZEN_KONGO_MODERN_MALE_7" Modern="true"/>
		<Row CivilizationType="CIVILIZATION_HYLIAN" CitizenName="LOC_CITIZEN_KONGO_MODERN_MALE_8" Modern="true"/>
		<Row CivilizationType="CIVILIZATION_HYLIAN" CitizenName="LOC_CITIZEN_KONGO_MODERN_MALE_9" Modern="true"/>
		<Row CivilizationType="CIVILIZATION_HYLIAN" CitizenName="LOC_CITIZEN_KONGO_MODERN_MALE_10" Modern="true"/>
		<Row CivilizationType="CIVILIZATION_HYLIAN" CitizenName="LOC_CITIZEN_KONGO_MODERN_FEMALE_1" Female="true" Modern="true"/>
		<Row CivilizationType="CIVILIZATION_HYLIAN" CitizenName="LOC_CITIZEN_KONGO_MODERN_FEMALE_2" Female="true" Modern="true"/>
		<Row CivilizationType="CIVILIZATION_HYLIAN" CitizenName="LOC_CITIZEN_KONGO_MODERN_FEMALE_3" Female="true" Modern="true"/>
		<Row CivilizationType="CIVILIZATION_HYLIAN" CitizenName="LOC_CITIZEN_KONGO_MODERN_FEMALE_4" Female="true" Modern="true"/>
		<Row CivilizationType="CIVILIZATION_HYLIAN" CitizenName="LOC_CITIZEN_KONGO_MODERN_FEMALE_5" Female="true" Modern="true"/>
		<Row CivilizationType="CIVILIZATION_HYLIAN" CitizenName="LOC_CITIZEN_KONGO_MODERN_FEMALE_6" Female="true" Modern="true"/>
		<Row CivilizationType="CIVILIZATION_HYLIAN" CitizenName="LOC_CITIZEN_KONGO_MODERN_FEMALE_7" Female="true" Modern="true"/>
		<Row CivilizationType="CIVILIZATION_HYLIAN" CitizenName="LOC_CITIZEN_KONGO_MODERN_FEMALE_8" Female="true" Modern="true"/>
		<Row CivilizationType="CIVILIZATION_HYLIAN" CitizenName="LOC_CITIZEN_KONGO_MODERN_FEMALE_9" Female="true" Modern="true"/>
		<Row CivilizationType="CIVILIZATION_HYLIAN" CitizenName="LOC_CITIZEN_KONGO_MODERN_FEMALE_10" Female="true" Modern="true"/>
	</CivilizationCitizenNames>
	<StartBiasTerrains>
		<Row CivilizationType="CIVILIZATION_HYLIAN" TerrainType="TERRAIN_PLAINS" Tier="2"/>
		<Row CivilizationType="CIVILIZATION_HYLIAN" TerrainType="TERRAIN_GRASS" Tier="2"/>
		<Row CivilizationType="CIVILIZATION_HYLIAN" TerrainType="TERRAIN_PLAINS_HILLS" Tier="3"/>
		<Row CivilizationType="CIVILIZATION_HYLIAN" TerrainType="TERRAIN_GRASS_HILLS" Tier="3"/>
		<Row CivilizationType="CIVILIZATION_HYLIAN" TerrainType="TERRAIN_COAST" Tier="5"/>
	</StartBiasTerrains>
	<StartBiasResources>
		<Row CivilizationType="CIVILIZATION_HYLIAN" ResourceType="RESOURCE_JADE" Tier="2"/>
		<Row CivilizationType="CIVILIZATION_HYLIAN" ResourceType="RESOURCE_GYPSUM" Tier="2"/>
		<Row CivilizationType="CIVILIZATION_HYLIAN" ResourceType="RESOURCE_DIAMONDS" Tier="2"/>
		<Row CivilizationType="CIVILIZATION_HYLIAN" ResourceType="RESOURCE_SILVER" Tier="2"/>
		<Row CivilizationType="CIVILIZATION_HYLIAN" ResourceType="RESOURCE_PEARLS" Tier="2"/>
	</StartBiasResources>
</GameData>
