<?xml version="1.0" encoding="utf-8"?>
<GameData>
	<LocalizedText>
		<!-- Leader specific pedia text. -->
		<Replace Tag="LOC_PEDIA_LEADERS_PAGE_LEADER_YNL_MESUGAKI_CHAPTER_CAPSULE_BODY" Language="en_US">
			<Text></Text>
		</Replace>
		<Replace Tag="LOC_PEDIA_LEADERS_PAGE_LEADER_YNL_MESUGAKI_CHAPTER_DETAILED_BODY" Language="en_US">
			<Text></Text>
		</Replace>
		
		<!-- Leader specific historical text. -->
		<Replace Tag="LOC_PEDIA_LEADERS_PAGE_LEADER_YNL_MESUGAKI_CHAPTER_HISTORY_PARA_1" Language="en_US">
			<Text></Text>
		</Replace>

		<!-- Civilization specific historical text. -->
		<Replace Tag="LOC_PEDIA_CIVILIZATIONS_PAGE_CIVILIZATION_YNL_POM_CHAPTER_HISTORY_PARA_1" Language="en_US">
			<Text></Text>
		</Replace>

		<!-- Civlization Citizen Names -->
		<Replace Tag="LOC_CITIZEN_YNL_POM_MALE_1" Language="en_US">
			<Text>Michael Psellos</Text>
		</Replace>
		<Replace Tag="LOC_CITIZEN_YNL_POM_MALE_2" Language="en_US">
			<Text>Thukydides</Text>
		</Replace>
		<Replace Tag="LOC_CITIZEN_YNL_POM_MALE_3" Language="en_US">
			<Text>Marquis de Sade</Text>
		</Replace>
		<Replace Tag="LOC_CITIZEN_YNL_POM_MALE_4" Language="en_US">
			<Text>Józef Bem</Text>
		</Replace>
		<Replace Tag="LOC_CITIZEN_YNL_POM_FEMALE_1" Language="en_US">
			<Text>Anna Komnena</Text>
		</Replace>
		<Replace Tag="LOC_CITIZEN_YNL_POM_FEMALE_2" Language="en_US">
			<Text>Sarah Bernhardt</Text>
		</Replace>
		<Replace Tag="LOC_CITIZEN_YNL_POM_FEMALE_3" Language="en_US">
			<Text>Hedy Lamarr</Text>
		</Replace>
		<Replace Tag="LOC_CITIZEN_YNL_POM_FEMALE_4" Language="en_US">
			<Text>Mata Hari</Text>
		</Replace>
		<Replace Tag="LOC_CITIZEN_YNL_POM_FEMALE_5" Language="en_US">
			<Text>Maria Theresia</Text>
		</Replace>

		<!-- Civilization City Names-->
		<Replace Tag="LOC_CIVLIZATION_YNL_POM_CITY_1" Language="en_US">
			<Text>Londinium</Text>
		</Replace>
		<Replace Tag="LOC_CIVLIZATION_YNL_POM_CITY_2" Language="en_US">
			<Text>Camulodunum</Text>
		</Replace>
		<Replace Tag="LOC_CIVLIZATION_YNL_POM_CITY_3" Language="en_US">
			<Text>Eboracum</Text>
		</Replace>
		<Replace Tag="LOC_CIVLIZATION_YNL_POM_CITY_4" Language="en_US">
			<Text>Massilia</Text>
		</Replace>
		<Replace Tag="LOC_CIVLIZATION_YNL_POM_CITY_5" Language="en_US">
			<Text>Serviacum</Text>
		</Replace>
		<Replace Tag="LOC_CIVLIZATION_YNL_POM_CITY_6" Language="en_US">
			<Text>Rendlesham</Text>
		</Replace>
		<Replace Tag="LOC_CIVLIZATION_YNL_POM_CITY_7" Language="en_US">
			<Text>Dommoc</Text>
		</Replace>
		<Replace Tag="LOC_CIVLIZATION_YNL_POM_CITY_8" Language="en_US">
			<Text>Vorgium</Text>
		</Replace>
		<Replace Tag="LOC_CIVLIZATION_YNL_POM_CITY_9" Language="en_US">
			<Text>Aelia Capitolina</Text>
		</Replace>
		<Replace Tag="LOC_CIVLIZATION_YNL_POM_CITY_10" Language="en_US">
			<Text>Trajectum</Text>
		</Replace>

		<!-- Leader Quotes -->
		<Replace Tag="LOC_LEADER_YNL_MESUGAKI_QUOTE" Language="en_US">
			<Text>(@_@)</Text>
		</Replace>
    
		<!-- UU Ability -->
		<Replace Tag="LOC_ABILITY_UNIT_MESUGAKI_ANTI_MATERIAL_RIFLE_NAME" Language="en_US">
			<Text>Anti-Cavalry</Text>
		</Replace>
		<Replace Tag="LOC_ABILITY_UNIT_MESUGAKI_ANTI_MATERIAL_RIFLE_DESCRIPTION" Language="en_US">
			<Text>+7 [ICON_Strength] Combat Strength against light cavalry and heavy cavalry units.</Text>
		</Replace>
		<Replace Tag="LOC_ABILITY_UNIT_MESUGAKI_ANTI_MATERIAL_RIFLE_MODIFIER_DESCRIPTION" Language="en_US">
			<Text>+7 against cavalry</Text>
		</Replace>

		<!-- Agenda -->
		<Replace Tag="LOC_AGENDA_CULTURED_AND_INDUSTRY_MESUGAKI_NAME" Language="en_US">
			<Text>Culture and Industry</Text>
		</Replace>
		<Replace Tag="LOC_AGENDA_CULTURED_AND_INDUSTRY_MESUGAKI_DESCRIPTION" Language="en_US">
			<Text>Tries to build up [ICON_Culture] Culture / [ICON_Production] Production, and likes civilizations that also focus on [ICON_Culture] Culture and [ICON_Production] Production.</Text>
		</Replace>
	</LocalizedText>
</GameData>
