<?xml version="1.0" encoding="utf-8"?>
<GameData>
	<LocalizedText>
		<!-- Civilization -->
		<Replace Tag="LOC_CIVILIZATION_YNL_POM_NAME" Language="en_US">
			<Text>Principality of Mesugaki</Text>
		</Replace>
		<Replace Tag="LOC_CIVILIZATION_YNL_POM_DESCRIPTION" Language="en_US">
			<Text>Principality of Mesugaki</Text>
		</Replace>
		<Replace Tag="LOC_CIVILIZATION_YNL_POM_ADJECTIVE" Language="en_US">
			<Text>Principality of Mesugaki</Text>
		</Replace>
		<Replace Tag="LOC_TRAIT_CIVILIZATION_YNL_POM_NAME" Language="en_US">
			<Text>Dream Land</Text>
		</Replace>
		<Replace Tag="LOC_TRAIT_CIVILIZATION_YNL_POM_DESCRIPTION" Language="en_US">
			<Text>All cities are +1 [ICON_Amenities] Amenities.[NEWLINE]All districts receive an additional standard adjacency bonus for being adjacent to another district.</Text>
		</Replace>

		<!-- Leader -->
		<Replace Tag="LOC_LEADER_YNL_MESUGAKI_NAME" Language="en_US">
			<Text>Mesugaki (kururu)</Text>
		</Replace>
		<Replace Tag="LOC_TRAIT_LEADER_YNL_MESUGAKI_NAME" Language="en_US">
			<Text>Livestream Supporter</Text>
		</Replace>
		<Replace Tag="LOC_TRAIT_LEADER_YNL_MESUGAKI_DESCRIPTION" Language="en_US">
			<Text>Industrial Zones trigger a culture bomb.[NEWLINE]Encampment provide +2 [ICON_Culture] Culture if placed on a river. Encampment provide +1 [ICON_Science] Science if adjacent to mountains. [NEWLINE]Opposing civilizations receive double the war weariness for fighting against Mesugaki.</Text>
		</Replace>
		<Replace Tag="LOC_LEADER_YNL_MESUGAKI_DOM_TEXT" Language="en_US">
			<Text>Mesugaki Kawaii Yatta!!</Text>
		</Replace>

		<!-- UD -->
		<Replace Tag="LOC_DISTRICT_LIVERY_COMPANY_NAME" Language="en_US">
			<Text>Livery Company</Text>
		</Replace>
		<Replace Tag="LOC_DISTRICT_LIVERY_COMPANY_DESCRIPTION" Language="en_US">
			<Text>A district unique to Principality of Mesugaki. Replaces the Commercial Hub district. +2 [ICON_GreatMerchant] Great Merchant Points, +2 [ICON_Production] Production from domestic [ICON_TradeRoute] Trade Routes. +2 [ICON_Gold] Gold from the adjacent City Center district. The other abilities are the same as Commercial Hub.</Text>
		</Replace>
		<Replace Tag="LOC_TRAIT_DISTRICT_LIVERY_COMPANY_NAME" Language="en_US">
			<Text>Principality of Mesugaki unique district: Livery Company</Text>
		</Replace>
		<Replace Tag="LOC_PEDIA_UNITS_PAGE_DISTRICT_LIVERY_COMPANY_CHAPTER_HISTORY_PARA_1" Language="en_US">
			<Text></Text>
		</Replace>
		
		<!-- UU -->
		<Replace Tag="LOC_TRAIT_LEADER_UNIT_MESUGAKI_ANTI_MATERIAL_RIFLE_NAME" Language="en_US">
			<Text>Mesugaki unique unit: Anti Material Rifle</Text>
		</Replace>
		<Replace Tag="LOC_UNIT_MESUGAKI_ANTI_MATERIAL_RIFLE_DESCRIPTION" Language="en_US">
			<Text>Mesugaki unique Atomic era unit. Replace the Machine Gun. [ICON_Range] Range 3. +7 [ICON_Strength] Combat Strength against light cavalry and heavy cavalry units.</Text>
		</Replace>
		<Replace Tag="LOC_UNIT_MESUGAKI_ANTI_MATERIAL_RIFLE_NAME" Language="en_US">
			<Text>Anti Material Rifle</Text>
		</Replace>
		<Replace Tag="LOC_PEDIA_UNITS_PAGE_UNIT_MESUGAKI_ANTI_MATERIAL_RIFLE_CHAPTER_HISTORY_PARA_1" Language="en_US">
			<Text></Text>
		</Replace>
		<Replace Tag="LOC_PEDIA_UNITS_PAGE_UNIT_MESUGAKI_ANTI_MATERIAL_RIFLE_CHAPTER_HISTORY_PARA_2" Language="en_US">
			<Text></Text>
		</Replace>

		<!-- UI -->
		<Replace Tag="LOC_IMPROVEMENT_BOARDING_HOUSE_NAME" Language="en_US">
			<Text>Boarding House</Text>
		</Replace>
		<Replace Tag="LOC_IMPROVEMENT_BOARDING_HOUSE_DESCRIPTION" Language="en_US">
			<Text>Unlocks the Builder ability to construct a Boarding House, unique to Mesugaki.[NEWLINE][NEWLINE]+1 [ICON_Housing] Housing, +2 [ICON_Culture] Culture, +1 [ICON_Food] Food, +1 Appeal. Cannot be adjacent to the same improvement.</Text>
		</Replace>
		<Replace Tag="LOC_TRAIT_CIVILIZATION_IMPROVEMENT_BOARDING_HOUSE_NAME" Language="en_US">
			<Text>Mesugaki unique improvement: Boarding House</Text>
		</Replace>
		<Replace Tag="LOC_PEDIA_IMPROVEMENTS_PAGE_IMPROVEMENT_BOARDING_HOUSE_CHAPTER_HISTORY_PARA_1" Language="en_US">
			<Text></Text>
		</Replace>
		<Replace Tag="LOC_PEDIA_IMPROVEMENTS_PAGE_IMPROVEMENT_BOARDING_HOUSE_CHAPTER_HISTORY_PARA_2" Language="en_US">
			<Text></Text>
		</Replace>
	</LocalizedText>
</GameData>
