<?xml version="1.0" encoding="utf-8"?>
<GameInfo>
	<Types>
		<Row Type="IMPROVEMENT_BOARDING_HOUSE" Kind="KIND_IMPROVEMENT"/>
	</Types>
	<Improvements>
		<Row ImprovementType="IMPROVEMENT_BOARDING_HOUSE" Name="LOC_IMPROVEMENT_BOARDING_HOUSE_NAME" 
			 Description="LOC_IMPROVEMENT_BOARDING_HOUSE_DESCRIPTION" Icon="ICON_IMPROVEMENT_BOARDING_HOUSE" 
			 PlunderType="PLUNDER_CULTURE" PlunderAmount="25" Buildable="true" SameAdjacentValid="false" PrereqCivic="CIVIC_CIVIL_ENGINEERING" 
			 Housing="1" TilesRequired="1" TraitType="TRAIT_CIVILIZATION_IMPROVEMENT_BOARDING_HOUSE" Appeal="1"/>
	</Improvements>
	<Improvement_ValidTerrains>
		<!-- 建設箇所は海系タイル以外どこでも -->
		<Row ImprovementType="IMPROVEMENT_BOARDING_HOUSE" TerrainType="TERRAIN_DESERT"/>
		<Row ImprovementType="IMPROVEMENT_BOARDING_HOUSE" TerrainType="TERRAIN_TUNDRA"/>
		<Row ImprovementType="IMPROVEMENT_BOARDING_HOUSE" TerrainType="TERRAIN_PLAINS"/>
		<Row ImprovementType="IMPROVEMENT_BOARDING_HOUSE" TerrainType="TERRAIN_GRASS"/>
		<Row ImprovementType="IMPROVEMENT_BOARDING_HOUSE" TerrainType="TERRAIN_SNOW"/>
		<Row ImprovementType="IMPROVEMENT_BOARDING_HOUSE" TerrainType="TERRAIN_DESERT_HILLS"/>
		<Row ImprovementType="IMPROVEMENT_BOARDING_HOUSE" TerrainType="TERRAIN_TUNDRA_HILLS"/>
		<Row ImprovementType="IMPROVEMENT_BOARDING_HOUSE" TerrainType="TERRAIN_PLAINS_HILLS"/>
		<Row ImprovementType="IMPROVEMENT_BOARDING_HOUSE" TerrainType="TERRAIN_GRASS_HILLS"/>
		<Row ImprovementType="IMPROVEMENT_BOARDING_HOUSE" TerrainType="TERRAIN_SNOW_HILLS"/>
	</Improvement_ValidTerrains>
	<Improvement_ValidBuildUnits>
		<Row ImprovementType="IMPROVEMENT_BOARDING_HOUSE" UnitType="UNIT_BUILDER"/>
	</Improvement_ValidBuildUnits>
	<Improvement_YieldChanges>
		<!-- 文化+2、食糧+1 -->
		<Row ImprovementType="IMPROVEMENT_BOARDING_HOUSE" YieldType="YIELD_CULTURE" YieldChange="2"/>
		<Row ImprovementType="IMPROVEMENT_BOARDING_HOUSE" YieldType="YIELD_FOOD"    YieldChange="1"/>
	</Improvement_YieldChanges>
	<Improvement_Tourism>
		<!-- 観光力を得るのに航空技術の必要なし(シーサイドリゾートと同じ) -->
		<Row ImprovementType="IMPROVEMENT_BOARDING_HOUSE" TourismSource="TOURISMSOURCE_CULTURE" ScalingFactor="100"/>
	</Improvement_Tourism>
</GameInfo>
