<?xml version="1.0" encoding="utf-8"?>
<GameData>
	<LocalizedText>
		<!-- Leader specific pedia text. -->
		<Replace Tag="LOC_PEDIA_LEADERS_PAGE_LEADER_YNL_MESUGAKI_CHAPTER_CAPSULE_BODY" Language="ja_JP">
			<Text></Text>
		</Replace>
		<Replace Tag="LOC_PEDIA_LEADERS_PAGE_LEADER_YNL_MESUGAKI_CHAPTER_DETAILED_BODY" Language="ja_JP">
			<Text></Text>
		</Replace>

		<!-- Leader specific historical text. -->
		<Replace Tag="LOC_PEDIA_LEADERS_PAGE_LEADER_YNL_MESUGAKI_CHAPTER_HISTORY_PARA_1" Language="ja_JP">
			<Text></Text>
		</Replace>

		<!-- Civilization specific historical text. -->
		<Replace Tag="LOC_PEDIA_CIVILIZATIONS_PAGE_CIVILIZATION_YNL_POM_CHAPTER_HISTORY_PARA_1" Language="ja_JP">
			<Text></Text>
		</Replace>

		<!-- Civlization Citizen Names -->
		<Replace Tag="LOC_CITIZEN_YNL_POM_MALE_1" Language="ja_JP">
			<Text>ミカエル・プセルロス</Text>
		</Replace>
		<Replace Tag="LOC_CITIZEN_YNL_POM_MALE_2" Language="ja_JP">
			<Text>トゥキディデス</Text>
		</Replace>
		<Replace Tag="LOC_CITIZEN_YNL_POM_MALE_3" Language="ja_JP">
			<Text>マルキ・ド・サド</Text>
		</Replace>
		<Replace Tag="LOC_CITIZEN_YNL_POM_MALE_4" Language="ja_JP">
			<Text>ユゼフ・ベム</Text>
		</Replace>
		<Replace Tag="LOC_CITIZEN_YNL_POM_FEMALE_1" Language="ja_JP">
			<Text>アンナ・コムネナ</Text>
		</Replace>
		<Replace Tag="LOC_CITIZEN_YNL_POM_FEMALE_2" Language="ja_JP">
			<Text>サラ・ベルナール</Text>
		</Replace>
		<Replace Tag="LOC_CITIZEN_YNL_POM_FEMALE_3" Language="ja_JP">
			<Text>ヘディ・ラマー</Text>
		</Replace>
		<Replace Tag="LOC_CITIZEN_YNL_POM_FEMALE_4" Language="ja_JP">
			<Text>マタ・ハリ</Text>
		</Replace>
		<Replace Tag="LOC_CITIZEN_YNL_POM_FEMALE_5" Language="ja_JP">
			<Text>マリア・テレジア</Text>
		</Replace>

		<!-- Civilization City Names-->
		<Replace Tag="LOC_CIVLIZATION_YNL_POM_CITY_1" Language="ja_JP">
			<Text>ロンディニウム</Text>
		</Replace>
		<Replace Tag="LOC_CIVLIZATION_YNL_POM_CITY_2" Language="ja_JP">
			<Text>カムロドゥナム</Text>
		</Replace>
		<Replace Tag="LOC_CIVLIZATION_YNL_POM_CITY_3" Language="ja_JP">
			<Text>エボラクム</Text>
		</Replace>
		<Replace Tag="LOC_CIVLIZATION_YNL_POM_CITY_4" Language="ja_JP">
			<Text>マッシリア</Text>
		</Replace>
		<Replace Tag="LOC_CIVLIZATION_YNL_POM_CITY_5" Language="ja_JP">
			<Text>セルヴィアクム</Text>
		</Replace>
		<Replace Tag="LOC_CIVLIZATION_YNL_POM_CITY_6" Language="ja_JP">
			<Text>レンデルシャム</Text>
		</Replace>
		<Replace Tag="LOC_CIVLIZATION_YNL_POM_CITY_7" Language="ja_JP">
			<Text>ドモック</Text>
		</Replace>
		<Replace Tag="LOC_CIVLIZATION_YNL_POM_CITY_8" Language="ja_JP">
			<Text>ウォルジウム</Text>
		</Replace>
		<Replace Tag="LOC_CIVLIZATION_YNL_POM_CITY_9" Language="ja_JP">
			<Text>アエリア・カピトリナ</Text>
		</Replace>
		<Replace Tag="LOC_CIVLIZATION_YNL_POM_CITY_10" Language="ja_JP">
			<Text>トライェクトゥム</Text>
		</Replace>
		<Replace Tag="LOC_CIVLIZATION_YNL_POM_CITY_11" Language="ja_JP">
			<Text>タナイス</Text>
		</Replace>
		<Replace Tag="LOC_CIVLIZATION_YNL_POM_CITY_12" Language="ja_JP">
			<Text>ケルケソネス</Text>
		</Replace>
		<Replace Tag="LOC_CIVLIZATION_YNL_POM_CITY_13" Language="ja_JP">
			<Text>パンティカパイオン</Text>
		</Replace>

		<!-- Leader Quotes -->
		<Replace Tag="LOC_LEADER_YNL_MESUGAKI_QUOTE" Language="ja_JP">
			<Text>突然指導者になっちゃいましたけど、がんばります！</Text>
		</Replace>

		<!-- UU Ability -->
		<Replace Tag="LOC_ABILITY_UNIT_MESUGAKI_ANTI_MATERIAL_RIFLE_NAME" Language="ja_JP">
			<Text>対騎兵</Text>
		</Replace>
		<Replace Tag="LOC_ABILITY_UNIT_MESUGAKI_ANTI_MATERIAL_RIFLE_DESCRIPTION" Language="ja_JP">
			<Text>軽騎兵と重騎兵ユニットに対して [ICON_Strength] 戦闘力+7。</Text>
		</Replace>
		<Replace Tag="LOC_ABILITY_UNIT_MESUGAKI_ANTI_MATERIAL_RIFLE_MODIFIER_DESCRIPTION" Language="ja_JP">
			<Text>>騎兵に対して+7</Text>
		</Replace>

		<!-- Agenda -->
		<Replace Tag="LOC_AGENDA_CULTURED_AND_INDUSTRY_MESUGAKI_NAME" Language="ja_JP">
			<Text>文化と工業</Text>
		</Replace>
		<Replace Tag="LOC_AGENDA_CULTURED_AND_INDUSTRY_MESUGAKI_DESCRIPTION" Language="ja_JP">
			<Text>[ICON_Culture] 文化力や [ICON_Production] 生産力を高めることを重視し、同じように [ICON_Culture] 文化力や [ICON_Production] 生産力の強化に注力する文明を好む。</Text>
		</Replace>
	</LocalizedText>
</GameData>
