<?xml version="1.0" encoding="utf-8"?>
<GameData>
	<Players>
		<!-- 指導者・文明の設定メイン。文明選択画面で表示されるものはここで設定したものになる。 -->
		<!-- イタコ -->
		<Row>
			<Domain>StandardPlayers</Domain>
			<CivilizationType>CIVILIZATION_DPRT</CivilizationType>
			<LeaderType>LEADER_ITAKO_TOHOKU</LeaderType>
			<CivilizationName>LOC_CIVILIZATION_DPRT_NAME</CivilizationName>
			<CivilizationIcon>ICON_CIVILIZATION_DPRT</CivilizationIcon>
			<LeaderName>LOC_LEADER_ITAKO_TOHOKU_NAME</LeaderName>
			<LeaderIcon>ICON_LEADER_ITAKO_TOHOKU</LeaderIcon>
			<CivilizationAbilityName>LOC_TRAIT_CIVILIZATION_DPRT_NAME</CivilizationAbilityName>
			<CivilizationAbilityDescription>LOC_TRAIT_CIVILIZATION_DPRT_DESCRIPTION</CivilizationAbilityDescription>
			<CivilizationAbilityIcon>ICON_CIVILIZATION_DPRT</CivilizationAbilityIcon>
			<LeaderAbilityName>LOC_TRAIT_LEADER_ITAKO_TOHOKU_NAME</LeaderAbilityName>
			<LeaderAbilityDescription>LOC_TRAIT_LEADER_ITAKO_TOHOKU_DESCRIPTION</LeaderAbilityDescription>
			<LeaderAbilityIcon>ICON_LEADER_ITAKO_TOHOKU</LeaderAbilityIcon>
			<Portrait>PORTRAIT_ITAKO_TOHOKU</Portrait><!-- イタコさんは個別に用意したものを指定 -->
			<PortraitBackground>LEADER_T_ROOSEVELT_BACKGROUND</Portrait>
		</Row>
		<!-- ずん子 -->
		<Row>
			<Domain>StandardPlayers</Domain>
			<CivilizationType>CIVILIZATION_DPRT</CivilizationType>
			<LeaderType>LEADER_ZUNKO_TOHOKU</LeaderType>
			<CivilizationName>LOC_CIVILIZATION_DPRT_NAME</CivilizationName>
			<CivilizationIcon>ICON_CIVILIZATION_DPRT</CivilizationIcon>
			<LeaderName>LOC_LEADER_ZUNKO_TOHOKU_NAME</LeaderName>
			<LeaderIcon>ICON_LEADER_ZUNKO_TOHOKU</LeaderIcon>
			<CivilizationAbilityName>LOC_TRAIT_CIVILIZATION_DPRT_NAME</CivilizationAbilityName>
			<CivilizationAbilityDescription>LOC_TRAIT_CIVILIZATION_DPRT_DESCRIPTION</CivilizationAbilityDescription>
			<CivilizationAbilityIcon>ICON_CIVILIZATION_DPRT</CivilizationAbilityIcon>
			<LeaderAbilityName>LOC_TRAIT_LEADER_ZUNKO_TOHOKU_NAME</LeaderAbilityName>
			<LeaderAbilityDescription>LOC_TRAIT_LEADER_ZUNKO_TOHOKU_DESCRIPTION</LeaderAbilityDescription>
			<LeaderAbilityIcon>ICON_LEADER_ZUNKO_TOHOKU</LeaderAbilityIcon>
			<Portrait>LEADER_ZUNKO_TOHOKU_NEUTRAL</Portrait><!-- ずん子は通常の指導者の立絵と同じもので違和感がない -->
			<PortraitBackground>LEADER_T_ROOSEVELT_BACKGROUND</Portrait>
		</Row>
		<!-- きりたん -->
		<Row>
			<Domain>StandardPlayers</Domain>
			<CivilizationType>CIVILIZATION_DPRT</CivilizationType>
			<LeaderType>LEADER_KIRITAN_TOHOKU</LeaderType>
			<CivilizationName>LOC_CIVILIZATION_DPRT_NAME</CivilizationName>
			<CivilizationIcon>ICON_CIVILIZATION_DPRT</CivilizationIcon>
			<LeaderName>LOC_LEADER_KIRITAN_TOHOKU_NAME</LeaderName>
			<LeaderIcon>ICON_LEADER_KIRITAN_TOHOKU</LeaderIcon>
			<CivilizationAbilityName>LOC_TRAIT_CIVILIZATION_DPRT_NAME</CivilizationAbilityName>
			<CivilizationAbilityDescription>LOC_TRAIT_CIVILIZATION_DPRT_DESCRIPTION</CivilizationAbilityDescription>
			<CivilizationAbilityIcon>ICON_CIVILIZATION_DPRT</CivilizationAbilityIcon>
			<LeaderAbilityName>LOC_TRAIT_LEADER_KIRITAN_TOHOKU_NAME</LeaderAbilityName>
			<LeaderAbilityDescription>LOC_TRAIT_LEADER_KIRITAN_TOHOKU_DESCRIPTION</LeaderAbilityDescription>
			<LeaderAbilityIcon>ICON_LEADER_KIRITAN_TOHOKU</LeaderAbilityIcon>
			<Portrait>PORTRAIT_KIRITAN_TOHOKU</Portrait><!-- きりたんも個別に用意したものを指定 -->
			<PortraitBackground>LEADER_T_ROOSEVELT_BACKGROUND</Portrait>
		</Row>
	</Players>
	<PlayerItems>
		<!-- ユニークユニット/ユニーク建造物/ユニーク施設の表記 -->
		<!-- SortIndex : 表示の優先順位。同じだとどうなるのかは不明なのでちゃんと表示したい順に振っておいたほうがよい -->
		<!-- イタコ -->
		<Row>
			<Domain>StandardPlayers</Domain>
			<CivilizationType>CIVILIZATION_DPRT</CivilizationType>
			<LeaderType>LEADER_ITAKO_TOHOKU</LeaderType>
			<Type>UNIT_YAMABUSHI</Type>
			<Name>LOC_UNIT_YAMABUSHI_NAME</Name>
			<Description>LOC_UNIT_YAMABUSHI_DESCRIPTION</Description>
			<Icon>ICON_UNIT_YAMABUSHI</Icon>
			<SortIndex>10</SortIndex>
		</Row>
		<Row>
			<Domain>StandardPlayers</Domain>
			<CivilizationType>CIVILIZATION_DPRT</CivilizationType>
			<LeaderType>LEADER_ITAKO_TOHOKU</LeaderType>
			<Type>UNIT_FIGHTING_MONK</Type>
			<Name>LOC_UNIT_FIGHTING_MONK_NAME</Name>
			<Description>LOC_UNIT_FIGHTING_MONK_DESCRIPTION</Description>
			<Icon>ICON_UNIT_FIGHTING_MONK</Icon>
			<SortIndex>20</SortIndex>
		</Row>
		<Row>
			<Domain>StandardPlayers</Domain>
			<CivilizationType>CIVILIZATION_DPRT</CivilizationType>
			<LeaderType>LEADER_ITAKO_TOHOKU</LeaderType>
			<Type>IMPROVEMENT_KOSHIN_TOWER</Type>
			<Name>LOC_IMPROVEMENT_KOSHIN_TOWER_NAME</Name>
			<Description>LOC_IMPROVEMENT_KOSHIN_TOWER_DESCRIPTION</Description>
			<Icon>ICON_IMPROVEMENT_KOSHIN_TOWER</Icon>
			<SortIndex>30</SortIndex>
		</Row>
		<!-- ずん子 -->
		<Row>
			<Domain>StandardPlayers</Domain>
			<CivilizationType>CIVILIZATION_DPRT</CivilizationType>
			<LeaderType>LEADER_ZUNKO_TOHOKU</LeaderType>
			<Type>UNIT_ZUNKO_HORSE_ARCHER</Type>
			<Name>LOC_UNIT_ZUNKO_HORSE_ARCHER_NAME</Name>
			<Description>LOC_UNIT_ZUNKO_HORSE_ARCHER_DESCRIPTION</Description>
			<Icon>ICON_UNIT_ZUNKO_HORSE_ARCHER</Icon>
			<SortIndex>10</SortIndex>
		</Row>
		<Row>
			<Domain>StandardPlayers</Domain>
			<CivilizationType>CIVILIZATION_DPRT</CivilizationType>
			<LeaderType>LEADER_ZUNKO_TOHOKU</LeaderType>
			<Type>BUILDING_ZUNDA_CAFE</Type>
			<Name>LOC_BUILDING_ZUNDA_CAFE_NAME</Name>
			<Description>LOC_BUILDING_ZUNDA_CAFE_DESCRIPTION</Description>
			<Icon>ICON_BUILDING_ZUNDA_CAFE</Icon>
			<SortIndex>20</SortIndex>
		</Row>
		<Row>
			<Domain>StandardPlayers</Domain>
			<CivilizationType>CIVILIZATION_DPRT</CivilizationType>
			<LeaderType>LEADER_ZUNKO_TOHOKU</LeaderType>
			<Type>IMPROVEMENT_KOSHIN_TOWER</Type>
			<Name>LOC_IMPROVEMENT_KOSHIN_TOWER_NAME</Name>
			<Description>LOC_IMPROVEMENT_KOSHIN_TOWER_DESCRIPTION</Description>
			<Icon>ICON_IMPROVEMENT_KOSHIN_TOWER</Icon>
			<SortIndex>30</SortIndex>
		</Row>
		<!-- きりたん -->
		<Row>
			<Domain>StandardPlayers</Domain>
			<CivilizationType>CIVILIZATION_DPRT</CivilizationType>
			<LeaderType>LEADER_KIRITAN_TOHOKU</LeaderType>
			<Type>DISTRICT_INDUSTRIAL_PARK</Type>
			<Name>LOC_DISTRICT_INDUSTRIAL_PARK_NAME</Name>
			<Description>LOC_DISTRICT_INDUSTRIAL_PARK_DESCRIPTION</Description>
			<Icon>ICON_DISTRICT_INDUSTRIAL_PARK</Icon>
			<SortIndex>10</SortIndex>
		</Row>
		<Row>
			<Domain>StandardPlayers</Domain>
			<CivilizationType>CIVILIZATION_DPRT</CivilizationType>
			<LeaderType>LEADER_KIRITAN_TOHOKU</LeaderType>
			<Type>DISTRICT_NAMAHAGE_MUSEUM</Type>
			<Name>LOC_DISTRICT_NAMAHAGE_MUSEUM_NAME</Name>
			<Description>LOC_DISTRICT_NAMAHAGE_MUSEUM_DESCRIPTION</Description>
			<Icon>ICON_DISTRICT_NAMAHAGE_MUSEUM</Icon>
			<SortIndex>20</SortIndex>
		</Row>
		<Row>
			<Domain>StandardPlayers</Domain>
			<CivilizationType>CIVILIZATION_DPRT</CivilizationType>
			<LeaderType>LEADER_KIRITAN_TOHOKU</LeaderType>
			<Type>IMPROVEMENT_KOSHIN_TOWER</Type>
			<Name>LOC_IMPROVEMENT_KOSHIN_TOWER_NAME</Name>
			<Description>LOC_IMPROVEMENT_KOSHIN_TOWER_DESCRIPTION</Description>
			<Icon>ICON_IMPROVEMENT_KOSHIN_TOWER</Icon>
			<SortIndex>30</SortIndex>
		</Row>
	</PlayerItems>
</GameData>
