<?xml version="1.0" encoding="utf-8"?>
<GameData>
	<!-- LeaderAnimation ***************************************************** -->
	<!--
		Name     : 感情
		Leader   : リーダーの定義名を指定
		Sequence : FallbackLeaders.artdefにあるネストが深いほうのm_Nameの値
		
		Nameの感情のときにLeaderはSequenceのアクションをすると覚えればよいと思います。
		本xmlにて指定しているものがすべてではないです、たぶん。
		指定のないものはDEFAULTの動作になる。
	-->
	<LeaderAnimations>
		<!-- イタコ -->
		<!-- 各種状態 -->
		<Row>
			<Name>NEUTRAL_IDLE</Name>
			<Leader>LEADER_ITAKO_TOHOKU</Leader>
			<Sequence>DEFAULT</Sequence>
		</Row>
		<Row>
			<Name>NEUTRAL_NEGATIVE</Name>
			<Leader>LEADER_ITAKO_TOHOKU</Leader>
			<Sequence>NEUTRAL_NEGATIVE</Sequence>
		</Row>
		<Row>
			<Name>NEUTRAL_POSITIVE</Name>
			<Leader>LEADER_ITAKO_TOHOKU</Leader>
			<Sequence>DEFAULT</Sequence>
		</Row>
		<!-- 中立⇒敵対的 or 友好的 -->
		<Row>
			<Name>NEUTRAL_TO_UNHAPPY</Name>
			<Leader>LEADER_ITAKO_TOHOKU</Leader>
			<Sequence>NEUTRAL_NEGATIVE</Sequence>
		</Row>
		<Row>
			<Name>UNHAPPY_TO_NEUTRAL</Name>
			<Leader>LEADER_ITAKO_TOHOKU</Leader>
			<Sequence>DEFAULT</Sequence>
		</Row>
		<Row>
			<Name>NEUTRAL_TO_HAPPY</Name>
			<Leader>LEADER_ITAKO_TOHOKU</Leader>
			<Sequence>HAPPY_IDLE</Sequence>
		</Row>
		<Row>
			<Name>HAPPY_TO_NEUTRAL</Name>
			<Leader>LEADER_ITAKO_TOHOKU</Leader>
			<Sequence>DEFAULT</Sequence>
		</Row>
		<Row>
			<Name>HAPPY_IDLE</Name>
			<Leader>LEADER_ITAKO_TOHOKU</Leader>
			<Sequence>HAPPY_IDLE</Sequence>
		</Row>
		<Row>
			<Name>HAPPY_NEGATIVE</Name>
			<Leader>LEADER_ITAKO_TOHOKU</Leader>
			<Sequence>NEUTRAL_NEGATIVE</Sequence>
		</Row>
		<Row>
			<Name>HAPPY_POSITIVE</Name>
			<Leader>LEADER_ITAKO_TOHOKU</Leader>
			<Sequence>HAPPY_IDLE</Sequence>
		</Row>
		<Row>
			<Name>UNHAPPY_IDLE</Name>
			<Leader>LEADER_ITAKO_TOHOKU</Leader>
			<Sequence>UNHAPPY_IDLE</Sequence>
		</Row>
		<Row>
			<Name>UNHAPPY_NEGATIVE</Name>
			<Leader>LEADER_ITAKO_TOHOKU</Leader>
			<Sequence>UNHAPPY_IDLE</Sequence>
		</Row>
		<Row>
			<Name>UNHAPPY_POSITIVE</Name>
			<Leader>LEADER_ITAKO_TOHOKU</Leader>
			<Sequence>NEUTRAL_NEGATIVE</Sequence>
		</Row>
		<Row>
			<Name>NEUTRAL_GREETING</Name>
			<Leader>LEADER_ITAKO_TOHOKU</Leader>
			<Sequence>DEFAULT</Sequence>
		</Row>
		<!-- 戦争状態 -->
		<Row>
			<Name>ENRAGED</Name>
			<Leader>LEADER_ITAKO_TOHOKU</Leader>
			<Sequence>UNHAPPY_IDLE</Sequence>
		</Row>
		<!-- アジェンダに対する反応(KUDOS:ほめる、WARNING:警告する) -->
		<Row>
			<Name>KUDOS</Name>
			<Leader>LEADER_ITAKO_TOHOKU</Leader>
			<Sequence>DEFAULT</Sequence>
		</Row>
		<Row>
			<Name>WARNING</Name>
			<Leader>LEADER_ITAKO_TOHOKU</Leader>
			<Sequence>NEUTRAL_NEGATIVE</Sequence>
		</Row>
		<!-- 宣戦布告をされる、する-->
		<Row>
			<Name>DECLARE_WAR_FROM_HUMAN</Name>
			<Leader>LEADER_ITAKO_TOHOKU</Leader>
			<Sequence>SURPRISED_HUMAN</Sequence>
		</Row>
		<Row>
			<Name>DECLARE_WAR_FROM_AI</Name>
			<Leader>LEADER_ITAKO_TOHOKU</Leader>
			<Sequence>SURPRISED_AI</Sequence>
		</Row>
		<!-- 最初に出会ったとき -->
		<Row>
			<Name>FIRST_MEET</Name>
			<Leader>LEADER_ITAKO_TOHOKU</Leader>
			<Sequence>DEFAULT</Sequence>
		</Row>
		<!-- 滅亡 -->
		<Row>
			<Name>DEFEAT</Name>
			<Leader>LEADER_ITAKO_TOHOKU</Leader>
			<Sequence>DEFEAT</Sequence>
		</Row>
		<!-- 非難声明をされる、する -->
		<Row>
			<Name>DENOUNCE_FROM_HUMAN</Name>
			<Leader>LEADER_ITAKO_TOHOKU</Leader>
			<Sequence>NEUTRAL_NEGATIVE</Sequence>
		</Row>
		<Row>
			<Name>DENOUNCE_FROM_AI</Name>
			<Leader>LEADER_ITAKO_TOHOKU</Leader>
			<Sequence>NEUTRAL_NEGATIVE</Sequence>
		</Row>
		<!-- ずん子 -->
		<!-- 各種状態 -->
		<Row>
			<Name>NEUTRAL_IDLE</Name>
			<Leader>LEADER_ZUNKO_TOHOKU</Leader>
			<Sequence>DEFAULT</Sequence>
		</Row>
		<Row>
			<Name>NEUTRAL_NEGATIVE</Name>
			<Leader>LEADER_ZUNKO_TOHOKU</Leader>
			<Sequence>NEUTRAL_NEGATIVE</Sequence>
		</Row>
		<Row>
			<Name>NEUTRAL_POSITIVE</Name>
			<Leader>LEADER_ZUNKO_TOHOKU</Leader>
			<Sequence>DEFAULT</Sequence>
		</Row>
		<!-- 中立⇒敵対的 or 友好的 -->
		<Row>
			<Name>NEUTRAL_TO_UNHAPPY</Name>
			<Leader>LEADER_ZUNKO_TOHOKU</Leader>
			<Sequence>NEUTRAL_NEGATIVE</Sequence>
		</Row>
		<Row>
			<Name>UNHAPPY_TO_NEUTRAL</Name>
			<Leader>LEADER_ZUNKO_TOHOKU</Leader>
			<Sequence>DEFAULT</Sequence>
		</Row>
		<Row>
			<Name>NEUTRAL_TO_HAPPY</Name>
			<Leader>LEADER_ZUNKO_TOHOKU</Leader>
			<Sequence>HAPPY_IDLE</Sequence>
		</Row>
		<Row>
			<Name>HAPPY_TO_NEUTRAL</Name>
			<Leader>LEADER_ZUNKO_TOHOKU</Leader>
			<Sequence>DEFAULT</Sequence>
		</Row>
		<Row>
			<Name>HAPPY_IDLE</Name>
			<Leader>LEADER_ZUNKO_TOHOKU</Leader>
			<Sequence>HAPPY_IDLE</Sequence>
		</Row>
		<Row>
			<Name>HAPPY_NEGATIVE</Name>
			<Leader>LEADER_ZUNKO_TOHOKU</Leader>
			<Sequence>NEUTRAL_NEGATIVE</Sequence>
		</Row>
		<Row>
			<Name>HAPPY_POSITIVE</Name>
			<Leader>LEADER_ZUNKO_TOHOKU</Leader>
			<Sequence>HAPPY_IDLE</Sequence>
		</Row>
		<Row>
			<Name>UNHAPPY_IDLE</Name>
			<Leader>LEADER_ZUNKO_TOHOKU</Leader>
			<Sequence>UNHAPPY_IDLE</Sequence>
		</Row>
		<Row>
			<Name>UNHAPPY_NEGATIVE</Name>
			<Leader>LEADER_ZUNKO_TOHOKU</Leader>
			<Sequence>UNHAPPY_IDLE</Sequence>
		</Row>
		<Row>
			<Name>UNHAPPY_POSITIVE</Name>
			<Leader>LEADER_ZUNKO_TOHOKU</Leader>
			<Sequence>NEUTRAL_NEGATIVE</Sequence>
		</Row>
		<Row>
			<Name>NEUTRAL_GREETING</Name>
			<Leader>LEADER_ZUNKO_TOHOKU</Leader>
			<Sequence>DEFAULT</Sequence>
		</Row>
		<!-- 戦争状態 -->
		<Row>
			<Name>ENRAGED</Name>
			<Leader>LEADER_ZUNKO_TOHOKU</Leader>
			<Sequence>UNHAPPY_IDLE</Sequence>
		</Row>
		<!-- アジェンダに対する反応(KUDOS:ほめる、WARNING:警告する) -->
		<Row>
			<Name>KUDOS</Name>
			<Leader>LEADER_ZUNKO_TOHOKU</Leader>
			<Sequence>DEFAULT</Sequence>
		</Row>
		<Row>
			<Name>WARNING</Name>
			<Leader>LEADER_ZUNKO_TOHOKU</Leader>
			<Sequence>NEUTRAL_NEGATIVE</Sequence>
		</Row>
		<!-- 宣戦布告をされる、する-->
		<Row>
			<Name>DECLARE_WAR_FROM_HUMAN</Name>
			<Leader>LEADER_ZUNKO_TOHOKU</Leader>
			<Sequence>SURPRISED_HUMAN</Sequence>
		</Row>
		<Row>
			<Name>DECLARE_WAR_FROM_AI</Name>
			<Leader>LEADER_ZUNKO_TOHOKU</Leader>
			<Sequence>SURPRISED_AI</Sequence>
		</Row>
		<!-- 最初に出会ったとき -->
		<Row>
			<Name>FIRST_MEET</Name>
			<Leader>LEADER_ZUNKO_TOHOKU</Leader>
			<Sequence>DEFAULT</Sequence>
		</Row>
		<!-- 滅亡 -->
		<Row>
			<Name>DEFEAT</Name>
			<Leader>LEADER_ZUNKO_TOHOKU</Leader>
			<Sequence>DEFEAT</Sequence>
		</Row>
		<!-- 非難声明をされる、する -->
		<Row>
			<Name>DENOUNCE_FROM_HUMAN</Name>
			<Leader>LEADER_ZUNKO_TOHOKU</Leader>
			<Sequence>NEUTRAL_NEGATIVE</Sequence>
		</Row>
		<Row>
			<Name>DENOUNCE_FROM_AI</Name>
			<Leader>LEADER_ZUNKO_TOHOKU</Leader>
			<Sequence>NEUTRAL_NEGATIVE</Sequence>
		</Row>
		<!-- きりたん -->
		<!-- 各種状態 -->
		<Row>
			<Name>NEUTRAL_IDLE</Name>
			<Leader>LEADER_KIRITAN_TOHOKU</Leader>
			<Sequence>DEFAULT</Sequence>
		</Row>
		<Row>
			<Name>NEUTRAL_NEGATIVE</Name>
			<Leader>LEADER_KIRITAN_TOHOKU</Leader>
			<Sequence>NEUTRAL_NEGATIVE</Sequence>
		</Row>
		<Row>
			<Name>NEUTRAL_POSITIVE</Name>
			<Leader>LEADER_KIRITAN_TOHOKU</Leader>
			<Sequence>DEFAULT</Sequence>
		</Row>
		<!-- 中立⇒敵対的 or 友好的 -->
		<Row>
			<Name>NEUTRAL_TO_UNHAPPY</Name>
			<Leader>LEADER_KIRITAN_TOHOKU</Leader>
			<Sequence>NEUTRAL_NEGATIVE</Sequence>
		</Row>
		<Row>
			<Name>UNHAPPY_TO_NEUTRAL</Name>
			<Leader>LEADER_KIRITAN_TOHOKU</Leader>
			<Sequence>DEFAULT</Sequence>
		</Row>
		<Row>
			<Name>NEUTRAL_TO_HAPPY</Name>
			<Leader>LEADER_KIRITAN_TOHOKU</Leader>
			<Sequence>HAPPY_IDLE</Sequence>
		</Row>
		<Row>
			<Name>HAPPY_TO_NEUTRAL</Name>
			<Leader>LEADER_KIRITAN_TOHOKU</Leader>
			<Sequence>DEFAULT</Sequence>
		</Row>
		<Row>
			<Name>HAPPY_IDLE</Name>
			<Leader>LEADER_KIRITAN_TOHOKU</Leader>
			<Sequence>HAPPY_IDLE</Sequence>
		</Row>
		<Row>
			<Name>HAPPY_NEGATIVE</Name>
			<Leader>LEADER_KIRITAN_TOHOKU</Leader>
			<Sequence>NEUTRAL_NEGATIVE</Sequence>
		</Row>
		<Row>
			<Name>HAPPY_POSITIVE</Name>
			<Leader>LEADER_KIRITAN_TOHOKU</Leader>
			<Sequence>HAPPY_IDLE</Sequence>
		</Row>
		<Row>
			<Name>UNHAPPY_IDLE</Name>
			<Leader>LEADER_KIRITAN_TOHOKU</Leader>
			<Sequence>UNHAPPY_IDLE</Sequence>
		</Row>
		<Row>
			<Name>UNHAPPY_NEGATIVE</Name>
			<Leader>LEADER_KIRITAN_TOHOKU</Leader>
			<Sequence>UNHAPPY_IDLE</Sequence>
		</Row>
		<Row>
			<Name>UNHAPPY_POSITIVE</Name>
			<Leader>LEADER_KIRITAN_TOHOKU</Leader>
			<Sequence>NEUTRAL_NEGATIVE</Sequence>
		</Row>
		<Row>
			<Name>NEUTRAL_GREETING</Name>
			<Leader>LEADER_KIRITAN_TOHOKU</Leader>
			<Sequence>DEFAULT</Sequence>
		</Row>
		<!-- 戦争状態 -->
		<Row>
			<Name>ENRAGED</Name>
			<Leader>LEADER_KIRITAN_TOHOKU</Leader>
			<Sequence>UNHAPPY_IDLE</Sequence>
		</Row>
		<!-- アジェンダに対する反応(KUDOS:ほめる、WARNING:警告する) -->
		<Row>
			<Name>KUDOS</Name>
			<Leader>LEADER_KIRITAN_TOHOKU</Leader>
			<Sequence>DEFAULT</Sequence>
		</Row>
		<Row>
			<Name>WARNING</Name>
			<Leader>LEADER_KIRITAN_TOHOKU</Leader>
			<Sequence>NEUTRAL_NEGATIVE</Sequence>
		</Row>
		<!-- 宣戦布告をされる、する-->
		<Row>
			<Name>DECLARE_WAR_FROM_HUMAN</Name>
			<Leader>LEADER_KIRITAN_TOHOKU</Leader>
			<Sequence>SURPRISED_HUMAN</Sequence>
		</Row>
		<Row>
			<Name>DECLARE_WAR_FROM_AI</Name>
			<Leader>LEADER_KIRITAN_TOHOKU</Leader>
			<Sequence>SURPRISED_AI</Sequence>
		</Row>
		<!-- 最初に出会ったとき -->
		<Row>
			<Name>FIRST_MEET</Name>
			<Leader>LEADER_KIRITAN_TOHOKU</Leader>
			<Sequence>DEFAULT</Sequence>
		</Row>
		<!-- 滅亡 -->
		<Row>
			<Name>DEFEAT</Name>
			<Leader>LEADER_KIRITAN_TOHOKU</Leader>
			<Sequence>DEFEAT</Sequence>
		</Row>
		<!-- 非難声明をされる、する -->
		<Row>
			<Name>DENOUNCE_FROM_HUMAN</Name>
			<Leader>LEADER_KIRITAN_TOHOKU</Leader>
			<Sequence>NEUTRAL_NEGATIVE</Sequence>
		</Row>
		<Row>
			<Name>DENOUNCE_FROM_AI</Name>
			<Leader>LEADER_KIRITAN_TOHOKU</Leader>
			<Sequence>NEUTRAL_NEGATIVE</Sequence>
		</Row>
	</LeaderAnimations>
</GameData>