<?xml version="1.0" encoding="utf-8"?>
<GameData>
	<LocalizedText>
		<!-- Leader Dialog (イタコ) -->
		<Replace Tag="LOC_DIPLO_ACCEPT_DECLARE_FRIEND_FROM_HUMAN_LEADER_ITAKO_TOHOKU_ANY" Language="ja_JP">
			<Text>これからは仲良くやっていきましょう。</Text>
		</Replace>
		<Replace Tag="LOC_DIPLO_REJECT_DECLARE_FRIEND_FROM_HUMAN_LEADER_ITAKO_TOHOKU_ANY" Language="ja_JP">
			<Text>ごめんなさい、またの機会に。</Text>
		</Replace>
		<Replace Tag="LOC_DIPLO_DECLARE_FRIEND_FROM_AI_LEADER_ITAKO_TOHOKU_ANY" Language="ja_JP">
			<Text>私たちと正式な友好関係を結ぶことに同意していただけますか？</Text>
		</Replace>
		<Replace Tag="LOC_DIPLO_ACCEPT_DECLARE_FRIEND_FROM_AI_LEADER_ITAKO_TOHOKU_ANY" Language="ja_JP">
			<Text>ありがとうございます！</Text>
		</Replace>
		<Replace Tag="LOC_DIPLO_REJECT_DECLARE_FRIEND_FROM_AI_LEADER_ITAKO_TOHOKU_ANY" Language="ja_JP">
			<Text>そんな・・・それは残念ですわ。</Text>
		</Replace>
		<Replace Tag="LOC_DIPLO_DECLARE_WAR_FROM_HUMAN_LEADER_ITAKO_TOHOKU_ANY" Language="ja_JP">
			<Text>戦争・・・ですか。いいでしょう、受けて立ちますわ！</Text>
		</Replace>
		<Replace Tag="LOC_DIPLO_DECLARE_WAR_FROM_AI_LEADER_ITAKO_TOHOKU_ANY" Language="ja_JP">
			<Text>邪教の信奉者には消えてもらわねばなりませんわ。覚悟！！</Text>
		</Replace>
		<Replace Tag="LOC_DIPLO_DEFEAT_FROM_AI_LEADER_ITAKO_TOHOKU_ANY" Language="ja_JP">
			<Text>こんなに早く決着がついてしまうなんて・・・。</Text>
		</Replace>
		<Replace Tag="LOC_DIPLO_DEFEAT_FROM_HUMAN_LEADER_ITAKO_TOHOKU_ANY" Language="ja_JP">
			<Text>こんなに早く決着がついてしまうなんて・・・。</Text>
		</Replace>
		<Replace Tag="LOC_DIPLO_ACCEPT_DELEGATION_FROM_HUMAN_LEADER_ITAKO_TOHOKU_ANY" Language="ja_JP">
			<Text>貴国からの使節を歓迎いたします。</Text>
		</Replace>
		<Replace Tag="LOC_DIPLO_REJECT_DELEGATION_FROM_HUMAN_LEADER_ITAKO_TOHOKU_ANY" Language="ja_JP">
			<Text>申し訳ありませんが、承諾できませんわ。</Text>
		</Replace>
		<Replace Tag="LOC_DIPLO_DELEGATION_FROM_AI_LEADER_ITAKO_TOHOKU_ANY" Language="ja_JP">
			<Text>こちらの使節を受け入れていただけるかしら？</Text>
		</Replace>
		<Replace Tag="LOC_DIPLO_ACCEPT_DELEGATION_FROM_AI_LEADER_ITAKO_TOHOKU_ANY" Language="ja_JP">
			<Text>これはすばらしいですわ。</Text>
		</Replace>
		<Replace Tag="LOC_DIPLO_REJECT_DELEGATION_FROM_AI_LEADER_ITAKO_TOHOKU_ANY" Language="ja_JP">
			<Text>それは残念ですわ。では、またの機会に。</Text>
		</Replace>
		<Replace Tag="LOC_DIPLO_DENOUNCE_FROM_HUMAN_LEADER_ITAKO_TOHOKU_ANY" Language="ja_JP">
			<Text>神の意志に背くほどの大罪はありませんわよ。罪の報いを受けていただきましょう。</Text>
		</Replace>
		<Replace Tag="LOC_DIPLO_DENOUNCE_FROM_AI_LEADER_ITAKO_TOHOKU_ANY" Language="ja_JP">
			<Text>なんて人なのでしょう。あなた方とは一切の関わりを持つつもりはありませんわ！(非難)</Text>
		</Replace>
		<Replace Tag="LOC_DIPLO_ACCEPT_EMBASSY_FROM_HUMAN_LEADER_ITAKO_TOHOKU_ANY" Language="ja_JP">
			<Text>こちらが大使館の建設許可です。どうぞお受け取りください。</Text>
		</Replace>
		<Replace Tag="LOC_DIPLO_REJECT_EMBASSY_FROM_HUMAN_LEADER_ITAKO_TOHOKU_ANY" Language="ja_JP">
			<Text>またの機会に。</Text>
		</Replace>
		<Replace Tag="LOC_DIPLO_EMBASSY_FROM_AI_LEADER_ITAKO_TOHOKU_ANY" Language="ja_JP">
			<Text>私たちの国の大使館を置いてもらえるかしら？</Text>
		</Replace>
		<Replace Tag="LOC_DIPLO_ACCEPT_EMBASSY_FROM_AI_LEADER_ITAKO_TOHOKU_ANY" Language="ja_JP">
			<Text>今日という幸運な日に祝福を。</Text>
		</Replace>
		<Replace Tag="LOC_DIPLO_REJECT_EMBASSY_FROM_AI_LEADER_ITAKO_TOHOKU_ANY" Language="ja_JP">
			<Text>それは残念ですわ。</Text>
		</Replace>
		<Replace Tag="LOC_DIPLO_FIRST_MEET_LEADER_ITAKO_TOHOKU_ANY" Language="ja_JP">
			<Text>こんにちは。東北イタコと申します。どうぞよろしくお願いしますわ。</Text>
		</Replace>
		<Replace Tag="LOC_DIPLO_FIRST_MEET_VISIT_RECIPIENT_LEADER_ITAKO_TOHOKU_ANY" Language="ja_JP">
			<Text>近くの街へご案内します。祝いの式典にぜひ参加を。</Text>
		</Replace>
		<Replace Tag="LOC_DIPLO_FIRST_MEET_NEAR_INITIATOR_POSITIVE_LEADER_ITAKO_TOHOKU_ANY" Language="ja_JP">
			<Text>よいでしょう。</Text>
		</Replace>
		<Replace Tag="LOC_DIPLO_FIRST_MEET_NO_MANS_INFO_EXCHANGE_LEADER_ITAKO_TOHOKU_ANY" Language="ja_JP">
			<Text>どちらも遠方の出ですね。互いの国を互いの地図に記し合うというのはどうでしょう？</Text>
		</Replace>
		<Replace Tag="LOC_DIPLO_GREETING_LEADER_ITAKO_TOHOKU_ANY" Language="ja_JP">
			<Text>ご希望をおうかがいしますわ。</Text>
		</Replace>
		<Replace Tag="LOC_DIPLO_KUDO_EXIT_LEADER_ITAKO_TOHOKU_ANY" Language="ja_JP">
			<Text>邪教の信奉者を見逃すわけにはいかないこと、ご理解いただけてなによりですわ。</Text>
		</Replace>
		<Replace Tag="LOC_DIPLO_WARNING_EXIT_LEADER_ITAKO_TOHOKU_ANY" Language="ja_JP">
			<Text>改悛するどころか、なんとも冒涜的な・・・。あなた方は神の怒りに触れることになりますわよ。</Text>
		</Replace>
		<Replace Tag="LOC_DIPLO_ACCEPT_MAKE_ALLIANCE_FROM_HUMAN_LEADER_ITAKO_TOHOKU_ANY" Language="ja_JP">
			<Text>あなたの国との同盟関係に祝福がありますように。</Text>
		</Replace>
		<Replace Tag="LOC_DIPLO_REJECT_MAKE_ALLIANCE_FROM_HUMAN_LEADER_ITAKO_TOHOKU_ANY" Language="ja_JP">
			<Text>ごめんなさい、またの機会に。</Text>
		</Replace>
		<Replace Tag="LOC_DIPLO_MAKE_ALLIANCE_FROM_AI_LEADER_ITAKO_TOHOKU_ANY" Language="ja_JP">
			<Text>同盟を希望するのですか？</Text>
		</Replace>
		<Replace Tag="LOC_DIPLO_ACCEPT_MAKE_ALLIANCE_FROM_AI_LEADER_ITAKO_TOHOKU_ANY" Language="ja_JP">
			<Text>これはありがたいですわ。</Text>
		</Replace>
		<Replace Tag="LOC_DIPLO_REJECT_MAKE_ALLIANCE_FROM_AI_LEADER_ITAKO_TOHOKU_ANY" Language="ja_JP">
			<Text>それは残念ですわ。</Text>
		</Replace>
		<Replace Tag="LOC_DIPLO_MAKE_DEAL_AI_ACCEPT_DEAL_LEADER_ITAKO_TOHOKU_ANY" Language="ja_JP">
			<Text>いいでしょう。喜んで取引に応じますわ。</Text>
		</Replace>
		<Replace Tag="LOC_DIPLO_MAKE_DEAL_AI_REFUSE_DEAL_LEADER_ITAKO_TOHOKU_ANY" Language="ja_JP">
			<Text>この取引には応じられませんわ。</Text>
		</Replace>
		<Replace Tag="LOC_DIPLO_ACCEPT_MAKE_DEAL_FROM_AI_LEADER_ITAKO_TOHOKU_ANY" Language="ja_JP">
			<Text>ありがとうございます。これによってお互いに利益があると思いますわ。</Text>
		</Replace>
		<Replace Tag="LOC_DIPLO_REJECT_MAKE_DEAL_FROM_AI_LEADER_ITAKO_TOHOKU_ANY" Language="ja_JP">
			<Text>正直なところ、失望しましたわ。</Text>
		</Replace>
		<Replace Tag="LOC_DIPLO_MAKE_DEAL_AI_ADJUST_DEAL_LEADER_ITAKO_TOHOKU_ANY" Language="ja_JP">
			<Text>私の希望にかなう取引ですわ。</Text>
		</Replace>
		<Replace Tag="LOC_DIPLO_AI_REFUSE_DEMAND_LEADER_ITAKO_TOHOKU_ANY" Language="ja_JP">
			<Text>あなたの要求に得るところはないと思いますわ。</Text>
		</Replace>
		<Replace Tag="LOC_DIPLO_AI_ACCEPT_DEMAND_LEADER_ITAKO_TOHOKU_ANY" Language="ja_JP">
			<Text>承諾の返事、お受け取りくださいまし。</Text>
		</Replace>
		<Replace Tag="LOC_DIPLO_HUMAN_ACCEPT_DEMAND_FROM_AI_LEADER_ITAKO_TOHOKU_ANY" Language="ja_JP">
			<Text>要求を呑むとは、賢明な判断ですわ。</Text>
		</Replace>
		<Replace Tag="LOC_DIPLO_HUMAN_REFUSE_DEMAND_FROM_AI_LEADER_ITAKO_TOHOKU_ANY" Language="ja_JP">
			<Text>・・・要求を通すためなら、他の手段も考えますわ！</Text>
		</Replace>
		<Replace Tag="LOC_DIPLO_MAKE_PEACE_AI_ACCEPT_DEAL_LEADER_ITAKO_TOHOKU_ANY" Language="ja_JP">
			<Text>平和の申し出をお受けしますわ。</Text>
		</Replace>
		<Replace Tag="LOC_DIPLO_MAKE_PEACE_AI_REFUSE_DEAL_LEADER_ITAKO_TOHOKU_ANY" Language="ja_JP">
			<Text>この状況で和平など、受け入れらませんわ！</Text>
		</Replace>
		<Replace Tag="LOC_DIPLO_MAKE_PEACE_FROM_AI_LEADER_ITAKO_TOHOKU_ANY" Language="ja_JP">
			<Text>すみません、和平を結びたいのですが・・・</Text>
		</Replace>
		<Replace Tag="LOC_DIPLO_ACCEPT_MAKE_PEACE_FROM_AI_LEADER_ITAKO_TOHOKU_ANY" Language="ja_JP">
			<Text>よかった、これで戦争は終わりですわね。</Text>
		</Replace>
		<Replace Tag="LOC_DIPLO_REJECT_MAKE_PEACE_FROM_AI_LEADER_ITAKO_TOHOKU_ANY" Language="ja_JP">
			<Text>ならば戦いつづけるのみですわ！</Text>
		</Replace>
		<Replace Tag="LOC_DIPLO_ACCEPT_OPEN_BORDERS_FROM_HUMAN_LEADER_ITAKO_TOHOKU_ANY" Language="ja_JP">
			<Text>こちらの国へ自由にお入りください。</Text>
		</Replace>
		<Replace Tag="LOC_DIPLO_REJECT_OPEN_BORDERS_FROM_HUMAN_LEADER_ITAKO_TOHOKU_ANY" Language="ja_JP">
			<Text>すみません、またの機会に。</Text>
		</Replace>
		<Replace Tag="LOC_DIPLO_OPEN_BORDERS_FROM_AI_LEADER_ITAKO_TOHOKU_ANY" Language="ja_JP">
			<Text>領内の通行を許可してもらえませんか？</Text>
		</Replace>
		<Replace Tag="LOC_DIPLO_ACCEPT_OPEN_BORDERS_FROM_AI_LEADER_ITAKO_TOHOKU_ANY" Language="ja_JP">
			<Text>これはすばらしいですわ。</Text>
		</Replace>
		<Replace Tag="LOC_DIPLO_REJECT_OPEN_BORDERS_FROM_AI_LEADER_ITAKO_TOHOKU_ANY" Language="ja_JP">
			<Text>それは残念ですわ。</Text>
		</Replace>
		<Replace Tag="LOC_DIPLO_WARNING_DONT_SETTLE_NEAR_ME_AI_RESPONSE_POSITIVE_LEADER_ITAKO_TOHOKU_ANY" Language="ja_JP">
			<Text>あらごめんなさい。そんな近くに都市があるなんて知りませんでしたわ。</Text>
		</Replace>
		<Replace Tag="LOC_DIPLO_WARNING_DONT_SETTLE_NEAR_ME_AI_RESPONSE_NEGATIVE_LEADER_ITAKO_TOHOKU_ANY" Language="ja_JP">
			<Text>私たちも土地が必要なんです。勝手なことを言わないでほしいですわ！</Text>
		</Replace>
		<Replace Tag="LOC_DIPLO_WARNING_DONT_SETTLE_NEAR_ME_AI_LEADER_ITAKO_TOHOKU_ANY" Language="ja_JP">
			<Text>私たちのすぐそばに都市を作らないでください。土地を求めるなら他の場所でお願いしますわ。</Text>
		</Replace>
		<Replace Tag="LOC_DIPLO_WARNING_DONT_SETTLE_NEAR_ME_HUMAN_RESPONSE_POSITIVE_LEADER_ITAKO_TOHOKU_ANY" Language="ja_JP">
			<Text>了解しましたわ。</Text>
		</Replace>
		<Replace Tag="LOC_DIPLO_WARNING_DONT_SETTLE_NEAR_ME_HUMAN_RESPONSE_NEGATIVE_LEADER_ITAKO_TOHOKU_ANY" Language="ja_JP">
			<Text>私たちに敬意を払わない国にどうして敬意を払えというのですか。</Text>
		</Replace>
		<Replace Tag="LOC_DIPLO_WARNING_TOO_MANY_TROOPS_NEAR_ME_AI_RESPONSE_POSITIVE_LEADER_ITAKO_TOHOKU_ANY" Language="ja_JP">
			<Text>すみません。蛮族を探していただけなんです。</Text>
		</Replace>
		<Replace Tag="LOC_DIPLO_WARNING_TOO_MANY_TROOPS_NEAR_ME_AI_RESPONSE_NEGATIVE_LEADER_ITAKO_TOHOKU_ANY" Language="ja_JP">
			<Text>方々に軍隊を派遣するのが好きなんです。自分の強さを誇示できるから。</Text>
		</Replace>
		<Replace Tag="LOC_DIPLO_WARNING_STOP_SPYING_ON_ME_AI_RESPONSE_POSITIVE_LEADER_ITAKO_TOHOKU_ANY" Language="ja_JP">
			<Text>あなたの言うとおりです。こんな手に訴えたことを後悔していますわ。もう二度と繰り返しません。</Text>
		</Replace>
		<Replace Tag="LOC_DIPLO_WARNING_STOP_SPYING_ON_ME_AI_RESPONSE_NEGATIVE_LEADER_ITAKO_TOHOKU_ANY" Language="ja_JP">
			<Text>誰がそんな約束を真に受けると思うのですか？</Text>
		</Replace>
		<Replace Tag="LOC_DIPLO_WARNING_STOP_DIGGING_UP_ARTIFACTS_AI_RESPONSE_POSITIVE_LEADER_ITAKO_TOHOKU_ANY" Language="ja_JP">
			<Text>この土地があなたの国のものだとは知りませんでした。単純な手違いですわ。</Text>
		</Replace>
		<Replace Tag="LOC_DIPLO_WARNING_STOP_DIGGING_UP_ARTIFACTS_AI_RESPONSE_NEGATIVE_LEADER_ITAKO_TOHOKU_ANY" Language="ja_JP">
			<Text>歴史の謎は万人に開示されるべきです。独占は許されませんわ。</Text>
		</Replace>
		<Replace Tag="LOC_DIPLO_WARNING_STOP_CONVERTING_MY_CITIES_AI_RESPONSE_POSITIVE_LEADER_ITAKO_TOHOKU_ANY" Language="ja_JP">
			<Text>そちらの希望は尊重しますわ。でも、あなたは間違っています。いつかわかってくれるといいのですが。</Text>
		</Replace>
		<Replace Tag="LOC_DIPLO_WARNING_STOP_CONVERTING_MY_CITIES_AI_RESPONSE_NEGATIVE_LEADER_ITAKO_TOHOKU_ANY" Language="ja_JP">
			<Text>心配はいりませんわ。これが一番なんです。いずれわかるときが来ます。</Text>
		</Replace>
		<Replace Tag="LOC_DIPLO_WARNING_TOO_MANY_TROOPS_NEAR_ME_LEADER_ITAKO_TOHOKU_ANY" Language="ja_JP">
			<Text>国境のすぐそばに兵を動かしましたわね？私たちの国の美しい田園風景を楽しんでいるだけだといいのですけど・・・</Text>
		</Replace>
		<Replace Tag="LOC_DIPLO_WARNING_TOO_MANY_TROOPS_NEAR_ME_HUMAN_RESPONSE_POSITIVE_LEADER_ITAKO_TOHOKU_ANY" Language="ja_JP">
			<Text>了解しましたわ。</Text>
		</Replace>
		<Replace Tag="LOC_DIPLO_WARNING_STOP_SPYING_ON_ME_LEADER_ITAKO_TOHOKU_ANY" Language="ja_JP">
			<Text>なんてことをするのでしょう！私たちの国に送ったスパイを今すぐ引き上げてください！</Text>
		</Replace>
		<Replace Tag="LOC_DIPLO_WARNING_STOP_SPYING_ON_ME_HUMAN_RESPONSE_POSITIVE_LEADER_ITAKO_TOHOKU_ANY" Language="ja_JP">
			<Text>了解しましたわ。</Text>
		</Replace>
		<Replace Tag="LOC_DIPLO_WARNING_STOP_SPYING_ON_ME_HUMAN_RESPONSE_NEGATIVE_LEADER_ITAKO_TOHOKU_ANY" Language="ja_JP">
			<Text>この侮辱、絶対に忘れませんわ。よく憶えておいてください！</Text>
		</Replace>
		<Replace Tag="LOC_DIPLO_WARNING_STOP_DIGGING_UP_ARTIFACTS_LEADER_ITAKO_TOHOKU_ANY" Language="ja_JP">
			<Text>私たちの国の文化や歴史を盗まないでください！いますぐ出て行ってもらいますわ！！</Text>
		</Replace>
		<Replace Tag="LOC_DIPLO_WARNING_STOP_DIGGING_UP_ARTIFACTS_HUMAN_RESPONSE_POSITIVE_LEADER_ITAKO_TOHOKU_ANY" Language="ja_JP">
			<Text>了解しましたわ。</Text>
		</Replace>
		<Replace Tag="LOC_DIPLO_WARNING_STOP_DIGGING_UP_ARTIFACTS_HUMAN_RESPONSE_NEGATIVE_LEADER_ITAKO_TOHOKU_ANY" Language="ja_JP">
			<Text>私たちの国を尊重してもらえないなら、あなたの国を尊重することもできませんわ。</Text>
		</Replace>
		<Replace Tag="LOC_DIPLO_WARNING_STOP_CONVERTING_MY_CITIES_LEADER_ITAKO_TOHOKU_ANY" Language="ja_JP">
			<Text>そちらの宗教家はやり方が強引で評判が悪いようです。いますぐ立ち退いていただけませんか？</Text>
		</Replace>
		<Replace Tag="LOC_DIPLO_WARNING_STOP_CONVERTING_MY_CITIES_HUMAN_RESPONSE_POSITIVE_LEADER_ITAKO_TOHOKU_ANY" Language="ja_JP">
			<Text>了解しましたわ。</Text>
		</Replace>
		<Replace Tag="LOC_DIPLO_WARNING_STOP_CONVERTING_MY_CITIES_HUMAN_RESPONSE_NEGATIVE_LEADER_ITAKO_TOHOKU_ANY" Language="ja_JP">
			<Text>・・・覚悟しておいてください。いずれ必ず報いがありますわよ。</Text>
		</Replace>
		<!-- Leader Dialog (ずん子) -->
		<Replace Tag="LOC_DIPLO_ACCEPT_DECLARE_FRIEND_FROM_HUMAN_LEADER_ZUNKO_TOHOKU_ANY" Language="ja_JP">
			<Text>これからは仲良くやっていきましょう。</Text>
		</Replace>
		<Replace Tag="LOC_DIPLO_REJECT_DECLARE_FRIEND_FROM_HUMAN_LEADER_ZUNKO_TOHOKU_ANY" Language="ja_JP">
			<Text>ごめんなさい、またの機会に。</Text>
		</Replace>
		<Replace Tag="LOC_DIPLO_DECLARE_FRIEND_FROM_AI_LEADER_ZUNKO_TOHOKU_ANY" Language="ja_JP">
			<Text>私たちと正式な友好関係を結ぶことに同意していただけますか？</Text>
		</Replace>
		<Replace Tag="LOC_DIPLO_ACCEPT_DECLARE_FRIEND_FROM_AI_LEADER_ZUNKO_TOHOKU_ANY" Language="ja_JP">
			<Text>ありがとうございます！</Text>
		</Replace>
		<Replace Tag="LOC_DIPLO_REJECT_DECLARE_FRIEND_FROM_AI_LEADER_ZUNKO_TOHOKU_ANY" Language="ja_JP">
			<Text>そんな・・・それは残念です。</Text>
		</Replace>
		<Replace Tag="LOC_DIPLO_DECLARE_WAR_FROM_HUMAN_LEADER_ZUNKO_TOHOKU_ANY" Language="ja_JP">
			<Text>戦争・・・ですか。いいでしょう、受けて立ちます！</Text>
		</Replace>
		<Replace Tag="LOC_DIPLO_DECLARE_WAR_FROM_AI_LEADER_ZUNKO_TOHOKU_ANY" Language="ja_JP">
			<Text>ずんだ餅の素晴らしさ、絶対に認めさせて見せます。覚悟していただきましょう！！</Text>
		</Replace>
		<Replace Tag="LOC_DIPLO_DEFEAT_FROM_AI_LEADER_ZUNKO_TOHOKU_ANY" Language="ja_JP">
			<Text>こんなに早く決着がついてしまうなんて・・・。</Text>
		</Replace>
		<Replace Tag="LOC_DIPLO_DEFEAT_FROM_HUMAN_LEADER_ZUNKO_TOHOKU_ANY" Language="ja_JP">
			<Text>こんなに早く決着がついてしまうなんて・・・。</Text>
		</Replace>
		<Replace Tag="LOC_DIPLO_ACCEPT_DELEGATION_FROM_HUMAN_LEADER_ZUNKO_TOHOKU_ANY" Language="ja_JP">
			<Text>貴国からの使節を歓迎いたします。</Text>
		</Replace>
		<Replace Tag="LOC_DIPLO_REJECT_DELEGATION_FROM_HUMAN_LEADER_ZUNKO_TOHOKU_ANY" Language="ja_JP">
			<Text>申し訳ありませんが、承諾できません。</Text>
		</Replace>
		<Replace Tag="LOC_DIPLO_DELEGATION_FROM_AI_LEADER_ZUNKO_TOHOKU_ANY" Language="ja_JP">
			<Text>こちらの使節を受け入れてくれるでしょうか？</Text>
		</Replace>
		<Replace Tag="LOC_DIPLO_ACCEPT_DELEGATION_FROM_AI_LEADER_ZUNKO_TOHOKU_ANY" Language="ja_JP">
			<Text>これはすばらしいです。</Text>
		</Replace>
		<Replace Tag="LOC_DIPLO_REJECT_DELEGATION_FROM_AI_LEADER_ZUNKO_TOHOKU_ANY" Language="ja_JP">
			<Text>それは残念です。では、またの機会に。</Text>
		</Replace>
		<Replace Tag="LOC_DIPLO_DENOUNCE_FROM_HUMAN_LEADER_ZUNKO_TOHOKU_ANY" Language="ja_JP">
			<Text>ずんだ餅の素晴らしさを認めないことほどの大罪はありません。罪の報いを受けていただきましょう。</Text>
		</Replace>
		<Replace Tag="LOC_DIPLO_DENOUNCE_FROM_AI_LEADER_ZUNKO_TOHOKU_ANY" Language="ja_JP">
			<Text>なんて人なのでしょう。あなた方とは一切の関わりを持つつもりはありません！(非難)</Text>
		</Replace>
		<Replace Tag="LOC_DIPLO_ACCEPT_EMBASSY_FROM_HUMAN_LEADER_ZUNKO_TOHOKU_ANY" Language="ja_JP">
			<Text>こちらが大使館の建設許可です。どうぞお受け取りください。</Text>
		</Replace>
		<Replace Tag="LOC_DIPLO_REJECT_EMBASSY_FROM_HUMAN_LEADER_ZUNKO_TOHOKU_ANY" Language="ja_JP">
			<Text>またの機会に。</Text>
		</Replace>
		<Replace Tag="LOC_DIPLO_EMBASSY_FROM_AI_LEADER_ZUNKO_TOHOKU_ANY" Language="ja_JP">
			<Text>私たちの国の大使館を置いてもらえるでしょうか？</Text>
		</Replace>
		<Replace Tag="LOC_DIPLO_ACCEPT_EMBASSY_FROM_AI_LEADER_ZUNKO_TOHOKU_ANY" Language="ja_JP">
			<Text>今日という幸運な日に祝福を。</Text>
		</Replace>
		<Replace Tag="LOC_DIPLO_REJECT_EMBASSY_FROM_AI_LEADER_ZUNKO_TOHOKU_ANY" Language="ja_JP">
			<Text>それは残念です。</Text>
		</Replace>
		<Replace Tag="LOC_DIPLO_FIRST_MEET_LEADER_ZUNKO_TOHOKU_ANY" Language="ja_JP">
			<Text>こんにちは。東北ずん子と申します。どうぞよろしくお願いします。</Text>
		</Replace>
		<Replace Tag="LOC_DIPLO_FIRST_MEET_VISIT_RECIPIENT_LEADER_ZUNKO_TOHOKU_ANY" Language="ja_JP">
			<Text>近くの街へご案内します。祝いの式典にぜひ参加を。</Text>
		</Replace>
		<Replace Tag="LOC_DIPLO_FIRST_MEET_NEAR_INITIATOR_POSITIVE_LEADER_ZUNKO_TOHOKU_ANY" Language="ja_JP">
			<Text>よいでしょう。</Text>
		</Replace>
		<Replace Tag="LOC_DIPLO_FIRST_MEET_NO_MANS_INFO_EXCHANGE_LEADER_ZUNKO_TOHOKU_ANY" Language="ja_JP">
			<Text>どちらも遠方の出ですね。互いの国を互いの地図に記し合うというのはどうでしょう？</Text>
		</Replace>
		<Replace Tag="LOC_DIPLO_GREETING_LEADER_ZUNKO_TOHOKU_ANY" Language="ja_JP">
			<Text>ご希望をおうかがいします。</Text>
		</Replace>
		<Replace Tag="LOC_DIPLO_KUDO_EXIT_LEADER_ZUNKO_TOHOKU_ANY" Language="ja_JP">
			<Text>ずんだ餅が嫌いな人を見逃すわけにはいかないこと、ご理解いただけてなによりです。</Text>
		</Replace>
		<Replace Tag="LOC_DIPLO_WARNING_EXIT_LEADER_ZUNKO_TOHOKU_ANY" Language="ja_JP">
			<Text>ずんだ餅のすばらしさを認めないなんて、なんて冒涜的なのでしょう！</Text>
		</Replace>
		<Replace Tag="LOC_DIPLO_ACCEPT_MAKE_ALLIANCE_FROM_HUMAN_LEADER_ZUNKO_TOHOKU_ANY" Language="ja_JP">
			<Text>あなたの国との同盟関係に祝福がありますように。</Text>
		</Replace>
		<Replace Tag="LOC_DIPLO_REJECT_MAKE_ALLIANCE_FROM_HUMAN_LEADER_ZUNKO_TOHOKU_ANY" Language="ja_JP">
			<Text>ごめんなさい、またの機会に。</Text>
		</Replace>
		<Replace Tag="LOC_DIPLO_MAKE_ALLIANCE_FROM_AI_LEADER_ZUNKO_TOHOKU_ANY" Language="ja_JP">
			<Text>同盟を希望するのですか？</Text>
		</Replace>
		<Replace Tag="LOC_DIPLO_ACCEPT_MAKE_ALLIANCE_FROM_AI_LEADER_ZUNKO_TOHOKU_ANY" Language="ja_JP">
			<Text>これはありがたいです。</Text>
		</Replace>
		<Replace Tag="LOC_DIPLO_REJECT_MAKE_ALLIANCE_FROM_AI_LEADER_ZUNKO_TOHOKU_ANY" Language="ja_JP">
			<Text>それは残念です。</Text>
		</Replace>
		<Replace Tag="LOC_DIPLO_MAKE_DEAL_AI_ACCEPT_DEAL_LEADER_ZUNKO_TOHOKU_ANY" Language="ja_JP">
			<Text>いいでしょう。喜んで取引に応じますよ。</Text>
		</Replace>
		<Replace Tag="LOC_DIPLO_MAKE_DEAL_AI_REFUSE_DEAL_LEADER_ZUNKO_TOHOKU_ANY" Language="ja_JP">
			<Text>この取引には応じられません。</Text>
		</Replace>
		<Replace Tag="LOC_DIPLO_ACCEPT_MAKE_DEAL_FROM_AI_LEADER_ZUNKO_TOHOKU_ANY" Language="ja_JP">
			<Text>ありがとうございます。これによってお互いに利益があると思います。</Text>
		</Replace>
		<Replace Tag="LOC_DIPLO_REJECT_MAKE_DEAL_FROM_AI_LEADER_ZUNKO_TOHOKU_ANY" Language="ja_JP">
			<Text>正直なところ、失望しました・・・。</Text>
		</Replace>
		<Replace Tag="LOC_DIPLO_MAKE_DEAL_AI_ADJUST_DEAL_LEADER_ZUNKO_TOHOKU_ANY" Language="ja_JP">
			<Text>私の希望にかなう取引です。</Text>
		</Replace>
		<Replace Tag="LOC_DIPLO_AI_REFUSE_DEMAND_LEADER_ZUNKO_TOHOKU_ANY" Language="ja_JP">
			<Text>あなたの要求に得るところはないと思います。</Text>
		</Replace>
		<Replace Tag="LOC_DIPLO_AI_ACCEPT_DEMAND_LEADER_ZUNKO_TOHOKU_ANY" Language="ja_JP">
			<Text>承諾の返事、お受け取りください。</Text>
		</Replace>
		<Replace Tag="LOC_DIPLO_HUMAN_ACCEPT_DEMAND_FROM_AI_LEADER_ZUNKO_TOHOKU_ANY" Language="ja_JP">
			<Text>要求を呑むとは、賢明な判断です。</Text>
		</Replace>
		<Replace Tag="LOC_DIPLO_HUMAN_REFUSE_DEMAND_FROM_AI_LEADER_ZUNKO_TOHOKU_ANY" Language="ja_JP">
			<Text>・・・要求を通すためなら、他の手段も考えます！</Text>
		</Replace>
		<Replace Tag="LOC_DIPLO_MAKE_PEACE_AI_ACCEPT_DEAL_LEADER_ZUNKO_TOHOKU_ANY" Language="ja_JP">
			<Text>平和の申し出をお受けします。</Text>
		</Replace>
		<Replace Tag="LOC_DIPLO_MAKE_PEACE_AI_REFUSE_DEAL_LEADER_ZUNKO_TOHOKU_ANY" Language="ja_JP">
			<Text>この状況で和平など、受け入れらません！</Text>
		</Replace>
		<Replace Tag="LOC_DIPLO_MAKE_PEACE_FROM_AI_LEADER_ZUNKO_TOHOKU_ANY" Language="ja_JP">
			<Text>すみません、和平を結びたいのですが・・・</Text>
		</Replace>
		<Replace Tag="LOC_DIPLO_ACCEPT_MAKE_PEACE_FROM_AI_LEADER_ZUNKO_TOHOKU_ANY" Language="ja_JP">
			<Text>よかった、これで戦争は終わりですね。</Text>
		</Replace>
		<Replace Tag="LOC_DIPLO_REJECT_MAKE_PEACE_FROM_AI_LEADER_ZUNKO_TOHOKU_ANY" Language="ja_JP">
			<Text>ならば戦いつづけるのみです！</Text>
		</Replace>
		<Replace Tag="LOC_DIPLO_ACCEPT_OPEN_BORDERS_FROM_HUMAN_LEADER_ZUNKO_TOHOKU_ANY" Language="ja_JP">
			<Text>こちらの国へ自由にお入りください。</Text>
		</Replace>
		<Replace Tag="LOC_DIPLO_REJECT_OPEN_BORDERS_FROM_HUMAN_LEADER_ZUNKO_TOHOKU_ANY" Language="ja_JP">
			<Text>すみません、またの機会に。</Text>
		</Replace>
		<Replace Tag="LOC_DIPLO_OPEN_BORDERS_FROM_AI_LEADER_ZUNKO_TOHOKU_ANY" Language="ja_JP">
			<Text>領内の通行を許可してもらえませんか？</Text>
		</Replace>
		<Replace Tag="LOC_DIPLO_ACCEPT_OPEN_BORDERS_FROM_AI_LEADER_ZUNKO_TOHOKU_ANY" Language="ja_JP">
			<Text>これはすばらしいです。</Text>
		</Replace>
		<Replace Tag="LOC_DIPLO_REJECT_OPEN_BORDERS_FROM_AI_LEADER_ZUNKO_TOHOKU_ANY" Language="ja_JP">
			<Text>それは残念です。</Text>
		</Replace>
		<Replace Tag="LOC_DIPLO_WARNING_DONT_SETTLE_NEAR_ME_AI_RESPONSE_POSITIVE_LEADER_ZUNKO_TOHOKU_ANY" Language="ja_JP">
			<Text>ごめんなさい！そんな近くに都市があるなんて知りませんでした。</Text>
		</Replace>
		<Replace Tag="LOC_DIPLO_WARNING_DONT_SETTLE_NEAR_ME_AI_RESPONSE_NEGATIVE_LEADER_ZUNKO_TOHOKU_ANY" Language="ja_JP">
			<Text>私たちも土地が必要なんです。勝手なことを言わないでください！</Text>
		</Replace>
		<Replace Tag="LOC_DIPLO_WARNING_DONT_SETTLE_NEAR_ME_AI_LEADER_ZUNKO_TOHOKU_ANY" Language="ja_JP">
			<Text>私たちのすぐそばに都市を作らないでください。土地を求めるなら他の場所でお願いします。</Text>
		</Replace>
		<Replace Tag="LOC_DIPLO_WARNING_DONT_SETTLE_NEAR_ME_HUMAN_RESPONSE_POSITIVE_LEADER_ZUNKO_TOHOKU_ANY" Language="ja_JP">
			<Text>了解しました。</Text>
		</Replace>
		<Replace Tag="LOC_DIPLO_WARNING_DONT_SETTLE_NEAR_ME_HUMAN_RESPONSE_NEGATIVE_LEADER_ZUNKO_TOHOKU_ANY" Language="ja_JP">
			<Text>私たちに敬意を払わない国にどうして敬意を払えというのですか。</Text>
		</Replace>
		<Replace Tag="LOC_DIPLO_WARNING_TOO_MANY_TROOPS_NEAR_ME_AI_RESPONSE_POSITIVE_LEADER_ZUNKO_TOHOKU_ANY" Language="ja_JP">
			<Text>すみません。蛮族を探していただけなんです。</Text>
		</Replace>
		<Replace Tag="LOC_DIPLO_WARNING_TOO_MANY_TROOPS_NEAR_ME_AI_RESPONSE_NEGATIVE_LEADER_ZUNKO_TOHOKU_ANY" Language="ja_JP">
			<Text>方々に軍隊を派遣するのが好きなんです。自分の強さを誇示できるから。</Text>
		</Replace>
		<Replace Tag="LOC_DIPLO_WARNING_STOP_SPYING_ON_ME_AI_RESPONSE_POSITIVE_LEADER_ZUNKO_TOHOKU_ANY" Language="ja_JP">
			<Text>あなたの言うとおりです。こんな手に訴えたことを後悔しています。もう二度と繰り返しません。</Text>
		</Replace>
		<Replace Tag="LOC_DIPLO_WARNING_STOP_SPYING_ON_ME_AI_RESPONSE_NEGATIVE_LEADER_ZUNKO_TOHOKU_ANY" Language="ja_JP">
			<Text>誰がそんな約束を真に受けると思うのですか？</Text>
		</Replace>
		<Replace Tag="LOC_DIPLO_WARNING_STOP_DIGGING_UP_ARTIFACTS_AI_RESPONSE_POSITIVE_LEADER_ZUNKO_TOHOKU_ANY" Language="ja_JP">
			<Text>この土地があなたの国のものだとは知りませんでした。単純な手違いです。</Text>
		</Replace>
		<Replace Tag="LOC_DIPLO_WARNING_STOP_DIGGING_UP_ARTIFACTS_AI_RESPONSE_NEGATIVE_LEADER_ZUNKO_TOHOKU_ANY" Language="ja_JP">
			<Text>歴史の謎は万人に開示されるべきです。独占は許されません。</Text>
		</Replace>
		<Replace Tag="LOC_DIPLO_WARNING_STOP_CONVERTING_MY_CITIES_AI_RESPONSE_POSITIVE_LEADER_ZUNKO_TOHOKU_ANY" Language="ja_JP">
			<Text>そちらの希望は尊重します。でも、あなたは間違っています。いつかわかってくれるといいのですが。</Text>
		</Replace>
		<Replace Tag="LOC_DIPLO_WARNING_STOP_CONVERTING_MY_CITIES_AI_RESPONSE_NEGATIVE_LEADER_ZUNKO_TOHOKU_ANY" Language="ja_JP">
			<Text>心配はいりません。これが一番なんです。いずれわかるときが来ます。</Text>
		</Replace>
		<Replace Tag="LOC_DIPLO_WARNING_TOO_MANY_TROOPS_NEAR_ME_LEADER_ZUNKO_TOHOKU_ANY" Language="ja_JP">
			<Text>国境のすぐそばに兵を動かしましたね？私たちの国の美しい田園風景を楽しんでいるだけだといいのですけど・・・</Text>
		</Replace>
		<Replace Tag="LOC_DIPLO_WARNING_TOO_MANY_TROOPS_NEAR_ME_HUMAN_RESPONSE_POSITIVE_LEADER_ZUNKO_TOHOKU_ANY" Language="ja_JP">
			<Text>了解しました。</Text>
		</Replace>
		<Replace Tag="LOC_DIPLO_WARNING_STOP_SPYING_ON_ME_LEADER_ZUNKO_TOHOKU_ANY" Language="ja_JP">
			<Text>なんてことをするんですか！私たちの国に送ったスパイを今すぐ引き上げてください！</Text>
		</Replace>
		<Replace Tag="LOC_DIPLO_WARNING_STOP_SPYING_ON_ME_HUMAN_RESPONSE_POSITIVE_LEADER_ZUNKO_TOHOKU_ANY" Language="ja_JP">
			<Text>了解しました。</Text>
		</Replace>
		<Replace Tag="LOC_DIPLO_WARNING_STOP_SPYING_ON_ME_HUMAN_RESPONSE_NEGATIVE_LEADER_ZUNKO_TOHOKU_ANY" Language="ja_JP">
			<Text>この侮辱、絶対に忘れません。よく憶えておいてください！</Text>
		</Replace>
		<Replace Tag="LOC_DIPLO_WARNING_STOP_DIGGING_UP_ARTIFACTS_LEADER_ZUNKO_TOHOKU_ANY" Language="ja_JP">
			<Text>私たちの国の文化や歴史を盗まないでください！いますぐ出て行ってもらいます！！</Text>
		</Replace>
		<Replace Tag="LOC_DIPLO_WARNING_STOP_DIGGING_UP_ARTIFACTS_HUMAN_RESPONSE_POSITIVE_LEADER_ZUNKO_TOHOKU_ANY" Language="ja_JP">
			<Text>了解しました。</Text>
		</Replace>
		<Replace Tag="LOC_DIPLO_WARNING_STOP_DIGGING_UP_ARTIFACTS_HUMAN_RESPONSE_NEGATIVE_LEADER_ZUNKO_TOHOKU_ANY" Language="ja_JP">
			<Text>私たちの国を尊重してもらえないなら、あなたの国を尊重することもできません。</Text>
		</Replace>
		<Replace Tag="LOC_DIPLO_WARNING_STOP_CONVERTING_MY_CITIES_LEADER_ZUNKO_TOHOKU_ANY" Language="ja_JP">
			<Text>そちらの宗教家はやり方が強引で評判が悪いようです。いますぐ立ち退いていただけませんか？</Text>
		</Replace>
		<Replace Tag="LOC_DIPLO_WARNING_STOP_CONVERTING_MY_CITIES_HUMAN_RESPONSE_POSITIVE_LEADER_ZUNKO_TOHOKU_ANY" Language="ja_JP">
			<Text>了解しました。</Text>
		</Replace>
		<Replace Tag="LOC_DIPLO_WARNING_STOP_CONVERTING_MY_CITIES_HUMAN_RESPONSE_NEGATIVE_LEADER_ZUNKO_TOHOKU_ANY" Language="ja_JP">
			<Text>・・・覚悟しておいてください。いずれ必ず報いがありますよ。</Text>
		</Replace>
		<!-- Leader Dialog (きりたん) -->
		<Replace Tag="LOC_DIPLO_ACCEPT_DECLARE_FRIEND_FROM_HUMAN_LEADER_KIRITAN_TOHOKU_ANY" Language="ja_JP">
			<Text>これからは仲良くやっていきましょう。</Text>
		</Replace>
		<Replace Tag="LOC_DIPLO_REJECT_DECLARE_FRIEND_FROM_HUMAN_LEADER_KIRITAN_TOHOKU_ANY" Language="ja_JP">
			<Text>ごめんなさい、またの機会に。</Text>
		</Replace>
		<Replace Tag="LOC_DIPLO_DECLARE_FRIEND_FROM_AI_LEADER_KIRITAN_TOHOKU_ANY" Language="ja_JP">
			<Text>私たちと正式な友好関係を結ぶことに同意していただけますか？</Text>
		</Replace>
		<Replace Tag="LOC_DIPLO_ACCEPT_DECLARE_FRIEND_FROM_AI_LEADER_KIRITAN_TOHOKU_ANY" Language="ja_JP">
			<Text>ありがとうございます！</Text>
		</Replace>
		<Replace Tag="LOC_DIPLO_REJECT_DECLARE_FRIEND_FROM_AI_LEADER_KIRITAN_TOHOKU_ANY" Language="ja_JP">
			<Text>そんな・・・それは残念です。</Text>
		</Replace>
		<Replace Tag="LOC_DIPLO_DECLARE_WAR_FROM_HUMAN_LEADER_KIRITAN_TOHOKU_ANY" Language="ja_JP">
			<Text>戦争・・・ですか。仕方ないですね、受けて立ちますよ。</Text>
		</Replace>
		<Replace Tag="LOC_DIPLO_DECLARE_WAR_FROM_AI_LEADER_KIRITAN_TOHOKU_ANY" Language="ja_JP">
			<Text>きりたん砲、ロックオン完了。てーっ！</Text>
		</Replace>
		<Replace Tag="LOC_DIPLO_DEFEAT_FROM_AI_LEADER_KIRITAN_TOHOKU_ANY" Language="ja_JP">
			<Text>こんなに早く決着がついてしまうとは・・・ガックリ。</Text>
		</Replace>
		<Replace Tag="LOC_DIPLO_DEFEAT_FROM_HUMAN_LEADER_KIRITAN_TOHOKU_ANY" Language="ja_JP">
			<Text>こんなに早く決着がついてしまうとは・・・ガックリ。</Text>
		</Replace>
		<Replace Tag="LOC_DIPLO_ACCEPT_DELEGATION_FROM_HUMAN_LEADER_KIRITAN_TOHOKU_ANY" Language="ja_JP">
			<Text>貴国からの使節を歓迎いたします。</Text>
		</Replace>
		<Replace Tag="LOC_DIPLO_REJECT_DELEGATION_FROM_HUMAN_LEADER_KIRITAN_TOHOKU_ANY" Language="ja_JP">
			<Text>申し訳ありませんが、承諾できません。</Text>
		</Replace>
		<Replace Tag="LOC_DIPLO_DELEGATION_FROM_AI_LEADER_KIRITAN_TOHOKU_ANY" Language="ja_JP">
			<Text>こちらの使節を受け入れていただけるでしょうか。</Text>
		</Replace>
		<Replace Tag="LOC_DIPLO_ACCEPT_DELEGATION_FROM_AI_LEADER_KIRITAN_TOHOKU_ANY" Language="ja_JP">
			<Text>これはすばらしいです。</Text>
		</Replace>
		<Replace Tag="LOC_DIPLO_REJECT_DELEGATION_FROM_AI_LEADER_KIRITAN_TOHOKU_ANY" Language="ja_JP">
			<Text>それは残念です。では、またの機会に。</Text>
		</Replace>
		<Replace Tag="LOC_DIPLO_DENOUNCE_FROM_HUMAN_LEADER_KIRITAN_TOHOKU_ANY" Language="ja_JP">
			<Text>神の意志に背くほどの大罪はありません。罪の報いを受けていただきましょう。</Text>
		</Replace>
		<Replace Tag="LOC_DIPLO_DENOUNCE_FROM_AI_LEADER_KIRITAN_TOHOKU_ANY" Language="ja_JP">
			<Text>なんて人なのでしょう。あなた方とは一切の関わりを持つつもりはありません。ムキー！(非難)</Text>
		</Replace>
		<Replace Tag="LOC_DIPLO_ACCEPT_EMBASSY_FROM_HUMAN_LEADER_KIRITAN_TOHOKU_ANY" Language="ja_JP">
			<Text>こちらが大使館の建設許可です。どうぞお受け取りください。</Text>
		</Replace>
		<Replace Tag="LOC_DIPLO_REJECT_EMBASSY_FROM_HUMAN_LEADER_KIRITAN_TOHOKU_ANY" Language="ja_JP">
			<Text>またの機会に。</Text>
		</Replace>
		<Replace Tag="LOC_DIPLO_EMBASSY_FROM_AI_LEADER_KIRITAN_TOHOKU_ANY" Language="ja_JP">
			<Text>私たちの国の大使館を置いてもらえるでしょうか。</Text>
		</Replace>
		<Replace Tag="LOC_DIPLO_ACCEPT_EMBASSY_FROM_AI_LEADER_KIRITAN_TOHOKU_ANY" Language="ja_JP">
			<Text>今日という幸運な日に祝福を。</Text>
		</Replace>
		<Replace Tag="LOC_DIPLO_REJECT_EMBASSY_FROM_AI_LEADER_KIRITAN_TOHOKU_ANY" Language="ja_JP">
			<Text>それは残念です。</Text>
		</Replace>
		<Replace Tag="LOC_DIPLO_FIRST_MEET_LEADER_KIRITAN_TOHOKU_ANY" Language="ja_JP">
			<Text>はじめまして、東北きりたんです。どうぞよろしくお願いします。</Text>
		</Replace>
		<Replace Tag="LOC_DIPLO_FIRST_MEET_VISIT_RECIPIENT_LEADER_KIRITAN_TOHOKU_ANY" Language="ja_JP">
			<Text>近くの街へご案内します。祝いの式典にぜひ参加を。</Text>
		</Replace>
		<Replace Tag="LOC_DIPLO_FIRST_MEET_NEAR_INITIATOR_POSITIVE_LEADER_KIRITAN_TOHOKU_ANY" Language="ja_JP">
			<Text>よいでしょう。</Text>
		</Replace>
		<Replace Tag="LOC_DIPLO_FIRST_MEET_NO_MANS_INFO_EXCHANGE_LEADER_KIRITAN_TOHOKU_ANY" Language="ja_JP">
			<Text>どちらも遠方の出ですね。互いの国を互いの地図に記し合うというのはどうですか？</Text>
		</Replace>
		<Replace Tag="LOC_DIPLO_GREETING_LEADER_KIRITAN_TOHOKU_ANY" Language="ja_JP">
			<Text>ご希望をおうかがいします。</Text>
		</Replace>
		<Replace Tag="LOC_DIPLO_KUDO_EXIT_LEADER_KIRITAN_TOHOKU_ANY" Language="ja_JP">
			<Text>邪教の信奉者を見逃すわけにはいかないこと、ご理解いただけてなによりです。</Text>
		</Replace>
		<Replace Tag="LOC_DIPLO_WARNING_EXIT_LEADER_KIRITAN_TOHOKU_ANY" Language="ja_JP">
			<Text>改悛するどころか、すごく冒涜的。あなた方は神の怒りに触れることになりますよ。</Text>
		</Replace>
		<Replace Tag="LOC_DIPLO_ACCEPT_MAKE_ALLIANCE_FROM_HUMAN_LEADER_KIRITAN_TOHOKU_ANY" Language="ja_JP">
			<Text>あなたの国との同盟関係に祝福がありますように。</Text>
		</Replace>
		<Replace Tag="LOC_DIPLO_REJECT_MAKE_ALLIANCE_FROM_HUMAN_LEADER_KIRITAN_TOHOKU_ANY" Language="ja_JP">
			<Text>ごめんなさい、またの機会に。</Text>
		</Replace>
		<Replace Tag="LOC_DIPLO_MAKE_ALLIANCE_FROM_AI_LEADER_KIRITAN_TOHOKU_ANY" Language="ja_JP">
			<Text>同盟を希望するのですか？</Text>
		</Replace>
		<Replace Tag="LOC_DIPLO_ACCEPT_MAKE_ALLIANCE_FROM_AI_LEADER_KIRITAN_TOHOKU_ANY" Language="ja_JP">
			<Text>これはありがたいです。</Text>
		</Replace>
		<Replace Tag="LOC_DIPLO_REJECT_MAKE_ALLIANCE_FROM_AI_LEADER_KIRITAN_TOHOKU_ANY" Language="ja_JP">
			<Text>それは残念です。</Text>
		</Replace>
		<Replace Tag="LOC_DIPLO_MAKE_DEAL_AI_ACCEPT_DEAL_LEADER_KIRITAN_TOHOKU_ANY" Language="ja_JP">
			<Text>いいでしょう。喜んで取引に応じますよ。</Text>
		</Replace>
		<Replace Tag="LOC_DIPLO_MAKE_DEAL_AI_REFUSE_DEAL_LEADER_KIRITAN_TOHOKU_ANY" Language="ja_JP">
			<Text>この取引には応じられません。</Text>
		</Replace>
		<Replace Tag="LOC_DIPLO_ACCEPT_MAKE_DEAL_FROM_AI_LEADER_KIRITAN_TOHOKU_ANY" Language="ja_JP">
			<Text>ありがとうございます。これによってお互いに利益があると思います。</Text>
		</Replace>
		<Replace Tag="LOC_DIPLO_REJECT_MAKE_DEAL_FROM_AI_LEADER_KIRITAN_TOHOKU_ANY" Language="ja_JP">
			<Text>(´-ω-)ﾊｰ... とても失望しました。</Text>
		</Replace>
		<Replace Tag="LOC_DIPLO_MAKE_DEAL_AI_ADJUST_DEAL_LEADER_KIRITAN_TOHOKU_ANY" Language="ja_JP">
			<Text>私の希望にかなう取引です。</Text>
		</Replace>
		<Replace Tag="LOC_DIPLO_AI_REFUSE_DEMAND_LEADER_KIRITAN_TOHOKU_ANY" Language="ja_JP">
			<Text>あなたの要求に得るところはないと思います。</Text>
		</Replace>
		<Replace Tag="LOC_DIPLO_AI_ACCEPT_DEMAND_LEADER_KIRITAN_TOHOKU_ANY" Language="ja_JP">
			<Text>承諾の返事、お受け取りください。</Text>
		</Replace>
		<Replace Tag="LOC_DIPLO_HUMAN_ACCEPT_DEMAND_FROM_AI_LEADER_KIRITAN_TOHOKU_ANY" Language="ja_JP">
			<Text>要求を呑むとは、賢明な判断です。</Text>
		</Replace>
		<Replace Tag="LOC_DIPLO_HUMAN_REFUSE_DEMAND_FROM_AI_LEADER_KIRITAN_TOHOKU_ANY" Language="ja_JP">
			<Text>・・・ダメですか。では他の手段も考えます。</Text>
		</Replace>
		<Replace Tag="LOC_DIPLO_MAKE_PEACE_AI_ACCEPT_DEAL_LEADER_KIRITAN_TOHOKU_ANY" Language="ja_JP">
			<Text>平和の申し出をお受けします。</Text>
		</Replace>
		<Replace Tag="LOC_DIPLO_MAKE_PEACE_AI_REFUSE_DEAL_LEADER_KIRITAN_TOHOKU_ANY" Language="ja_JP">
			<Text>この状況で和平など、受け入れらません。</Text>
		</Replace>
		<Replace Tag="LOC_DIPLO_MAKE_PEACE_FROM_AI_LEADER_KIRITAN_TOHOKU_ANY" Language="ja_JP">
			<Text>(´；ω；)すみません、和平を・・・</Text>
		</Replace>
		<Replace Tag="LOC_DIPLO_ACCEPT_MAKE_PEACE_FROM_AI_LEADER_KIRITAN_TOHOKU_ANY" Language="ja_JP">
			<Text>よかった、これで戦争は終わりですわね。</Text>
		</Replace>
		<Replace Tag="LOC_DIPLO_REJECT_MAKE_PEACE_FROM_AI_LEADER_KIRITAN_TOHOKU_ANY" Language="ja_JP">
			<Text>・・・そうですか。ならば戦うしかないですね。</Text>
		</Replace>
		<Replace Tag="LOC_DIPLO_ACCEPT_OPEN_BORDERS_FROM_HUMAN_LEADER_KIRITAN_TOHOKU_ANY" Language="ja_JP">
			<Text>こちらの国へ自由にお入りください。</Text>
		</Replace>
		<Replace Tag="LOC_DIPLO_REJECT_OPEN_BORDERS_FROM_HUMAN_LEADER_KIRITAN_TOHOKU_ANY" Language="ja_JP">
			<Text>すみません、またの機会に。</Text>
		</Replace>
		<Replace Tag="LOC_DIPLO_OPEN_BORDERS_FROM_AI_LEADER_KIRITAN_TOHOKU_ANY" Language="ja_JP">
			<Text>領内の通行を許可してもらえませんか？</Text>
		</Replace>
		<Replace Tag="LOC_DIPLO_ACCEPT_OPEN_BORDERS_FROM_AI_LEADER_KIRITAN_TOHOKU_ANY" Language="ja_JP">
			<Text>これはすばらしいです。</Text>
		</Replace>
		<Replace Tag="LOC_DIPLO_REJECT_OPEN_BORDERS_FROM_AI_LEADER_KIRITAN_TOHOKU_ANY" Language="ja_JP">
			<Text>それは残念です。</Text>
		</Replace>
		<Replace Tag="LOC_DIPLO_WARNING_DONT_SETTLE_NEAR_ME_AI_RESPONSE_POSITIVE_LEADER_KIRITAN_TOHOKU_ANY" Language="ja_JP">
			<Text>ごめんなさい。そんな近くに都市があるなんて知りませんでした。</Text>
		</Replace>
		<Replace Tag="LOC_DIPLO_WARNING_DONT_SETTLE_NEAR_ME_AI_RESPONSE_NEGATIVE_LEADER_KIRITAN_TOHOKU_ANY" Language="ja_JP">
			<Text>私たちも土地が必要なんです。勝手なことを言わないでください。</Text>
		</Replace>
		<Replace Tag="LOC_DIPLO_WARNING_DONT_SETTLE_NEAR_ME_AI_LEADER_KIRITAN_TOHOKU_ANY" Language="ja_JP">
			<Text>私たちのすぐそばに都市を作らないでください。土地を求めるなら他の場所でお願いします。</Text>
		</Replace>
		<Replace Tag="LOC_DIPLO_WARNING_DONT_SETTLE_NEAR_ME_HUMAN_RESPONSE_POSITIVE_LEADER_KIRITAN_TOHOKU_ANY" Language="ja_JP">
			<Text>了解しました。</Text>
		</Replace>
		<Replace Tag="LOC_DIPLO_WARNING_DONT_SETTLE_NEAR_ME_HUMAN_RESPONSE_NEGATIVE_LEADER_KIRITAN_TOHOKU_ANY" Language="ja_JP">
			<Text>私たちに敬意を払わない国にどうして敬意を払えというのですか。</Text>
		</Replace>
		<Replace Tag="LOC_DIPLO_WARNING_TOO_MANY_TROOPS_NEAR_ME_AI_RESPONSE_POSITIVE_LEADER_KIRITAN_TOHOKU_ANY" Language="ja_JP">
			<Text>すみません。蛮族を探していただけなんです。</Text>
		</Replace>
		<Replace Tag="LOC_DIPLO_WARNING_TOO_MANY_TROOPS_NEAR_ME_AI_RESPONSE_NEGATIVE_LEADER_KIRITAN_TOHOKU_ANY" Language="ja_JP">
			<Text>方々に軍隊を派遣するのが好きなんです。自分の強さを誇示できるから。</Text>
		</Replace>
		<Replace Tag="LOC_DIPLO_WARNING_STOP_SPYING_ON_ME_AI_RESPONSE_POSITIVE_LEADER_KIRITAN_TOHOKU_ANY" Language="ja_JP">
			<Text>あなたの言うとおりです。こんな手に訴えたことを後悔しています。もう二度と繰り返しません。</Text>
		</Replace>
		<Replace Tag="LOC_DIPLO_WARNING_STOP_SPYING_ON_ME_AI_RESPONSE_NEGATIVE_LEADER_KIRITAN_TOHOKU_ANY" Language="ja_JP">
			<Text>誰がそんな約束を真に受けると思うのですか？</Text>
		</Replace>
		<Replace Tag="LOC_DIPLO_WARNING_STOP_DIGGING_UP_ARTIFACTS_AI_RESPONSE_POSITIVE_LEADER_KIRITAN_TOHOKU_ANY" Language="ja_JP">
			<Text>この土地があなたの国のものだとは知りませんでした。単純な手違いです。</Text>
		</Replace>
		<Replace Tag="LOC_DIPLO_WARNING_STOP_DIGGING_UP_ARTIFACTS_AI_RESPONSE_NEGATIVE_LEADER_KIRITAN_TOHOKU_ANY" Language="ja_JP">
			<Text>歴史の謎は万人に開示されるべきです。独占は許されません。</Text>
		</Replace>
		<Replace Tag="LOC_DIPLO_WARNING_STOP_CONVERTING_MY_CITIES_AI_RESPONSE_POSITIVE_LEADER_KIRITAN_TOHOKU_ANY" Language="ja_JP">
			<Text>そちらの希望は尊重します。でも、あなたは間違っています。いつかわかってくれるといいのですが。</Text>
		</Replace>
		<Replace Tag="LOC_DIPLO_WARNING_STOP_CONVERTING_MY_CITIES_AI_RESPONSE_NEGATIVE_LEADER_KIRITAN_TOHOKU_ANY" Language="ja_JP">
			<Text>心配はいりません。これが一番なんです。いずれわかるときが来ます。</Text>
		</Replace>
		<Replace Tag="LOC_DIPLO_WARNING_TOO_MANY_TROOPS_NEAR_ME_LEADER_KIRITAN_TOHOKU_ANY" Language="ja_JP">
			<Text>国境のすぐそばに兵を動かしましたね？私たちの国の美しい田園風景を楽しんでいるだけだといいのですけど・・・</Text>
		</Replace>
		<Replace Tag="LOC_DIPLO_WARNING_TOO_MANY_TROOPS_NEAR_ME_HUMAN_RESPONSE_POSITIVE_LEADER_KIRITAN_TOHOKU_ANY" Language="ja_JP">
			<Text>了解しました。</Text>
		</Replace>
		<Replace Tag="LOC_DIPLO_WARNING_STOP_SPYING_ON_ME_LEADER_KIRITAN_TOHOKU_ANY" Language="ja_JP">
			<Text>なんてことをするの。私たちの国に送ったスパイを今すぐ引き上げて。</Text>
		</Replace>
		<Replace Tag="LOC_DIPLO_WARNING_STOP_SPYING_ON_ME_HUMAN_RESPONSE_POSITIVE_LEADER_KIRITAN_TOHOKU_ANY" Language="ja_JP">
			<Text>了解しました。</Text>
		</Replace>
		<Replace Tag="LOC_DIPLO_WARNING_STOP_SPYING_ON_ME_HUMAN_RESPONSE_NEGATIVE_LEADER_KIRITAN_TOHOKU_ANY" Language="ja_JP">
			<Text>この侮辱、絶対に忘れません。よく憶えておいてください。</Text>
		</Replace>
		<Replace Tag="LOC_DIPLO_WARNING_STOP_DIGGING_UP_ARTIFACTS_LEADER_KIRITAN_TOHOKU_ANY" Language="ja_JP">
			<Text>私たちの国の文化や歴史を盗まないでください。いますぐ出て行ってもらいます。</Text>
		</Replace>
		<Replace Tag="LOC_DIPLO_WARNING_STOP_DIGGING_UP_ARTIFACTS_HUMAN_RESPONSE_POSITIVE_LEADER_KIRITAN_TOHOKU_ANY" Language="ja_JP">
			<Text>了解しました。</Text>
		</Replace>
		<Replace Tag="LOC_DIPLO_WARNING_STOP_DIGGING_UP_ARTIFACTS_HUMAN_RESPONSE_NEGATIVE_LEADER_KIRITAN_TOHOKU_ANY" Language="ja_JP">
			<Text>私たちの国を尊重してもらえないなら、あなたの国を尊重することもできません。</Text>
		</Replace>
		<Replace Tag="LOC_DIPLO_WARNING_STOP_CONVERTING_MY_CITIES_LEADER_KIRITAN_TOHOKU_ANY" Language="ja_JP">
			<Text>そちらの宗教家はやり方が強引で評判が悪いようです。いますぐ立ち退いていただけませんか？</Text>
		</Replace>
		<Replace Tag="LOC_DIPLO_WARNING_STOP_CONVERTING_MY_CITIES_HUMAN_RESPONSE_POSITIVE_LEADER_KIRITAN_TOHOKU_ANY" Language="ja_JP">
			<Text>了解しました。</Text>
		</Replace>
		<Replace Tag="LOC_DIPLO_WARNING_STOP_CONVERTING_MY_CITIES_HUMAN_RESPONSE_NEGATIVE_LEADER_KIRITAN_TOHOKU_ANY" Language="ja_JP">
			<Text>・・・覚悟しておいてください。いずれ必ず報いがありますよ。</Text>
		</Replace>
	</LocalizedText>
</GameData>
