<?xml version="1.0" encoding="utf-8"?>
<GameData>
	<Types>
		<Row Type="BUILDING_ZUNDA_CAFE" Kind="KIND_BUILDING"/>
	</Types>
	<!-- ユニークである場合の置き換え対象。これがない場合は置き換えではなく別枠になる・・・のですが、
		 特定文明固有の完全な新規ユニーク建造物は作ってはいけません。
		 その建物がある都市を落としたor落とされた瞬間ゲームがクラッシュします。(SDKのサンプルに存在するBUILDING_LITTER_BOXでも発生します)
		 必ず何かの置き換えにしましょう。 -->
	<BuildingReplaces>
		<Row CivUniqueBuildingType="BUILDING_ZUNDA_CAFE" ReplacesBuildingType="BUILDING_WATER_MILL"/>
	</BuildingReplaces>
	<!-- 建造物のメイン設定 -->
	<Buildings>
		<!--
			PrereqDistrict        : 何の区域に建設できるか
			PrereqTech            : 解禁に必要な技術
			PurchaseYield         : 購入に必要な資源(普通はゴールド。建造物以外だと、使徒や伝道師は信仰になっている)
			Cost                  : 生産コスト
			AdvisorType           : 助言が発動する場合、どのセリフを言うか(推測)
			RequiresAdjacentRiver : 川に隣接している必要があるか
			Entertainment         : 快適性
			TraitType             : 何の特性に紐付くのか(文明固有として実装するには必須)
		-->
		<Row BuildingType="BUILDING_ZUNDA_CAFE" Name="LOC_BUILDING_ZUNDA_CAFE_NAME" Description="LOC_BUILDING_ZUNDA_CAFE_DESCRIPTION" PrereqTech="TECH_THE_WHEEL" PrereqDistrict="DISTRICT_CITY_CENTER" PurchaseYield="YIELD_GOLD" Cost="80" AdvisorType="ADVISOR_GENERIC" RequiresAdjacentRiver="true" Entertainment="1" TraitType="TRAIT_LEADER_BUILDING_ZUNDA_CAFE"/>
	</Buildings>
	<!-- 建造物そのものを建てた際、何のボーナスを得るかという設定 -->
	<Building_YieldChanges>
		<Row BuildingType="BUILDING_ZUNDA_CAFE" YieldType="YIELD_FOOD"       YieldChange="2"/>
		<Row BuildingType="BUILDING_ZUNDA_CAFE" YieldType="YIELD_PRODUCTION" YieldChange="1"/>
		<Row BuildingType="BUILDING_ZUNDA_CAFE" YieldType="YIELD_GOLD"       YieldChange="1"/>
	</Building_YieldChanges>
	<!-- 建造物の特性 -->
	<BuildingModifiers>
		<!-- コーヒーから文化を得る -->
		<Row>
			<BuildingType>BUILDING_ZUNDA_CAFE</BuildingType>
			<ModifierId>ZUNDA_CAFE_ADD_CULTURE_FROM_COFFEE</ModifierId>
		</Row>
		<!-- お茶から文化を得る -->
		<Row>
			<BuildingType>BUILDING_ZUNDA_CAFE</BuildingType>
			<ModifierId>ZUNDA_CAFE_ADD_CULTURE_FROM_TEA</ModifierId>
		</Row>
		<!-- 砂糖から食糧を得る -->
		<Row>
			<BuildingType>BUILDING_ZUNDA_CAFE</BuildingType>
			<ModifierId>ZUNDA_CAFE_ADD_FOOD_FROM_SUGAR</ModifierId>
		</Row>
		<!-- 塩から食糧を得る -->
		<Row>
			<BuildingType>BUILDING_ZUNDA_CAFE</BuildingType>
			<ModifierId>ZUNDA_CAFE_ADD_FOOD_FROM_SALT</ModifierId>
		</Row>
		<!-- 米から食糧を得る -->
		<Row>
			<BuildingType>BUILDING_ZUNDA_CAFE</BuildingType>
			<ModifierId>ZUNDA_CAFE_ADD_FOOD_FROM_RICE</ModifierId>
		</Row>
	</BuildingModifiers>
	<Modifiers>
		<Row>
			<ModifierId>ZUNDA_CAFE_ADD_CULTURE_FROM_COFFEE</ModifierId>
			<ModifierType>MODIFIER_CITY_PLOT_YIELDS_ADJUST_PLOT_YIELD</ModifierType>
			<SubjectRequirementSetId>ZUNDA_CAFE_RESOURCE_IS_COFFEE</SubjectRequirementSetId>
		</Row>
		<Row>
			<ModifierId>ZUNDA_CAFE_ADD_CULTURE_FROM_TEA</ModifierId>
			<ModifierType>MODIFIER_CITY_PLOT_YIELDS_ADJUST_PLOT_YIELD</ModifierType>
			<SubjectRequirementSetId>ZUNDA_CAFE_RESOURCE_IS_TEA</SubjectRequirementSetId>
		</Row>
		<Row>
			<ModifierId>ZUNDA_CAFE_ADD_FOOD_FROM_SUGAR</ModifierId>
			<ModifierType>MODIFIER_CITY_PLOT_YIELDS_ADJUST_PLOT_YIELD</ModifierType>
			<SubjectRequirementSetId>ZUNDA_CAFE_RESOURCE_IS_SUGAR</SubjectRequirementSetId>
		</Row>
		<Row>
			<ModifierId>ZUNDA_CAFE_ADD_FOOD_FROM_SALT</ModifierId>
			<ModifierType>MODIFIER_CITY_PLOT_YIELDS_ADJUST_PLOT_YIELD</ModifierType>
			<SubjectRequirementSetId>ZUNDA_CAFE_RESOURCE_IS_SALT</SubjectRequirementSetId>
		</Row>
		<Row>
			<ModifierId>ZUNDA_CAFE_ADD_FOOD_FROM_RICE</ModifierId>
			<ModifierType>MODIFIER_CITY_PLOT_YIELDS_ADJUST_PLOT_YIELD</ModifierType>
			<SubjectRequirementSetId>ZUNDA_CAFE_RESOURCE_IS_RICE</SubjectRequirementSetId>
		</Row>
	</Modifiers>
	<ModifierArguments>
		<Row>
			<ModifierId>ZUNDA_CAFE_ADD_CULTURE_FROM_COFFEE</ModifierId>
			<Name>Amount</Name>
			<Value>2</Value>
		</Row>
		<Row>
			<ModifierId>ZUNDA_CAFE_ADD_CULTURE_FROM_COFFEE</ModifierId>
			<Name>YieldType</Name>
			<Value>YIELD_CULTURE</Value>
		</Row>
		<Row>
			<ModifierId>ZUNDA_CAFE_ADD_CULTURE_FROM_TEA</ModifierId>
			<Name>Amount</Name>
			<Value>2</Value>
		</Row>
		<Row>
			<ModifierId>ZUNDA_CAFE_ADD_CULTURE_FROM_TEA</ModifierId>
			<Name>YieldType</Name>
			<Value>YIELD_CULTURE</Value>
		</Row>
		<Row>
			<ModifierId>ZUNDA_CAFE_ADD_FOOD_FROM_SUGAR</ModifierId>
			<Name>Amount</Name>
			<Value>1</Value>
		</Row>
		<Row>
			<ModifierId>ZUNDA_CAFE_ADD_FOOD_FROM_SUGAR</ModifierId>
			<Name>YieldType</Name>
			<Value>YIELD_FOOD</Value>
		</Row>
		<Row>
			<ModifierId>ZUNDA_CAFE_ADD_FOOD_FROM_SALT</ModifierId>
			<Name>Amount</Name>
			<Value>1</Value>
		</Row>
		<Row>
			<ModifierId>ZUNDA_CAFE_ADD_FOOD_FROM_SALT</ModifierId>
			<Name>YieldType</Name>
			<Value>YIELD_FOOD</Value>
		</Row>
		<Row>
			<ModifierId>ZUNDA_CAFE_ADD_FOOD_FROM_RICE</ModifierId>
			<Name>Amount</Name>
			<Value>1</Value>
		</Row>
		<Row>
			<ModifierId>ZUNDA_CAFE_ADD_FOOD_FROM_RICE</ModifierId>
			<Name>YieldType</Name>
			<Value>YIELD_FOOD</Value>
		</Row>
	</ModifierArguments>

	<!-- Requirement
		 Modifierを適用する条件などがここに書かれる(ちょっとややこしいです・・・) -->
	<Requirements>
		<Row>
			<!-- REQUIREMENT_PLOT_RESOURCE_TYPE_MATCHES = RequirementArgumentsで指定するRESOURCEに合致するものを条件とする -->
			<RequirementId>ZUNDA_CAFE_REQUIRES_COFFEE_IN_PLOT</RequirementId>
			<RequirementType>REQUIREMENT_PLOT_RESOURCE_TYPE_MATCHES</RequirementType>
		</Row>
		<Row>
			<RequirementId>ZUNDA_CAFE_REQUIRES_TEA_IN_PLOT</RequirementId>
			<RequirementType>REQUIREMENT_PLOT_RESOURCE_TYPE_MATCHES</RequirementType>
		</Row>
		<Row>
			<RequirementId>ZUNDA_CAFE_REQUIRES_SUGAR_IN_PLOT</RequirementId>
			<RequirementType>REQUIREMENT_PLOT_RESOURCE_TYPE_MATCHES</RequirementType>
		</Row>
		<Row>
			<RequirementId>ZUNDA_CAFE_REQUIRES_SALT_IN_PLOT</RequirementId>
			<RequirementType>REQUIREMENT_PLOT_RESOURCE_TYPE_MATCHES</RequirementType>
		</Row>
		<Row>
			<RequirementId>ZUNDA_CAFE_REQUIRES_RICE_IN_PLOT</RequirementId>
			<RequirementType>REQUIREMENT_PLOT_RESOURCE_TYPE_MATCHES</RequirementType>
		</Row>
	</Requirements>
	<RequirementArguments>
		<Row>
			<!-- 本例では適用する資源を指定している -->
			<RequirementId>ZUNDA_CAFE_REQUIRES_COFFEE_IN_PLOT</RequirementId>
			<Name>ResourceType</Name>
			<Value>RESOURCE_COFFEE</Value>
		</Row>
		<Row>
			<RequirementId>ZUNDA_CAFE_REQUIRES_TEA_IN_PLOT</RequirementId>
			<Name>ResourceType</Name>
			<Value>RESOURCE_TEA</Value>
		</Row>
		<Row>
			<RequirementId>ZUNDA_CAFE_REQUIRES_SUGAR_IN_PLOT</RequirementId>
			<Name>ResourceType</Name>
			<Value>RESOURCE_SUGAR</Value>
		</Row>
		<Row>
			<RequirementId>ZUNDA_CAFE_REQUIRES_SALT_IN_PLOT</RequirementId>
			<Name>ResourceType</Name>
			<Value>RESOURCE_SALT</Value>
		</Row>
		<Row>
			<RequirementId>ZUNDA_CAFE_REQUIRES_RICE_IN_PLOT</RequirementId>
			<Name>ResourceType</Name>
			<Value>RESOURCE_RICE</Value>
		</Row>
	</RequirementArguments>
	<RequirementSets>
		<Row>
			<RequirementSetId>ZUNDA_CAFE_RESOURCE_IS_COFFEE</RequirementSetId>
			<RequirementSetType>REQUIREMENTSET_TEST_ALL</RequirementSetType>
		</Row>
		<Row>
			<RequirementSetId>ZUNDA_CAFE_RESOURCE_IS_TEA</RequirementSetId>
			<RequirementSetType>REQUIREMENTSET_TEST_ALL</RequirementSetType>
		</Row>
		<Row>
			<RequirementSetId>ZUNDA_CAFE_RESOURCE_IS_SUGAR</RequirementSetId>
			<RequirementSetType>REQUIREMENTSET_TEST_ALL</RequirementSetType>
		</Row>
		<Row>
			<RequirementSetId>ZUNDA_CAFE_RESOURCE_IS_SALT</RequirementSetId>
			<RequirementSetType>REQUIREMENTSET_TEST_ALL</RequirementSetType>
		</Row>
		<Row>
			<RequirementSetId>ZUNDA_CAFE_RESOURCE_IS_RICE</RequirementSetId>
			<RequirementSetType>REQUIREMENTSET_TEST_ALL</RequirementSetType>
		</Row>
	</RequirementSets>
	<RequirementSetRequirements>
		<Row>
			<RequirementSetId>ZUNDA_CAFE_RESOURCE_IS_COFFEE</RequirementSetId>
			<RequirementId>ZUNDA_CAFE_REQUIRES_COFFEE_IN_PLOT</RequirementId>
		</Row>
		<Row>
			<RequirementSetId>ZUNDA_CAFE_RESOURCE_IS_TEA</RequirementSetId>
			<RequirementId>ZUNDA_CAFE_REQUIRES_TEA_IN_PLOT</RequirementId>
		</Row>
		<Row>
			<RequirementSetId>ZUNDA_CAFE_RESOURCE_IS_SUGAR</RequirementSetId>
			<RequirementId>ZUNDA_CAFE_REQUIRES_SUGAR_IN_PLOT</RequirementId>
		</Row>
		<Row>
			<RequirementSetId>ZUNDA_CAFE_RESOURCE_IS_SALT</RequirementSetId>
			<RequirementId>ZUNDA_CAFE_REQUIRES_SALT_IN_PLOT</RequirementId>
		</Row>
		<Row>
			<RequirementSetId>ZUNDA_CAFE_RESOURCE_IS_RICE</RequirementSetId>
			<RequirementId>ZUNDA_CAFE_REQUIRES_RICE_IN_PLOT</RequirementId>
		</Row>
	</RequirementSetRequirements>
</GameData>
