<?xml version="1.0" encoding="utf-8"?>
<GameData>
	<LocalizedText>
		<!-- Leader specific pedia text. -->
		<Row Tag="LOC_PEDIA_LEADERS_PAGE_LEADER_ITAKO_TOHOKU_CHAPTER_CAPSULE_BODY" Language="en_US">
			<Text>”Tohoku Image Character [Itako Tohoku]”</Text>
		</Row>
		<Row Tag="LOC_PEDIA_LEADERS_PAGE_LEADER_ITAKO_TOHOKU_CHAPTER_DETAILED_BODY" Language="en_US">
			<Text></Text>
		</Row>
		<Row Tag="LOC_PEDIA_LEADERS_PAGE_LEADER_ZUNKO_TOHOKU_CHAPTER_CAPSULE_BODY" Language="en_US">
			<Text>”VOICEROID+ Zunko Tohoku EX”</Text>
		</Row>
		<Row Tag="LOC_PEDIA_LEADERS_PAGE_LEADER_ZUNKO_TOHOKU_CHAPTER_DETAILED_BODY" Language="en_US">
			<Text></Text>
		</Row>
		<Row Tag="LOC_PEDIA_LEADERS_PAGE_LEADER_KIRITAN_TOHOKU_CHAPTER_CAPSULE_BODY" Language="en_US">
			<Text>”Tohoku Image Character [Kiritan Tohoku]”</Text>
		</Row>
		<Row Tag="LOC_PEDIA_LEADERS_PAGE_LEADER_KIRITAN_TOHOKU_CHAPTER_DETAILED_BODY" Language="en_US">
			<Text></Text>
		</Row>

		<!-- Leader specific historical text. -->
		<Row Tag="LOC_PEDIA_LEADERS_PAGE_LEADER_ITAKO_TOHOKU_CHAPTER_HISTORY_PARA_1" Language="en_US">
			<Text></Text>
		</Row>
		<Row Tag="LOC_PEDIA_LEADERS_PAGE_LEADER_ZUNKO_TOHOKU_CHAPTER_HISTORY_PARA_1" Language="en_US">
			<Text></Text>
		</Row>
		<Row Tag="LOC_PEDIA_LEADERS_PAGE_LEADER_KIRITAN_TOHOKU_CHAPTER_HISTORY_PARA_1" Language="en_US">
			<Text></Text>
		</Row>

		<!-- Civilization specific historical text. -->
		<Row Tag="LOC_PEDIA_CIVILIZATIONS_PAGE_CIVILIZATION_DPRT_CHAPTER_HISTORY_PARA_1" Language="en_US">
			<Text></Text>
		</Row>

		<!-- Civlization Citizen Names -->
		<Row Tag="LOC_CITIZEN_DPRT_MALE_1" Language="en_US">
			<Text>Ikuzo Yoshi</Text>
		</Row>
		<Row Tag="LOC_CITIZEN_DPRT_MALE_2" Language="en_US">
			<Text>Daisuke Matsuzaka</Text>
		</Row>
		<Row Tag="LOC_CITIZEN_DPRT_MALE_3" Language="en_US">
			<Text>Masao Sen</Text>
		</Row>
		<Row Tag="LOC_CITIZEN_DPRT_MALE_4" Language="en_US">
			<Text>Kaduhiro Sasaki</Text>
		</Row>
		<Row Tag="LOC_CITIZEN_DPRT_MALE_5" Language="en_US">
			<Text>Toshiro Yanagiba</Text>
		</Row>
		<Row Tag="LOC_CITIZEN_DPRT_MALE_6" Language="en_US">
			<Text>Suzuki Udo</Text>
		</Row>
		<Row Tag="LOC_CITIZEN_DPRT_MALE_7" Language="en_US">
			<Text>Toshiyuki Nishida</Text>
		</Row>
		<Row Tag="LOC_CITIZEN_DPRT_MALE_8" Language="en_US">
			<Text>Tomio Umezawa</Text>
		</Row>
		<Row Tag="LOC_CITIZEN_DPRT_FEMALE_1" Language="en_US">
			<Text>Chiharu Niiyama</Text>
		</Row>
		<Row Tag="LOC_CITIZEN_DPRT_FEMALE_2" Language="en_US">
			<Text>Keiko Fuji</Text>
		</Row>
		<Row Tag="LOC_CITIZEN_DPRT_FEMALE_3" Language="en_US">
			<Text>Erika Yamakawa</Text>
		</Row>
		<Row Tag="LOC_CITIZEN_DPRT_FEMALE_4" Language="en_US">
			<Text>Ai Fukuhara</Text>
		</Row>
		<Row Tag="LOC_CITIZEN_DPRT_FEMALE_5" Language="en_US">
			<Text>Nozomi Sasaki</Text>
		</Row>
		<Row Tag="LOC_CITIZEN_DPRT_FEMALE_6" Language="en_US">
			<Text>Mitsu Dan</Text>
		</Row>
		<Row Tag="LOC_CITIZEN_DPRT_FEMALE_7" Language="en_US">
			<Text>Takejyo Aki</Text>
		</Row>
		<Row Tag="LOC_CITIZEN_DPRT_FEMALE_8" Language="en_US">
			<Text>Misaki Ito</Text>
		</Row>

		<!-- Civilization City Names-->
		<Row Tag="LOC_CIVILIZATION_DPRT_CITY_1" Language="en_US">
			<Text>Sendai</Text>
		</Row>
		<Row Tag="LOC_CIVILIZATION_DPRT_CITY_2" Language="en_US">
			<Text>Aomori</Text>
		</Row>
		<Row Tag="LOC_CIVILIZATION_DPRT_CITY_3" Language="en_US">
			<Text>Morioka</Text>
		</Row>
		<Row Tag="LOC_CIVILIZATION_DPRT_CITY_4" Language="en_US">
			<Text>Fukushima</Text>
		</Row>
		<Row Tag="LOC_CIVILIZATION_DPRT_CITY_5" Language="en_US">
			<Text>Akita</Text>
		</Row>
		<Row Tag="LOC_CIVILIZATION_DPRT_CITY_6" Language="en_US">
			<Text>Yamagata</Text>
		</Row>
		<Row Tag="LOC_CIVILIZATION_DPRT_CITY_7" Language="en_US">
			<Text>Hirosaki</Text>
		</Row>
		<Row Tag="LOC_CIVILIZATION_DPRT_CITY_8" Language="en_US">
			<Text>Hachinohe</Text>
		</Row>
		<Row Tag="LOC_CIVILIZATION_DPRT_CITY_9" Language="en_US">
			<Text>Kuroishi</Text>
		</Row>
		<Row Tag="LOC_CIVILIZATION_DPRT_CITY_10" Language="en_US">
			<Text>Tsuruoka</Text>
		</Row>
		<Row Tag="LOC_CIVILIZATION_DPRT_CITY_11" Language="en_US">
			<Text>Shinjyou</Text>
		</Row>
		<Row Tag="LOC_CIVILIZATION_DPRT_CITY_12" Language="en_US">
			<Text>Yonezawa</Text>
		</Row>
		<Row Tag="LOC_CIVILIZATION_DPRT_CITY_13" Language="en_US">
			<Text>Takizawa</Text>
		</Row>
		<Row Tag="LOC_CIVILIZATION_DPRT_CITY_14" Language="en_US">
			<Text>Hanamaki</Text>
		</Row>
		<Row Tag="LOC_CIVILIZATION_DPRT_CITY_15" Language="en_US">
			<Text>Kamaishi</Text>
		</Row>
		<Row Tag="LOC_CIVILIZATION_DPRT_CITY_16" Language="en_US">
			<Text>Oga</Text>
		</Row>
		<Row Tag="LOC_CIVILIZATION_DPRT_CITY_17" Language="en_US">
			<Text>Odate</Text>
		</Row>
		<Row Tag="LOC_CIVILIZATION_DPRT_CITY_18" Language="en_US">
			<Text>Noshiro</Text>
		</Row>
		<Row Tag="LOC_CIVILIZATION_DPRT_CITY_19" Language="en_US">
			<Text>Kooriyama</Text>
		</Row>
		<Row Tag="LOC_CIVILIZATION_DPRT_CITY_20" Language="en_US">
			<Text>Shirakawa</Text>
		</Row>
		<Row Tag="LOC_CIVILIZATION_DPRT_CITY_21" Language="en_US">
			<Text>Kitakata</Text>
		</Row>
		<Row Tag="LOC_CIVILIZATION_DPRT_CITY_22" Language="en_US">
			<Text>Ishimaki</Text>
		</Row>
		<Row Tag="LOC_CIVILIZATION_DPRT_CITY_23" Language="en_US">
			<Text>Kesennuma</Text>
		</Row>
		<Row Tag="LOC_CIVILIZATION_DPRT_CITY_24" Language="en_US">
			<Text>Natori</Text>
		</Row>

		<!-- Leader Quotes -->
		<Row Tag="LOC_LEADER_ITAKO_TOHOKU_QUOTE" Language="en_US">
			<Text></Text>
		</Row>
		<Row Tag="LOC_LEADER_ZUNKO_TOHOKU_QUOTE" Language="en_US">
			<Text>zunda\(^o^)/zunda</Text>
		</Row>
		<Row Tag="LOC_LEADER_KIRITAN_TOHOKU_QUOTE" Language="en_US">
			<Text></Text>
		</Row>
   
		<Row Tag="LOC_ABILITY_YNL_ZUNKO_CAPTURE_WORKER_NAME" Language="en_US">
			<Text>Zunda Arrow</Text>
		</Row>
		<Row Tag="LOC_ABILITY_YNL_ZUNKO_CAPTURE_WORKER_DESCRIPTION" Language="en_US">
			<Text>All ranged unit can capture defeated enemy civilization combat units and convert them to Builders.</Text>
		</Row>

		<Row Tag="LOC_LEADER_ITAKO_TOHOKU_DOM_TEXT" Language="en_US">
			<Text></Text>
		</Row>
		<Row Tag="LOC_LEADER_ZUNKO_TOHOKU_DOM_TEXT" Language="en_US">
			<Text></Text>
		</Row>
		<Row Tag="LOC_LEADER_KIRITAN_TOHOKU_DOM_TEXT" Language="en_US">
			<Text></Text>
		</Row>

		<Row Tag="LOC_DISTRICT_FOREST_CULTURE_NAMAHAGE" Language="en_US">
			<Text>+{1_num} [ICON_Culture] Culture from the adjacent Woods {1_Num : plural 1?tile; other?tiles;}.</Text>
		</Row>
		</LocalizedText>
</GameData>
