<?xml version="1.0" encoding="utf-8"?>
<GameData>
	<Players>
		<!-- バニラ(記述なし) -->

		<!-- RaF(記述なし) -->

		<!-- GS -->
		<Row>
			<Domain>Players:Expansion2_Players</Domain>
			<CivilizationType>CIVILIZATION_YNL_AKARI_KIZUNA</CivilizationType>
			<LeaderType>LEADER_YNL_AKARI_KIZUNA</LeaderType>
			<CivilizationName>LOC_CIVILIZATION_YNL_AKARI_KIZUNA_NAME</CivilizationName>
			<CivilizationIcon>ICON_CIVILIZATION_YNL_AKARI_KIZUNA</CivilizationIcon>
			<LeaderName>LOC_LEADER_YNL_AKARI_KIZUNA_NAME</LeaderName>
			<LeaderIcon>ICON_LEADER_YNL_AKARI_KIZUNA</LeaderIcon>
			<CivilizationAbilityName>LOC_TRAIT_CIVILIZATION_YNL_AKARI_KIZUNA_NAME</CivilizationAbilityName>
			<CivilizationAbilityDescription>LOC_TRAIT_CIVILIZATION_YNL_AKARI_KIZUNA_DESCRIPTION</CivilizationAbilityDescription>
			<CivilizationAbilityIcon>ICON_CIVILIZATION_YNL_AKARI_KIZUNA</CivilizationAbilityIcon>
			<LeaderAbilityName>LOC_TRAIT_LEADER_YNL_AKARI_KIZUNA_NAME</LeaderAbilityName>
			<LeaderAbilityDescription>LOC_TRAIT_LEADER_YNL_AKARI_KIZUNA_DESCRIPTION</LeaderAbilityDescription>
			<LeaderAbilityIcon>ICON_LEADER_YNL_AKARI_KIZUNA</LeaderAbilityIcon>
			<Portrait>PORTRAIT_LEADER_YNL_AKARI_KIZUNA</Portrait>
		</Row>
	</Players>
	<PlayerItems>
		<!-- バニラ(記述なし) -->
		
		<!-- RaF(記述なし) -->
		
		<!-- GS -->
		<Row>
			<!-- UU:ヘシアン -->
			<Domain>Players:Expansion2_Players</Domain>
			<CivilizationType>CIVILIZATION_YNL_AKARI_KIZUNA</CivilizationType>
			<LeaderType>LEADER_YNL_AKARI_KIZUNA</LeaderType>
			<Type>UNIT_YNL_AKARI_HESSIANS</Type>
			<Name>LOC_UNIT_YNL_AKARI_HESSIANS_NAME</Name>
			<Description>LOC_UNIT_YNL_AKARI_HESSIANS_DESCRIPTION</Description>
			<Icon>ICON_UNIT_YNL_AKARI_HESSIANS</Icon>
			<SortIndex>10</SortIndex>
		</Row>
		<Row>
			<!-- UI:高地農場 -->
			<Domain>Players:Expansion2_Players</Domain>
			<CivilizationType>CIVILIZATION_YNL_AKARI_KIZUNA</CivilizationType>
			<LeaderType>LEADER_YNL_AKARI_KIZUNA</LeaderType>
			<Type>IMPROVEMENT_YNL_AKARI_TERRACES</Type>
			<Name>LOC_IMPROVEMENT_YNL_AKARI_TERRACES_NAME</Name>
			<Description>LOC_IMPROVEMENT_YNL_AKARI_TERRACES_DESCRIPTION</Description>
			<Icon>ICON_IMPROVEMENT_YNL_AKARI_TERRACES</Icon>
			<SortIndex>20</SortIndex>
		</Row>
		<Row>
			<!-- UB:ボイスロイド大劇場 -->
			<Domain>Players:Expansion2_Players</Domain>
			<CivilizationType>CIVILIZATION_YNL_AKARI_KIZUNA</CivilizationType>
			<LeaderType>LEADER_YNL_AKARI_KIZUNA</LeaderType>
			<Type>BUILDING_YNL_VOICELOID_BIG_THEATER</Type>
			<Name>LOC_BUILDING_YNL_VOICELOID_BIG_THEATER_NAME</Name>
			<Description>LOC_BUILDING_YNL_VOICELOID_BIG_THEATER_DESCRIPTION</Description>
			<Icon>ICON_BUILDING_YNL_VOICELOID_BIG_THEATER</Icon>
			<SortIndex>30</SortIndex>
		</Row>
	</PlayerItems>
</GameData>
