<?xml version="1.0" encoding="utf-8"?>
<GameData>
	<LocalizedText>
		<Row Tag="LOC_FloodedPangea_Map_NAME" Language="ja_JP">
			<Text>[YBG]Flooded Pangea</Text>
		</Row>
		<Row Tag="LOC_FloodedPangea_Map_RAF_NAME" Language="ja_JP">
			<Text>[YGB]Flooded Pangea(R&F)</Text>
		</Row>
		<Row Tag="LOC_FloodedPangea_Map_GS_NAME" Language="ja_JP">
			<Text>[YGB]Flooded Pangea(GS)</Text>
		</Row>
		<Row Tag="LOC_FloodedPangea_Map_DESCRIPTION" Language="ja_JP">
			<Text>野獣先輩地球説</Text>
		</Row>
		<Row Tag="LOC_FictionMiddleEast_Map_NAME" Language="ja_JP">
			<Text>[YBG]Fiction Middle East</Text>
		</Row>
		<Row Tag="LOC_FictionMiddleEast_Map_RAF_NAME" Language="ja_JP">
			<Text>[YBG]Fiction Middle East(R&F)</Text>
		</Row>
		<Row Tag="LOC_FictionMiddleEast_Map_GS_NAME" Language="ja_JP">
			<Text>[YBG]Fiction Middle East(GS)</Text>
		</Row>
		<Row Tag="LOC_FictionMiddleEast_Map_DESCRIPTION" Language="ja_JP">
			<Text>二人は幸せなキスをして終了</Text>
		</Row>
	</LocalizedText>
</GameData>