<?xml version="1.0" encoding="utf-8"?>
<GameInfo>
	<Maps>
		<Row Domain="StandardMaps"        File="FloodedPangea.lua" Name="LOC_FloodedPangea_Map_NAME"     Description="LOC_FloodedPangea_Map_DESCRIPTION"/>
		<Row Domain="Maps:Expansion1Maps" File="FloodedPangea.lua" Name="LOC_FloodedPangea_Map_RAF_NAME" Description="LOC_FloodedPangea_Map_RAF_DESCRIPTION"/>
		<Row Domain="Maps:Expansion2Maps" File="FloodedPangea.lua" Name="LOC_FloodedPangea_Map_GS_NAME"  Description="LOC_FloodedPangea_Map_GS_DESCRIPTION"/>
	</Maps>

	<Parameters>
		<Row Key1="Map" Key2="FloodedPangea.lua" ParameterId="RiversPlacement"         Name="LOC_MAP_RIVERS_PLACEMENT_NAME"          Description="LOC_MAP_RIVERS_PLACEMENT_DESCRIPTION"          Domain="RiversPlacement"         DefaultValue="PLACEMENT_IMPORT"  ConfigurationGroup="Map" ConfigurationId="RiversPlacement"	      GroupId="MapOptions"                      SortIndex="231"/>
		<Row Key1="Map" Key2="FloodedPangea.lua" ParameterId="FloodedPangea_MapSize"   Name="LOC_MAP_SIZE"                           Description=""                                              Domain="StandardMapSizes"        DefaultValue="MAPSIZE_SMALL"     ConfigurationGroup="Map" ConfigurationId="MAP_SIZE"                GroupId="MapOptions" Hash="1" Visible="0" SortIndex="225"/>
		<Row Key1="Map" Key2="FloodedPangea.lua" ParameterId="NaturalWondersPlacement" Name="LOC_MAP_NATURAL_WONDERS_PLACEMENT_NAME" Description="LOC_MAP_NATURAL_WONDERS_PLACEMENT_DESCRIPTION" Domain="NaturalWondersPlacement" DefaultValue="PLACEMENT_IMPORT"  ConfigurationGroup="Map" ConfigurationId="NaturalWondersPlacement" GroupId="MapOptions" Hash="0"             SortIndex="244"/>
		<Row Key1="Map" Key2="FloodedPangea.lua" ParameterId="FeaturesPlacement"       Name="LOC_MAP_FEATURES_PLACEMENT_NAME"        Description="LOC_MAP_FEATURES_PLACEMENT_DESCRIPTION"        Domain="FeaturesPlacement"       DefaultValue="PLACEMENT_IMPORT"  ConfigurationGroup="Map" ConfigurationId="FeaturesPlacement"	      GroupId="MapOptions" Hash="0"             SortIndex="245"/>
		<Row Key1="Map" Key2="FloodedPangea.lua" ParameterId="Rainfall"                Name="LOC_MAP_RAINFALL_NAME"                  Description="LOC_MAP_RAINFALL_DESCRIPTION"                  Domain="Rainfall"                DefaultValue="2"                 ConfigurationGroup="Map" ConfigurationId="rainfall"	              GroupId="MapOptions" Hash="0"             SortIndex="250"/>
		<Row Key1="Map" Key2="FloodedPangea.lua" ParameterId="ResourcesPlacement"      Name="LOC_MAP_RESOURCES_PLACEMENT_NAME"       Description="LOC_MAP_RESOURCES_PLACEMENT_DESCRIPTION"       Domain="ResourcesPlacement"      DefaultValue="PLACEMENT_IMPORT"  ConfigurationGroup="Map" ConfigurationId="ResourcesPlacement"	  GroupId="MapOptions" Hash="0"             SortIndex="269"/>
		<Row Key1="Map" Key2="FloodedPangea.lua" ParameterId="Resources"               Name="LOC_MAP_RESOURCES_NAME"                 Description="LOC_MAP_RESOURCES_DESCRIPTION"                 Domain="Resources"               DefaultValue="2"                 ConfigurationGroup="Map" ConfigurationId="resources"	              GroupId="MapOptions" Hash="0"             SortIndex="270"/>
		<Row Key1="Map" Key2="FloodedPangea.lua" ParameterId="StartPosition"           Name="LOC_MAP_START_POSITION_NAME"            Description="LOC_MAP_START_POSITION_DESCRIPTION"            Domain="StartPosition"           DefaultValue="2"                 ConfigurationGroup="Map" ConfigurationId="start"	                  GroupId="MapOptions" Hash="0"             SortIndex="280"/>
		<Row Key1="Map" Key2="FloodedPangea.lua" ParameterId="HideSize"                Name="HideSize"                               Description=""                                              Domain="bool"                    DefaultValue="1"                 ConfigurationGroup="Map" ConfigurationId="HideSize"                GroupId="MapOptions"          Visible="0" SortIndex="2010"/>
		<Row Key1="Map" Key2="FloodedPangea.lua" ParameterId="FloodedPangea_Map_Name"  Name="MapName"                                Description=""                                              Domain="text"                    DefaultValue="FloodedPangea_Map" ConfigurationGroup="Map" ConfigurationId="MapName"                 GroupId="MapOptions"          Visible="0" SortIndex="2010"/>
	</Parameters>
	<MapSupportedValues>
		<Row Map = "FloodedPangea.lua" Domain = "RiversPlacement"         Value = "PLACEMENT_DEFAULT" />
		<Row Map = "FloodedPangea.lua" Domain = "NaturalWondersPlacement" Value = "PLACEMENT_DEFAULT" />
		<Row Map = "FloodedPangea.lua" Domain = "FeaturesPlacement"       Value = "PLACEMENT_DEFAULT" />
		<Row Map = "FloodedPangea.lua" Domain = "ResourcesPlacement"      Value = "PLACEMENT_DEFAULT" />
	</MapSupportedValues>
</GameInfo>