<?xml version="1.0" encoding="utf-8"?>
<GameData>
	<LocalizedText>
		<Row Tag="LOC_FloodedPangea_Map_NAME" Language="en_US">
			<Text>[YBG]Flooded Pangea</Text>
		</Row>
		<Row Tag="LOC_FloodedPangea_Map_DESCRIPTION" Language="en_US">
			<Text>Flooded Pangea(Small)</Text>
		</Row>
		<Row Tag="LOC_FictionMiddleEast_Map_NAME" Language="en_US">
			<Text>[YBG]Fiction Middle East</Text>
		</Row>
		<Row Tag="LOC_FictionMiddleEast_Map_DESCRIPTION" Language="en_US">
			<Text>Fiction Middle East(Huge)</Text>
		</Row>
	</LocalizedText>
</GameData>