<?xml version="1.0" encoding="utf-8"?>
<GameData>
	<Types>
		<Row Type="LEADER_YUKARI_YUDUKI"              Kind="KIND_LEADER"/>
		<Row Type="TRAIT_LEADER_YUKARI_YUDUKI"        Kind="KIND_TRAIT"/>
		<Row Type="TRAIT_LEADER_UNIT_UNIQUE_HOWITZER" Kind="KIND_TRAIT"/>
		<Row Type="ABILITY_SPEEDUP_SOME_UNITS"        Kind="KIND_ABILITY"/>
	</Types>
	<TypeTags>
		<Row Type="UNIT_SCOUT" Tag="CLASS_YNL_YUKARI_YUDUKI_QUICK"/>
		<Row Type="UNIT_RANGER" Tag="CLASS_YNL_YUKARI_YUDUKI_QUICK"/>
		<Row Type="UNIT_SETTLER" Tag="CLASS_YNL_YUKARI_YUDUKI_QUICK"/>
		<Row Type="UNIT_BUILDER" Tag="CLASS_YNL_YUKARI_YUDUKI_QUICK"/>
		<Row Type="UNIT_MEDIC" Tag="CLASS_YNL_YUKARI_YUDUKI_QUICK"/>
		<Row Type="UNIT_MILITARY_ENGINEER" Tag="CLASS_YNL_YUKARI_YUDUKI_QUICK"/>
		
		<Row Type="ABILITY_SPEEDUP_SOME_UNITS" Tag="CLASS_YNL_YUKARI_YUDUKI_QUICK"/>
	</TypeTags>
	<Tags>
		<Row Tag="CLASS_YNL_YUKARI_YUDUKI_QUICK" Vocabulary="ABILITY_CLASS"/>
	</Tags>
	<Leaders>
		<Row>
			<LeaderType>LEADER_YUKARI_YUDUKI</LeaderType>
			<Name>LOC_LEADER_YUKARI_YUDUKI_NAME</Name>
			<Sex>Female</Sex>
			<InheritFrom>LEADER_DEFAULT</InheritFrom>
		</Row>
	</Leaders>

	<UnitAbilities>
		<Row UnitAbilityType="ABILITY_SPEEDUP_SOME_UNITS" Name="LOC_ABILITY_SPEEDUP_SOME_UNITS_NAME" Description="LOC_ABILITY_SPEEDUP_SOME_UNITS_DESCRIPTION" Inactive="true"/>
	</UnitAbilities>
	<UnitAbilityModifiers>
		<Row>
			<UnitAbilityType>ABILITY_SPEEDUP_SOME_UNITS</UnitAbilityType>
			<ModifierId>SPEEDUP_SOME_UNITS_MOVEMENT_BONUS</ModifierId>
		</Row>
	</UnitAbilityModifiers>
	
	<LeaderTraits>
		<Row LeaderType="LEADER_YUKARI_YUDUKI" TraitType="TRAIT_LEADER_YUKARI_YUDUKI"/>
		<Row LeaderType="LEADER_YUKARI_YUDUKI" TraitType="TRAIT_LEADER_UNIT_UNIQUE_HOWITZER"/>
	</LeaderTraits>
	<Traits>
		<Row TraitType="TRAIT_LEADER_YUKARI_YUDUKI"        Name="LOC_TRAIT_LEADER_YUKARI_YUDUKI_NAME"        Description="LOC_TRAIT_LEADER_YUKARI_YUDUKI_DESCRIPTION"/>
		<Row TraitType="TRAIT_LEADER_UNIT_UNIQUE_HOWITZER" Name="LOC_TRAIT_LEADER_UNIT_UNIQUE_HOWITZER_NAME"/>
	</Traits>
	<TraitModifiers>
		<Row TraitType="TRAIT_LEADER_YUKARI_YUDUKI" ModifierId="TRAIT_INCREASE_GREAT_MUSICIAN_POINTS"/>
		<Row TraitType="TRAIT_LEADER_YUKARI_YUDUKI" ModifierId="TRAIT_INCREASE_GREAT_SCIENTIST_POINTS"/>
		<Row TraitType="TRAIT_LEADER_YUKARI_YUDUKI" ModifierId="TRAIT_SPEEDUP_SOME_UNITS_GRANT_ABILITY"/>
	</TraitModifiers>

	<Modifiers>
		<Row>
			<ModifierId>TRAIT_INCREASE_GREAT_MUSICIAN_POINTS</ModifierId>
			<ModifierType>MODIFIER_PLAYER_ADJUST_GREAT_PERSON_POINTS</ModifierType>
		</Row>
		<Row>
			<ModifierId>TRAIT_INCREASE_GREAT_SCIENTIST_POINTS</ModifierId>
			<ModifierType>MODIFIER_PLAYER_ADJUST_GREAT_PERSON_POINTS</ModifierType>
		</Row>

		<Row>
			<ModifierId>TRAIT_SPEEDUP_SOME_UNITS_GRANT_ABILITY</ModifierId>
			<ModifierType>MODIFIER_PLAYER_UNITS_GRANT_ABILITY</ModifierType>
		</Row>
		<Row>
			<ModifierId>SPEEDUP_SOME_UNITS_MOVEMENT_BONUS</ModifierId>
			<ModifierType>MODIFIER_PLAYER_UNIT_ADJUST_MOVEMENT</ModifierType>
		</Row>
	</Modifiers>
	<ModifierArguments>
		<Row>
			<ModifierId>TRAIT_INCREASE_GREAT_MUSICIAN_POINTS</ModifierId>
			<Name>GreatPersonClassType</Name>
			<Value>GREAT_PERSON_CLASS_MUSICIAN</Value>
		</Row>
		<Row>
			<ModifierId>TRAIT_INCREASE_GREAT_MUSICIAN_POINTS</ModifierId>
			<Name>Amount</Name>
			<Value>2</Value>
		</Row>
		<Row>
			<ModifierId>TRAIT_INCREASE_GREAT_SCIENTIST_POINTS</ModifierId>
			<Name>GreatPersonClassType</Name>
			<Value>GREAT_PERSON_CLASS_SCIENTIST</Value>
		</Row>
		<Row>
			<ModifierId>TRAIT_INCREASE_GREAT_SCIENTIST_POINTS</ModifierId>
			<Name>Amount</Name>
			<Value>2</Value>
		</Row>

		<Row>
			<ModifierId>TRAIT_SPEEDUP_SOME_UNITS_GRANT_ABILITY</ModifierId>
			<Name>AbilityType</Name>
			<Value>ABILITY_SPEEDUP_SOME_UNITS</Value>
		</Row>
		<Row>
			<ModifierId>SPEEDUP_SOME_UNITS_MOVEMENT_BONUS</ModifierId>
			<Name>Amount</Name>
			<Value>1</Value>
		</Row>
	</ModifierArguments>
	<HistoricalAgendas>
		<Row LeaderType="LEADER_YUKARI_YUDUKI" AgendaType="AGENDA_BLACK_QUEEN"/>
	</HistoricalAgendas>
	<LeaderQuotes>
		<Row LeaderType="LEADER_YUKARI_YUDUKI" Quote="LOC_LEADER_YUKARI_YUDUKI_QUOTE"/>
	</LeaderQuotes>
	<AiListTypes>
		<Row ListType="YNL_YukariYudukiWonders"/>
		<Row ListType="YNL_YukariYudukiCivics"/>
		<Row ListType="YNL_YukariYudukiTechs"/>
		<Row ListType="YNL_YukariYudukiScienceDistrict"/>
	</AiListTypes>
	<AiLists>
		<!-- Buildings -->
		<Row ListType="YNL_YukariYudukiWonders"         LeaderType="TRAIT_LEADER_YUKARI_YUDUKI" System="Buildings"/>
		<!-- Civics -->
		<Row ListType="YNL_YukariYudukiCivics"          LeaderType="TRAIT_LEADER_YUKARI_YUDUKI" System="Civics"/>
		<!-- Techs -->
		<Row ListType="YNL_YukariYudukiTechs"           LeaderType="TRAIT_LEADER_YUKARI_YUDUKI" System="Technologies"/>

		<Row ListType="YNL_YukariYudukiScienceDistrict" LeaderType="TRAIT_LEADER_YUKARI_YUDUKI" System="Districts"/>
	</AiLists>
	<AiFavoredItems>
		<!-- Buildings -->
		<Row ListType="YNL_YukariYudukiWonders" Item="BUILDING_PETRA"/>
		<Row ListType="YNL_YukariYudukiWonders" Item="BUILDING_CHICHEN_ITZA"/>
		<Row ListType="YNL_YukariYudukiWonders" Item="BUILDING_HUEY_TEOCALLI"/>
		<Row ListType="YNL_YukariYudukiWonders" Item="BUILDING_RUHR_VALLEY"/>
		<Row ListType="YNL_YukariYudukiWonders" Item="BUILDING_OXFORD_UNIVERSITY"/>
		<!-- Civics -->
		<Row ListType="YNL_YukariYudukiCivics" Item="CIVIC_POLITICAL_PHILOSOPHY"/>
		<Row ListType="YNL_YukariYudukiCivics" Item="CIVIC_DIPLOMATIC_SERVICE"/>
		<Row ListType="YNL_YukariYudukiCivics" Item="CIVIC_CLASS_STRUGGLE"/>
		<Row ListType="YNL_YukariYudukiCivics" Item="CIVIC_SPACE_RACE"/>
		<!-- Techs -->
		<Row ListType="YNL_YukariYudukiTechs" Item="TECH_ARCHERY"/>
		<Row ListType="YNL_YukariYudukiTechs" Item="TECH_CASTLES"/>
		<Row ListType="YNL_YukariYudukiTechs" Item="TECH_STEEL"/>
		<Row ListType="YNL_YukariYudukiTechs" Item="TECH_ROCKETRY"/>
		<Row ListType="YNL_YukariYudukiTechs" Item="TECH_NANOTECHNOLOGY"/>
		<Row ListType="YNL_YukariYudukiTechs" Item="TECH_NUCLEAR_FUSION"/>
		<Row ListType="YNL_YukariYudukiTechs" Item="TECH_SATELLITES"/>
		<Row ListType="YNL_YukariYudukiTechs" Item="TECH_ROBOTICS"/>

		<Row ListType="YNL_YukariYudukiScienceDistrict" Item="DISTRICT_CAMPUS" Favored="true"/>
	</AiFavoredItems>
	<Colors>
		<Row>
			<Type>COLOR_PLAYER_YUKARI_YUDUKI_PRIMARY</Type>
			<Color>204,153,255,255</Color>
		</Row>
		<Row>
			<Type>COLOR_PLAYER_YUKARI_YUDUKI_SECONDARY</Type>
			<Color>204,51,255,255</Color>
		</Row>
	</Colors>
	<PlayerColors>
		<Row>
			<Type>LEADER_YUKARI_YUDUKI</Type>
			<Usage>Unique</Usage>
			<PrimaryColor>COLOR_PLAYER_YUKARI_YUDUKI_PRIMARY</PrimaryColor>
			<SecondaryColor>COLOR_PLAYER_YUKARI_YUDUKI_SECONDARY</SecondaryColor>
			<TextColor>COLOR_PLAYER_WHITE_TEXT</TextColor>
		</Row>
	</PlayerColors>
</GameData>
