<?xml version="1.0" encoding="utf-8"?>
<GameData>
	<LocalizedText>
		<!-- Leader specific pedia text. -->
		<Replace Tag="LOC_PEDIA_LEADERS_PAGE_LEADER_YUKARI_YUDUKI_CHAPTER_CAPSULE_BODY" Language="ja_JP">
			<Text>「VOICEROID+ 結月ゆかり」</Text>
		</Replace>
		<Replace Tag="LOC_PEDIA_LEADERS_PAGE_LEADER_YUKARI_YUDUKI_CHAPTER_DETAILED_BODY" Language="ja_JP">
			<Text>雪原やツンドラから各種ボーナスを追加で得ることができ、毎ターン得られる大科学者へのボーナスポイントと工業大学の建設で他文明名より先んじて技術を獲得できるでしょう。自走榴弾砲はコストこそ重いですが防御の硬い都市にも通用する高い能力を備えています。</Text>
		</Replace>

		<!-- Leader specific historical text. -->
		<Replace Tag="LOC_PEDIA_LEADERS_PAGE_LEADER_YUKARI_YUDUKI_CHAPTER_HISTORY_PARA_1" Language="ja_JP">
			<Text>結月ゆかり（ゆづき ゆかり、Yuzuki Yukari）は、VOCALOMAKETSの企画によりAH-Software（株式会社AHS）が2011年12月22日に発売した音声合成用の音源、およびそのキャラクター。ヤマハが開発した歌唱用の音声合成技術「VOCALOID」を採用した「VOCALOID3 結月ゆかり」と、エーアイが開発した話し言葉用の音声合成技術「AITalk」を採用した「VOICEROID+ 結月ゆかり」の二種類の製品が発売されており、それぞれパソコン上で歌声、話声を合成することが出来る。[NEWLINE][NEWLINE]誕生日（発売日）：12月22日[NEWLINE]年齢：18歳[NEWLINE]身長：159cm[NEWLINE]体重：非公開</Text>
		</Replace>

		<!-- Civilization specific historical text. -->
		<Replace Tag="LOC_PEDIA_CIVILIZATIONS_PAGE_CIVILIZATION_ROYY_CHAPTER_HISTORY_PARA_1" Language="ja_JP">
			<Text>ゆかりさんカワイイヤッター(共和国民はすべて洗脳済である)</Text>
		</Replace>

		<!-- Civlization Citizen Names -->
		<Replace Tag="LOC_CITIZEN_ROYY_MALE_1" Language="ja_JP">
			<Text>松山千春</Text>
		</Replace>
		<Replace Tag="LOC_CITIZEN_ROYY_MALE_2" Language="ja_JP">
			<Text>大泉洋</Text>
		</Replace>
		<Replace Tag="LOC_CITIZEN_ROYY_MALE_3" Language="ja_JP">
			<Text>安住紳一郎</Text>
		</Replace>
		<Replace Tag="LOC_CITIZEN_ROYY_MALE_4" Language="ja_JP">
			<Text>北島三郎</Text>
		</Replace>
		<Replace Tag="LOC_CITIZEN_ROYY_FEMALE_1" Language="ja_JP">
			<Text>吉田美和</Text>
		</Replace>
		<Replace Tag="LOC_CITIZEN_ROYY_FEMALE_2" Language="ja_JP">
			<Text>大黒摩季</Text>
		</Replace>
		<Replace Tag="LOC_CITIZEN_ROYY_FEMALE_3" Language="ja_JP">
			<Text>川村ゆきえ</Text>
		</Replace>
		<Replace Tag="LOC_CITIZEN_ROYY_FEMALE_4" Language="ja_JP">
			<Text>紺野あさ美</Text>
		</Replace>
		<Replace Tag="LOC_CITIZEN_ROYY_FEMALE_5" Language="ja_JP">
			<Text>里田まい</Text>
		</Replace>

		<!-- Civilization City Names-->
		<Replace Tag="LOC_CIVILIZATION_ROYY_CITY_1" Language="ja_JP">
			<Text>札幌</Text>
		</Replace>
		<Replace Tag="LOC_CIVILIZATION_ROYY_CITY_2" Language="ja_JP">
			<Text>千歳</Text>
		</Replace>
		<Replace Tag="LOC_CIVILIZATION_ROYY_CITY_3" Language="ja_JP">
			<Text>恵庭</Text>
		</Replace>
		<Replace Tag="LOC_CIVILIZATION_ROYY_CITY_4" Language="ja_JP">
			<Text>北広島</Text>
		</Replace>
		<Replace Tag="LOC_CIVILIZATION_ROYY_CITY_5" Language="ja_JP">
			<Text>網走</Text>
		</Replace>
		<Replace Tag="LOC_CIVILIZATION_ROYY_CITY_6" Language="ja_JP">
			<Text>女満別</Text>
		</Replace>
		<Replace Tag="LOC_CIVILIZATION_ROYY_CITY_7" Language="ja_JP">
			<Text>紋別</Text>
		</Replace>
		<Replace Tag="LOC_CIVILIZATION_ROYY_CITY_8" Language="ja_JP">
			<Text>北見</Text>
		</Replace>
		<Replace Tag="LOC_CIVILIZATION_ROYY_CITY_9" Language="ja_JP">
			<Text>稚内</Text>
		</Replace>
		<Replace Tag="LOC_CIVILIZATION_ROYY_CITY_10" Language="ja_JP">
			<Text>旭川</Text>
		</Replace>
		<Replace Tag="LOC_CIVILIZATION_ROYY_CITY_11" Language="ja_JP">
			<Text>函館</Text>
		</Replace>
		<Replace Tag="LOC_CIVILIZATION_ROYY_CITY_12" Language="ja_JP">
			<Text>帯広</Text>
		</Replace>
		<Replace Tag="LOC_CIVILIZATION_ROYY_CITY_13" Language="ja_JP">
			<Text>釧路</Text>
		</Replace>
		<Replace Tag="LOC_CIVILIZATION_ROYY_CITY_14" Language="ja_JP">
			<Text>根室</Text>
		</Replace>
		<Replace Tag="LOC_CIVILIZATION_ROYY_CITY_15" Language="ja_JP">
			<Text>留萌</Text>
		</Replace>
		<Replace Tag="LOC_CIVILIZATION_ROYY_CITY_16" Language="ja_JP">
			<Text>日高</Text>
		</Replace>
		<Replace Tag="LOC_CIVILIZATION_ROYY_CITY_17" Language="ja_JP">
			<Text>夕張</Text>
		</Replace>
		<Replace Tag="LOC_CIVILIZATION_ROYY_CITY_18" Language="ja_JP">
			<Text>苫小牧</Text>
		</Replace>
		<Replace Tag="LOC_CIVILIZATION_ROYY_CITY_19" Language="ja_JP">
			<Text>室蘭</Text>
		</Replace>
		<Replace Tag="LOC_CIVILIZATION_ROYY_CITY_20" Language="ja_JP">
			<Text>登別</Text>
		</Replace>

		<!-- Leader Quotes -->
		<Replace Tag="LOC_LEADER_YUKARI_YUDUKI_QUOTE" Language="ja_JP">
			<Text>縁環の理の中で話します</Text>
		</Replace>

		<!-- DOM Text -->
		<Replace Tag="LOC_LEADER_YUKARI_YUDUKI_DOM_TEXT" Language="ja_JP">
			<Text>ゆかりさんカワイイヤッター</Text>
		</Replace>

		<!-- Leader Dialog -->
		<Replace Tag="LOC_DIPLO_ACCEPT_DECLARE_FRIEND_FROM_HUMAN_LEADER_YUKARI_YUDUKI_ANY" Language="ja_JP">
			<Text>これからは仲良くやっていきましょう。</Text>
		</Replace>
		<Replace Tag="LOC_DIPLO_REJECT_DECLARE_FRIEND_FROM_HUMAN_LEADER_YUKARI_YUDUKI_ANY" Language="ja_JP">
			<Text>ごめんなさい、またの機会に。</Text>
		</Replace>
		<Replace Tag="LOC_DIPLO_DECLARE_FRIEND_FROM_AI_LEADER_YUKARI_YUDUKI_ANY" Language="ja_JP">
			<Text>私たちと正式な友好関係を結ぶことに同意していただけますか？</Text>
		</Replace>
		<Replace Tag="LOC_DIPLO_ACCEPT_DECLARE_FRIEND_FROM_AI_LEADER_YUKARI_YUDUKI_ANY" Language="ja_JP">
			<Text>ありがとうございます！</Text>
		</Replace>
		<Replace Tag="LOC_DIPLO_REJECT_DECLARE_FRIEND_FROM_AI_LEADER_YUKARI_YUDUKI_ANY" Language="ja_JP">
			<Text>そんな・・・それは残念です。</Text>
		</Replace>
		<Replace Tag="LOC_DIPLO_DECLARE_WAR_FROM_HUMAN_LEADER_YUKARI_YUDUKI_ANY" Language="ja_JP">
			<Text>戦争・・・ですか。いいでしょう、受けて立ちます！</Text>
		</Replace>
		<Replace Tag="LOC_DIPLO_DECLARE_WAR_FROM_AI_LEADER_YUKARI_YUDUKI_ANY" Language="ja_JP">
			<Text>もう我慢できません！力を示すのみです！！</Text>
		</Replace>
		<Replace Tag="LOC_DIPLO_DEFEAT_FROM_AI_LEADER_YUKARI_YUDUKI_ANY" Language="ja_JP">
			<Text>こんなに早く決着がついてしまうなんて・・・。</Text>
		</Replace>
		<Replace Tag="LOC_DIPLO_DEFEAT_FROM_HUMAN_LEADER_YUKARI_YUDUKI_ANY" Language="ja_JP">
			<Text>こんなに早く決着がついてしまうなんて・・・。</Text>
		</Replace>
		<Replace Tag="LOC_DIPLO_ACCEPT_DELEGATION_FROM_HUMAN_LEADER_YUKARI_YUDUKI_ANY" Language="ja_JP">
			<Text>貴国からの使節を歓迎いたします。</Text>
		</Replace>
		<Replace Tag="LOC_DIPLO_REJECT_DELEGATION_FROM_HUMAN_LEADER_YUKARI_YUDUKI_ANY" Language="ja_JP">
			<Text>申し訳ありませんが、承諾できません。</Text>
		</Replace>
		<Replace Tag="LOC_DIPLO_DELEGATION_FROM_AI_LEADER_YUKARI_YUDUKI_ANY" Language="ja_JP">
			<Text>こちらの使節を受け入れてくれるでしょうか？</Text>
		</Replace>
		<Replace Tag="LOC_DIPLO_ACCEPT_DELEGATION_FROM_AI_LEADER_YUKARI_YUDUKI_ANY" Language="ja_JP">
			<Text>これはすばらしいです。</Text>
		</Replace>
		<Replace Tag="LOC_DIPLO_REJECT_DELEGATION_FROM_AI_LEADER_YUKARI_YUDUKI_ANY" Language="ja_JP">
			<Text>それは残念です。では、またの機会に。</Text>
		</Replace>
		<Replace Tag="LOC_DIPLO_DENOUNCE_FROM_HUMAN_LEADER_YUKARI_YUDUKI_ANY" Language="ja_JP">
			<Text>そのような見え透いた嘘・・・どういうおつもりなのでしょう？</Text>
		</Replace>
		<Replace Tag="LOC_DIPLO_DENOUNCE_FROM_AI_LEADER_YUKARI_YUDUKI_ANY" Language="ja_JP">
			<Text>あなたの腹積もりが気に入りませんね。この情報が耳に入れば、お友達はどう思うでしょう？(非難)</Text>
		</Replace>
		<Replace Tag="LOC_DIPLO_ACCEPT_EMBASSY_FROM_HUMAN_LEADER_YUKARI_YUDUKI_ANY" Language="ja_JP">
			<Text>こちらが大使館の建設許可です。どうぞお受け取りください。</Text>
		</Replace>
		<Replace Tag="LOC_DIPLO_REJECT_EMBASSY_FROM_HUMAN_LEADER_YUKARI_YUDUKI_ANY" Language="ja_JP">
			<Text>またの機会に。</Text>
		</Replace>
		<Replace Tag="LOC_DIPLO_EMBASSY_FROM_AI_LEADER_YUKARI_YUDUKI_ANY" Language="ja_JP">
			<Text>私たちの国の大使館を置いてもらえるでしょうか？</Text>
		</Replace>
		<Replace Tag="LOC_DIPLO_ACCEPT_EMBASSY_FROM_AI_LEADER_YUKARI_YUDUKI_ANY" Language="ja_JP">
			<Text>今日という幸運な日に祝福を。</Text>
		</Replace>
		<Replace Tag="LOC_DIPLO_REJECT_EMBASSY_FROM_AI_LEADER_YUKARI_YUDUKI_ANY" Language="ja_JP">
			<Text>それは残念です。</Text>
		</Replace>
		<Replace Tag="LOC_DIPLO_FIRST_MEET_LEADER_YUKARI_YUDUKI_ANY" Language="ja_JP">
			<Text>こんにちは。文明のリーダーたるこの私、結月ゆかりがお迎えします。</Text>
		</Replace>
		<Replace Tag="LOC_DIPLO_FIRST_MEET_VISIT_RECIPIENT_LEADER_YUKARI_YUDUKI_ANY" Language="ja_JP">
			<Text>近くの街へご案内します。祝いの式典にぜひ参加を。</Text>
		</Replace>
		<Replace Tag="LOC_DIPLO_FIRST_MEET_NEAR_INITIATOR_POSITIVE_LEADER_YUKARI_YUDUKI_ANY" Language="ja_JP">
			<Text>よいでしょう。</Text>
		</Replace>
		<Replace Tag="LOC_DIPLO_FIRST_MEET_NO_MANS_INFO_EXCHANGE_LEADER_YUKARI_YUDUKI_ANY" Language="ja_JP">
			<Text>どちらも遠方の出ですね。互いの国を互いの地図に記し合うというのはどうでしょう？</Text>
		</Replace>
		<Replace Tag="LOC_DIPLO_GREETING_LEADER_YUKARI_YUDUKI_ANY" Language="ja_JP">
			<Text>ご希望をおうかがいします。</Text>
		</Replace>
		<Replace Tag="LOC_DIPLO_KUDO_EXIT_LEADER_YUKARI_YUDUKI_ANY" Language="ja_JP">
			<Text>国政術の機微に通じておられるのですね。何を隠そう、私も諜報をたしなんでいますよ。</Text>
		</Replace>
		<Replace Tag="LOC_DIPLO_WARNING_EXIT_LEADER_YUKARI_YUDUKI_ANY" Language="ja_JP">
			<Text>もっと周りに目を配ったほうがいいと思いますよ。世の中はそう単純ではありませんから。</Text>
		</Replace>
		<Replace Tag="LOC_DIPLO_ACCEPT_MAKE_ALLIANCE_FROM_HUMAN_LEADER_YUKARI_YUDUKI_ANY" Language="ja_JP">
			<Text>あなたの国との同盟関係に祝福がありますように。</Text>
		</Replace>
		<Replace Tag="LOC_DIPLO_REJECT_MAKE_ALLIANCE_FROM_HUMAN_LEADER_YUKARI_YUDUKI_ANY" Language="ja_JP">
			<Text>ごめんなさい、またの機会に。</Text>
		</Replace>
		<Replace Tag="LOC_DIPLO_MAKE_ALLIANCE_FROM_AI_LEADER_YUKARI_YUDUKI_ANY" Language="ja_JP">
			<Text>同盟を希望するのですか？</Text>
		</Replace>
		<Replace Tag="LOC_DIPLO_ACCEPT_MAKE_ALLIANCE_FROM_AI_LEADER_YUKARI_YUDUKI_ANY" Language="ja_JP">
			<Text>これはありがたいです。</Text>
		</Replace>
		<Replace Tag="LOC_DIPLO_REJECT_MAKE_ALLIANCE_FROM_AI_LEADER_YUKARI_YUDUKI_ANY" Language="ja_JP">
			<Text>それは残念です。</Text>
		</Replace>
		<Replace Tag="LOC_DIPLO_MAKE_DEAL_AI_ACCEPT_DEAL_LEADER_YUKARI_YUDUKI_ANY" Language="ja_JP">
			<Text>いいでしょう。喜んで取引に応じますよ。</Text>
		</Replace>
		<Replace Tag="LOC_DIPLO_MAKE_DEAL_AI_REFUSE_DEAL_LEADER_YUKARI_YUDUKI_ANY" Language="ja_JP">
			<Text>この取引には応じられません。</Text>
		</Replace>
		<Replace Tag="LOC_DIPLO_ACCEPT_MAKE_DEAL_FROM_AI_LEADER_YUKARI_YUDUKI_ANY" Language="ja_JP">
			<Text>ありがとうございます。これによってお互いに利益があると思います。</Text>
		</Replace>
		<Replace Tag="LOC_DIPLO_REJECT_MAKE_DEAL_FROM_AI_LEADER_YUKARI_YUDUKI_ANY" Language="ja_JP">
			<Text>正直なところ、失望しました・・・。</Text>
		</Replace>
		<Replace Tag="LOC_DIPLO_MAKE_DEAL_AI_ADJUST_DEAL_LEADER_YUKARI_YUDUKI_ANY" Language="ja_JP">
			<Text>私の希望にかなう取引です。</Text>
		</Replace>
		<Replace Tag="LOC_DIPLO_AI_REFUSE_DEMAND_LEADER_YUKARI_YUDUKI_ANY" Language="ja_JP">
			<Text>あなたの要求に得るところはないと思います。</Text>
		</Replace>
		<Replace Tag="LOC_DIPLO_AI_ACCEPT_DEMAND_LEADER_YUKARI_YUDUKI_ANY" Language="ja_JP">
			<Text>承諾の返事、お受け取りください。</Text>
		</Replace>
		<Replace Tag="LOC_DIPLO_HUMAN_ACCEPT_DEMAND_FROM_AI_LEADER_YUKARI_YUDUKI_ANY" Language="ja_JP">
			<Text>要求を呑むとは、賢明な判断です。</Text>
		</Replace>
		<Replace Tag="LOC_DIPLO_HUMAN_REFUSE_DEMAND_FROM_AI_LEADER_YUKARI_YUDUKI_ANY" Language="ja_JP">
			<Text>・・・要求を通すためなら、他の手段も考えます！</Text>
		</Replace>
		<Replace Tag="LOC_DIPLO_MAKE_PEACE_AI_ACCEPT_DEAL_LEADER_YUKARI_YUDUKI_ANY" Language="ja_JP">
			<Text>平和の申し出をお受けします。</Text>
		</Replace>
		<Replace Tag="LOC_DIPLO_MAKE_PEACE_AI_REFUSE_DEAL_LEADER_YUKARI_YUDUKI_ANY" Language="ja_JP">
			<Text>この状況で和平など、受け入れらません！</Text>
		</Replace>
		<Replace Tag="LOC_DIPLO_MAKE_PEACE_FROM_AI_LEADER_YUKARI_YUDUKI_ANY" Language="ja_JP">
			<Text>すみません、和平を結びたいのですが・・・</Text>
		</Replace>
		<Replace Tag="LOC_DIPLO_ACCEPT_MAKE_PEACE_FROM_AI_LEADER_YUKARI_YUDUKI_ANY" Language="ja_JP">
			<Text>よかった、これで戦争は終わりですね。</Text>
		</Replace>
		<Replace Tag="LOC_DIPLO_REJECT_MAKE_PEACE_FROM_AI_LEADER_YUKARI_YUDUKI_ANY" Language="ja_JP">
			<Text>ならば戦いつづけるのみです！</Text>
		</Replace>
		<Replace Tag="LOC_DIPLO_ACCEPT_OPEN_BORDERS_FROM_HUMAN_LEADER_YUKARI_YUDUKI_ANY" Language="ja_JP">
			<Text>こちらの国へ自由にお入りください。</Text>
		</Replace>
		<Replace Tag="LOC_DIPLO_REJECT_OPEN_BORDERS_FROM_HUMAN_LEADER_YUKARI_YUDUKI_ANY" Language="ja_JP">
			<Text>すみません、またの機会に。</Text>
		</Replace>
		<Replace Tag="LOC_DIPLO_OPEN_BORDERS_FROM_AI_LEADER_YUKARI_YUDUKI_ANY" Language="ja_JP">
			<Text>領内の通行を許可してもらえませんか？</Text>
		</Replace>
		<Replace Tag="LOC_DIPLO_ACCEPT_OPEN_BORDERS_FROM_AI_LEADER_YUKARI_YUDUKI_ANY" Language="ja_JP">
			<Text>これはすばらしいです。</Text>
		</Replace>
		<Replace Tag="LOC_DIPLO_REJECT_OPEN_BORDERS_FROM_AI_LEADER_YUKARI_YUDUKI_ANY" Language="ja_JP">
			<Text>それは残念です。</Text>
		</Replace>
		<Replace Tag="LOC_DIPLO_WARNING_DONT_SETTLE_NEAR_ME_AI_RESPONSE_POSITIVE_LEADER_YUKARI_YUDUKI_ANY" Language="ja_JP">
			<Text>ごめんなさい！そんな近くに都市があるなんて知りませんでした。</Text>
		</Replace>
		<Replace Tag="LOC_DIPLO_WARNING_DONT_SETTLE_NEAR_ME_AI_RESPONSE_NEGATIVE_LEADER_YUKARI_YUDUKI_ANY" Language="ja_JP">
			<Text>私たちも土地が必要なんです。勝手なことを言わないでください！</Text>
		</Replace>
		<Replace Tag="LOC_DIPLO_WARNING_DONT_SETTLE_NEAR_ME_AI_LEADER_YUKARI_YUDUKI_ANY" Language="ja_JP">
			<Text>私たちのすぐそばに都市を作らないでください。土地を求めるなら他の場所でお願いします。</Text>
		</Replace>
		<Replace Tag="LOC_DIPLO_WARNING_DONT_SETTLE_NEAR_ME_HUMAN_RESPONSE_POSITIVE_LEADER_YUKARI_YUDUKI_ANY" Language="ja_JP">
			<Text>了解しました。</Text>
		</Replace>
		<Replace Tag="LOC_DIPLO_WARNING_DONT_SETTLE_NEAR_ME_HUMAN_RESPONSE_NEGATIVE_LEADER_YUKARI_YUDUKI_ANY" Language="ja_JP">
			<Text>私たちに敬意を払わない国にどうして敬意を払えというのですか。</Text>
		</Replace>
		<Replace Tag="LOC_DIPLO_WARNING_TOO_MANY_TROOPS_NEAR_ME_AI_RESPONSE_POSITIVE_LEADER_YUKARI_YUDUKI_ANY" Language="ja_JP">
			<Text>すみません。蛮族を探していただけなんです。</Text>
		</Replace>
		<Replace Tag="LOC_DIPLO_WARNING_TOO_MANY_TROOPS_NEAR_ME_AI_RESPONSE_NEGATIVE_LEADER_YUKARI_YUDUKI_ANY" Language="ja_JP">
			<Text>方々に軍隊を派遣するのが好きなんです。自分の強さを誇示できるから。</Text>
		</Replace>
		<Replace Tag="LOC_DIPLO_WARNING_STOP_SPYING_ON_ME_AI_RESPONSE_POSITIVE_LEADER_YUKARI_YUDUKI_ANY" Language="ja_JP">
			<Text>あなたの言うとおりです。こんな手に訴えたことを後悔しています。もう二度と繰り返しません。</Text>
		</Replace>
		<Replace Tag="LOC_DIPLO_WARNING_STOP_SPYING_ON_ME_AI_RESPONSE_NEGATIVE_LEADER_YUKARI_YUDUKI_ANY" Language="ja_JP">
			<Text>誰がそんな約束を真に受けると思うのですか？</Text>
		</Replace>
		<Replace Tag="LOC_DIPLO_WARNING_STOP_DIGGING_UP_ARTIFACTS_AI_RESPONSE_POSITIVE_LEADER_YUKARI_YUDUKI_ANY" Language="ja_JP">
			<Text>この土地があなたの国のものだとは知りませんでした。単純な手違いです。</Text>
		</Replace>
		<Replace Tag="LOC_DIPLO_WARNING_STOP_DIGGING_UP_ARTIFACTS_AI_RESPONSE_NEGATIVE_LEADER_YUKARI_YUDUKI_ANY" Language="ja_JP">
			<Text>歴史の謎は万人に開示されるべきです。独占は許されません。</Text>
		</Replace>
		<Replace Tag="LOC_DIPLO_WARNING_STOP_CONVERTING_MY_CITIES_AI_RESPONSE_POSITIVE_LEADER_YUKARI_YUDUKI_ANY" Language="ja_JP">
			<Text>そちらの希望は尊重します。でも、あなたは間違っています。いつかわかってくれるといいのですが。</Text>
		</Replace>
		<Replace Tag="LOC_DIPLO_WARNING_STOP_CONVERTING_MY_CITIES_AI_RESPONSE_NEGATIVE_LEADER_YUKARI_YUDUKI_ANY" Language="ja_JP">
			<Text>心配はいりません。これが一番なんです。いずれわかるときが来ます。</Text>
		</Replace>
		<Replace Tag="LOC_DIPLO_WARNING_TOO_MANY_TROOPS_NEAR_ME_LEADER_YUKARI_YUDUKI_ANY" Language="ja_JP">
			<Text>国境のすぐそばに兵を動かしましたね？私たちの国の美しい田園風景を楽しんでいるだけだといいのですけど・・・</Text>
		</Replace>
		<Replace Tag="LOC_DIPLO_WARNING_TOO_MANY_TROOPS_NEAR_ME_HUMAN_RESPONSE_POSITIVE_LEADER_YUKARI_YUDUKI_ANY" Language="ja_JP">
			<Text>了解しました。</Text>
		</Replace>
		<Replace Tag="LOC_DIPLO_WARNING_STOP_SPYING_ON_ME_LEADER_YUKARI_YUDUKI_ANY" Language="ja_JP">
			<Text>なんてことをするんですか！私たちの国に送ったスパイを今すぐ引き上げてください！</Text>
		</Replace>
		<Replace Tag="LOC_DIPLO_WARNING_STOP_SPYING_ON_ME_HUMAN_RESPONSE_POSITIVE_LEADER_YUKARI_YUDUKI_ANY" Language="ja_JP">
			<Text>了解しました。</Text>
		</Replace>
		<Replace Tag="LOC_DIPLO_WARNING_STOP_SPYING_ON_ME_HUMAN_RESPONSE_NEGATIVE_LEADER_YUKARI_YUDUKI_ANY" Language="ja_JP">
			<Text>この侮辱、絶対に忘れません。よく憶えておいてください！</Text>
		</Replace>
		<Replace Tag="LOC_DIPLO_WARNING_STOP_DIGGING_UP_ARTIFACTS_LEADER_YUKARI_YUDUKI_ANY" Language="ja_JP">
			<Text>私たちの国の文化や歴史を盗まないでください！いますぐ出て行ってもらいます！！</Text>
		</Replace>
		<Replace Tag="LOC_DIPLO_WARNING_STOP_DIGGING_UP_ARTIFACTS_HUMAN_RESPONSE_POSITIVE_LEADER_YUKARI_YUDUKI_ANY" Language="ja_JP">
			<Text>了解しました。</Text>
		</Replace>
		<Replace Tag="LOC_DIPLO_WARNING_STOP_DIGGING_UP_ARTIFACTS_HUMAN_RESPONSE_NEGATIVE_LEADER_YUKARI_YUDUKI_ANY" Language="ja_JP">
			<Text>私たちの国を尊重してもらえないなら、あなたの国を尊重することもできません。</Text>
		</Replace>
		<Replace Tag="LOC_DIPLO_WARNING_STOP_CONVERTING_MY_CITIES_LEADER_YUKARI_YUDUKI_ANY" Language="ja_JP">
			<Text>そちらの宗教家はやり方が強引で評判が悪いようです。いますぐ立ち退いていただけませんか？</Text>
		</Replace>
		<Replace Tag="LOC_DIPLO_WARNING_STOP_CONVERTING_MY_CITIES_HUMAN_RESPONSE_POSITIVE_LEADER_YUKARI_YUDUKI_ANY" Language="ja_JP">
			<Text>了解しました。</Text>
		</Replace>
		<Replace Tag="LOC_DIPLO_WARNING_STOP_CONVERTING_MY_CITIES_HUMAN_RESPONSE_NEGATIVE_LEADER_YUKARI_YUDUKI_ANY" Language="ja_JP">
			<Text>・・・覚悟しておいてください。いずれ必ず報いがありますよ。</Text>
		</Replace>
		<!-- Generic kudos for random agendas -->
		<Replace Tag="LOC_DIPLO_KUDO_LEADER_YUKARI_YUDUKI_REASON_AGENDA_HIGH_CULTURE" Language="ja_JP">
			<Text>あなたの民が作り出している他に類を見ない文化には感銘を受けました。</Text>
		</Replace>
		<Replace Tag="LOC_DIPLO_KUDO_LEADER_YUKARI_YUDUKI_REASON_AGENDA_HIGH_HAPPINESS" Language="ja_JP">
			<Text>あなたの民はあなたの統治を祝福していると聞ききました。民の幸福を維持するのは素晴らしいことです。</Text>
		</Replace>
		<Replace Tag="LOC_DIPLO_KUDO_LEADER_YUKARI_YUDUKI_REASON_AGENDA_HIGH_INCOME" Language="ja_JP">
			<Text>あなたの国は実に豊かな富に恵まれているようですね。金はいくらあっても困るものではない、ということでしょうか？</Text>
		</Replace>
		<Replace Tag="LOC_DIPLO_KUDO_LEADER_YUKARI_YUDUKI_REASON_AGENDA_HIGH_INDUSTRY" Language="ja_JP">
			<Text>あなたの国の人たちの生産力には感心するばかりです。</Text>
		</Replace>
		<Replace Tag="LOC_DIPLO_KUDO_LEADER_YUKARI_YUDUKI_REASON_AGENDA_MODIFIER_NOT_COMPETING_MINORS" Language="ja_JP">
			<Text>都市国家のような小国にとって、私たちの国ほどふさわしい友人はいないと考えているんです。あなたの国にもそれを理解してもらえているようで、ホッとしています。</Text>
		</Replace>
		<Replace Tag="LOC_DIPLO_KUDO_LEADER_YUKARI_YUDUKI_REASON_AGENDA_HIGH_POPULATION" Language="ja_JP">
			<Text>あなたが抱える人口の多さは賞賛に値します。</Text>
		</Replace>
		<Replace Tag="LOC_DIPLO_KUDO_LEADER_YUKARI_YUDUKI_REASON_AGENDA_HIGH_SCIENCE" Language="ja_JP">
			<Text>あなたの文明の科学研究に対する入れ込みようは大したものです。</Text>
		</Replace>
		<Replace Tag="LOC_DIPLO_KUDO_LEADER_YUKARI_YUDUKI_REASON_AGENDA_HIGH_STANDING_ARMY" Language="ja_JP">
			<Text>私は強力な軍隊を持つ指導者が好みです。</Text>
		</Replace>
		<Replace Tag="LOC_DIPLO_KUDO_LEADER_YUKARI_YUDUKI_REASON_AGENDA_ENJOYS_WAR" Language="ja_JP">
			<Text>文明の真価が発揮されるのは戦いにおいてです。どこが最強の文明か、はっきりさせようではありませんか。</Text>
		</Replace>
		<Replace Tag="LOC_DIPLO_KUDO_LEADER_YUKARI_YUDUKI_REASON_AGENDA_MODIFIER_GREAT_PERSON_ADVOCATE_LAG" Language="ja_JP">
			<Text>嬉しいことに、世の偉大な人物たちは、貴国よりも我が国のほうを高く評価してくれているようです。</Text>
		</Replace>
		<Replace Tag="LOC_DIPLO_KUDO_LEADER_YUKARI_YUDUKI_REASON_AGENDA_MODIFIER_WONDER_ADVOCATE_LAG" Language="ja_JP">
			<Text>遺産の建設は私たちに任せてもらえるとは、貴国の賢明な判断に感謝します。</Text>
		</Replace>
		<Replace Tag="LOC_DIPLO_KUDO_LEADER_YUKARI_YUDUKI_REASON_AGENDA_HIGH_PROTECT_CITY_STATES" Language="ja_JP">
			<Text>都市国家の権利を守ろうとするあなたの姿勢は、全世界がならうべき手本となるでしょう。</Text>
		</Replace>
		<Replace Tag="LOC_DIPLO_KUDO_LEADER_YUKARI_YUDUKI_REASON_AGENDA_MED_PROTECT_CITY_STATES" Language="ja_JP">
			<Text>強きは弱きを守るべきです。賛同してくれて嬉しく思います。</Text>
		</Replace>
		<!--Kudos for future random agendas (not yet implemented)-->
		<Replace Tag="LOC_DIPLO_KUDO_LEADER_YUKARI_YUDUKI_REASON_AGENDA_HIGH_AIRPOWER" Language="ja_JP">
			<Text>あなたの空軍の力はまったくもってあなどれません。大したものですね・・・。</Text>
		</Replace>
		<Replace Tag="LOC_DIPLO_KUDO_LEADER_YUKARI_YUDUKI_REASON_AGENDA_PROTECTS_CITY_STATES" Language="ja_JP">
			<Text>自らの面倒を見れない者を助けるのは、高貴なおこないです。</Text>
		</Replace>
		<Replace Tag="LOC_DIPLO_KUDO_LEADER_YUKARI_YUDUKI_REASON_AGENDA_CLEARS_BARBARIAN_CAMPS" Language="ja_JP">
			<Text>あの蛮族だちには私たちも大いに悩まされていました。手助けに感謝します。</Text>
		</Replace>
		<Replace Tag="LOC_DIPLO_KUDO_LEADER_YUKARI_YUDUKI_REASON_AGENDA_ENVIRONMENT" Language="ja_JP">
			<Text>このかけがえのない大地の貴さを知る人々が私たちのほかにもいるとは嬉しい話です。</Text>
		</Replace>
		<Replace Tag="LOC_DIPLO_KUDO_LEADER_YUKARI_YUDUKI_REASON_AGENDA_EXPLOITATION" Language="ja_JP">
			<Text>世界は人が活用するためにある。「求めよ、さらば与えられん！」これは私の好きな言葉です。</Text>
		</Replace>
		<Replace Tag="LOC_DIPLO_KUDO_LEADER_YUKARI_YUDUKI_REASON_AGENDA_SAME_GOVERNMENT" Language="ja_JP">
			<Text>私たちは志を同じくする仲間のようですね。そちらの政治体制を尊重いたします。</Text>
		</Replace>
		<Replace Tag="LOC_DIPLO_KUDO_LEADER_YUKARI_YUDUKI_REASON_AGENDA_HIGH_NUKE_LOVE" Language="ja_JP">
			<Text>偉大な指導者は同じことを考えるようですね。あの技術には多くの使い道がありますから。</Text>
		</Replace>
		<Replace Tag="LOC_DIPLO_KUDO_LEADER_YUKARI_YUDUKI_REASON_AGENDA_HIGH_FAITH" Language="ja_JP">
			<Text>あなたとあなたの民に平穏がもたらされんことを。自分と同じように信心深い者と出会えるのは喜ばしいことです。</Text>
		</Replace>
		<Replace Tag="LOC_DIPLO_KUDO_LEADER_YUKARI_YUDUKI_REASON_AGENDA_LOW_EXPLORATION" Language="ja_JP">
			<Text>たいへん結構。探検はこちらに任せてください。</Text>
		</Replace>
		<Replace Tag="LOC_DIPLO_KUDO_LEADER_YUKARI_YUDUKI_REASON_AGENDA_PARANOID" Language="ja_JP">
			<Text>あなたが我々に脅威を与えないと知り、安心しました。</Text>
		</Replace>
		<!-- Generic warnings for random agendas -->
		<Replace Tag="LOC_DIPLO_WARNING_LEADER_YUKARI_YUDUKI_REASON_AGENDA_LOW_CULTURE" Language="ja_JP">
			<Text>あなたの国は偉大な文化を生みだそうという熱意に欠けているのではないですか？これではどうやってあなたの国の人々のことを記憶に留めればよいのでしょう？</Text>
		</Replace>
		<Replace Tag="LOC_DIPLO_WARNING_LEADER_YUKARI_YUDUKI_REASON_AGENDA_LOW_HAPPINESS" Language="ja_JP">
			<Text>市民たちのためにもう少し快適性を増やそうとは思わないのですか？みなさんがあなたのの統治に満足しているとは思えないのですが・・・。</Text>
		</Replace>
		<Replace Tag="LOC_DIPLO_WARNING_LEADER_YUKARI_YUDUKI_REASON_AGENDA_LOW_INCOME" Language="ja_JP">
			<Text>今にも破産しそうではないですか・・・。借金にまみれて暮らしていくつもりなのですか？</Text>
		</Replace>
		<Replace Tag="LOC_DIPLO_WARNING_LEADER_YUKARI_YUDUKI_REASON_AGENDA_MODIFIER_COMPETING_MINORS" Language="ja_JP">
			<Text>あなたの国は都市国家との関係が浅くないようですね。できればそうした振る舞いは控えて欲しいのです。私たちの国こそが、ああした国々との友好を深めるにふさわしいと思うのです。</Text>
		</Replace>
		<Replace Tag="LOC_DIPLO_WARNING_LEADER_YUKARI_YUDUKI_REASON_AGENDA_LOW_INDUSTRY" Language="ja_JP">
			<Text>あなたの国はずいぶんと怠け者が多いようですね。なにも生みだせない文明はそのうち人々の記憶から消えてしまいますよ。</Text>
		</Replace>
		<Replace Tag="LOC_DIPLO_WARNING_LEADER_YUKARI_YUDUKI_REASON_AGENDA_LOW_POPULATION" Language="ja_JP">
			<Text>あなたの国は極端な人口不足に陥っています。それではほとんどなにもすることができないでしょう。</Text>
		</Replace>
		<Replace Tag="LOC_DIPLO_WARNING_LEADER_YUKARI_YUDUKI_REASON_AGENDA_LOW_SCIENCE" Language="ja_JP">
			<Text>あなたの国は技術研究に熱心ではないみたいですね。それでどうやって人々の暮らしを豊かにできるのですか？</Text>
		</Replace>
		<Replace Tag="LOC_DIPLO_WARNING_LEADER_YUKARI_YUDUKI_REASON_AGENDA_LOW_STANDING_ARMY" Language="ja_JP">
			<Text>そんなにささやかな軍隊しか持たずに、不安を感じることはないんですか？</Text>
		</Replace>
		<Replace Tag="LOC_DIPLO_WARNING_LEADER_YUKARI_YUDUKI_REASON_AGENDA_PARANOID" Language="ja_JP">
			<Text>あなたの国の都市は我が国にあまりに近く、あまりに強いです。これではこちらも心穏やかではいられなくなると思いませんか？</Text>
		</Replace>
		<Replace Tag="LOC_DIPLO_WARNING_LEADER_YUKARI_YUDUKI_REASON_AGENDA_MODIFIER_GREAT_PERSON_ADVOCATE_LEAD" Language="ja_JP">
			<Text>多くの偉人を集めているようですね。あまり余計なことはしないでもらいたいです。偉人は私たちの文明にこそふさわしいと思っています。</Text>
		</Replace>
		<Replace Tag="LOC_DIPLO_WARNING_LEADER_YUKARI_YUDUKI_REASON_AGENDA_MODIFIER_WONDER_ADVOCATE_LEAD" Language="ja_JP">
			<Text>遺産の建設にかけては私たちの右に出る者はいないということをご存じないのですか？</Text>
		</Replace>
		<Replace Tag="LOC_DIPLO_WARNING_LEADER_YUKARI_YUDUKI_REASON_AGENDA_HIGH_ATTACK_CITY_STATES" Language="ja_JP">
			<Text>弱い国を襲うなんて臆病者のすることです。私たちの国にとってあなたの国は何の価値もありません。</Text>
		</Replace>
		<Replace Tag="LOC_DIPLO_WARNING_LEADER_YUKARI_YUDUKI_REASON_AGENDA_MED_ATACK_CITY_STATES" Language="ja_JP">
			<Text>これは警告だと思ってほしいです。今後は二度と弱い国を襲わないことです。</Text>
		</Replace>
		<!-- Generic warnings for random agendas -->
		<Replace Tag="LOC_DIPLO_WARNING_LEADER_YUKARI_YUDUKI_REASON_AGENDA_LOW_AIRPOWER" Language="ja_JP">
			<Text>地面を這い回るだけでは栄光をつかむことはできません。航空戦力の整備を急ぐことをおすすめします。</Text>
		</Replace>
		<Replace Tag="LOC_DIPLO_WARNING_LEADER_YUKARI_YUDUKI_REASON_AGENDA_ATTACKS_CITY_STATES" Language="ja_JP">
			<Text>弱者をいたぶるのは恥ずべきことです。</Text>
		</Replace>
		<Replace Tag="LOC_DIPLO_WARNING_LEADER_YUKARI_YUDUKI_REASON_AGENDA_IGNORES_BARBARIAN_CAMPS" Language="ja_JP">
			<Text>自分の首都の近くであのように蛮族たちをのさばらせておいてよいのですか？</Text>
		</Replace>
		<Replace Tag="LOC_DIPLO_WARNING_LEADER_YUKARI_YUDUKI_REASON_AGENDA_ENVIRONMENT" Language="ja_JP">
			<Text>これだけは言っておきたいです。いたずらに自然を傷つければ、あなたの国だけでなく誰もが報いを受けることになるんです。</Text>
		</Replace>
		<Replace Tag="LOC_DIPLO_WARNING_LEADER_YUKARI_YUDUKI_REASON_AGENDA_EXPLOITATION" Language="ja_JP">
			<Text>周囲に広がる肥沃な土地に、なぜ手をつけようとしないのですか？</Text>
		</Replace>
		<Replace Tag="LOC_DIPLO_WARNING_LEADER_YUKARI_YUDUKI_REASON_AGENDA_DIFFERENT_GOVERNMENT" Language="ja_JP">
			<Text>思想の違いもそうですけど、あなたの民を統治するやり方は私にとって許容できるものではないです。</Text>
		</Replace>
		<Replace Tag="LOC_DIPLO_WARNING_LEADER_YUKARI_YUDUKI_REASON_AGENDA_LOW_NUKE_LOVE" Language="ja_JP">
			<Text>核兵器こそが未来を切り開くんです！なぜそれがわからないのですか？</Text>
		</Replace>
		<Replace Tag="LOC_DIPLO_WARNING_LEADER_YUKARI_YUDUKI_REASON_AGENDA_LOW_FAITH" Language="ja_JP">
			<Text>あなたは何を道標に歩んでいくのですか？まさか信心を持たないということはないでしょう。人々に信仰の光を見せるのも統治者の務めですよ。</Text>
		</Replace>
		<Replace Tag="LOC_DIPLO_WARNING_LEADER_YUKARI_YUDUKI_REASON_AGENDA_HIGH_EXPLORATION" Language="ja_JP">
			<Text>発見とは、早い者勝ちの競争です。あなたの国は私たちの国をさしおいて探検隊を派遣したではないですか。そんな国に従うわけにはいきません。</Text>
		</Replace>
	</LocalizedText>
</GameData>
