<?xml version="1.0" encoding="utf-8"?>
<GameData>
	<!-- 文明特性：洪水の影響を受けない -->
	<!-- 説明文の書き換え -->
	<Traits>
		<Update>
			<Set Description="LOC_TRAIT_CIVILIZATION_DPRT_EXPANSION2_DESCRIPTION"/>
			<Where TraitType="TRAIT_CIVILIZATION_DPRT"/>
		</Update>
	</Traits>
	<!-- 効果 -->
	<TraitModifiers>
		<Row>
			<TraitType>TRAIT_CIVILIZATION_DPRT</TraitType>
			<ModifierId>TRAIT_AVOID_MODERATE_FLOOD</ModifierId>
		</Row>
		<Row>
			<TraitType>TRAIT_CIVILIZATION_DPRT</TraitType>
			<ModifierId>TRAIT_AVOID_MAJOR_FLOOD</ModifierId>
		</Row>
		<Row>
			<TraitType>TRAIT_CIVILIZATION_DPRT</TraitType>
			<ModifierId>TRAIT_AVOID_THOUSAND_FLOOD</ModifierId>
		</Row>
	</TraitModifiers>
	<!-- ユニット -->
	<Units_XP2>
		<Row UnitType="UNIT_FIGHTING_MONK" ResourceCost="10"/>
	</Units_XP2>
</GameData>
