<?xml version="1.0" encoding="utf-8"?>
<Database>
	<PlayerColors>
		<Row>
			<Type>LEADER_ITAKO_TOHOKU</Type>
			<Usage>Unique</Usage>
			<PrimaryColor>COLOR_PLAYER_ITAKO_TOHOKU_PRIMARY</PrimaryColor>
			<SecondaryColor>COLOR_PLAYER_ITAKO_TOHOKU_SECONDARY</SecondaryColor>
			<Alt1PrimaryColor>COLOR_STANDARD_MAGENTA_MD</Alt1PrimaryColor>
			<Alt1SecondaryColor>COLOR_STANDARD_GREEN_LT</Alt1SecondaryColor>
			<Alt2PrimaryColor>COLOR_STANDARD_PURPLE_MD</Alt2PrimaryColor>
			<Alt2SecondaryColor>COLOR_STANDARD_ORANGE_LT</Alt2SecondaryColor>
			<Alt3PrimaryColor>COLOR_STANDARD_YELLOW_MD</Alt3PrimaryColor>
			<Alt3SecondaryColor>COLOR_STANDARD_RED_LT</Alt3SecondaryColor>
		</Row>
		<Row>
			<Type>LEADER_ZUNKO_TOHOKU</Type>
			<Usage>Unique</Usage>
			<PrimaryColor>COLOR_PLAYER_ZUNKO_TOHOKU_PRIMARY</PrimaryColor>
			<SecondaryColor>COLOR_PLAYER_ZUNKO_TOHOKU_SECONDARY</SecondaryColor>
			<Alt1PrimaryColor>COLOR_STANDARD_MAGENTA_MD</Alt1PrimaryColor>
			<Alt1SecondaryColor>COLOR_STANDARD_GREEN_DK</Alt1SecondaryColor>
			<Alt2PrimaryColor>COLOR_STANDARD_PURPLE_MD</Alt2PrimaryColor>
			<Alt2SecondaryColor>COLOR_STANDARD_ORANGE_DK</Alt2SecondaryColor>
			<Alt3PrimaryColor>COLOR_STANDARD_YELLOW_MD</Alt3PrimaryColor>
			<Alt3SecondaryColor>COLOR_STANDARD_RED_DK</Alt3SecondaryColor>
		</Row>
		<Row>
			<Type>LEADER_KIRITAN_TOHOKU</Type>
			<Usage>Unique</Usage>
			<PrimaryColor>COLOR_PLAYER_KIRITAN_TOHOKU_PRIMARY</PrimaryColor>
			<SecondaryColor>COLOR_PLAYER_KIRITAN_TOHOKU_SECONDARY</SecondaryColor>
			<Alt1PrimaryColor>COLOR_STANDARD_MAGENTA_DK</Alt1PrimaryColor>
			<Alt1SecondaryColor>COLOR_STANDARD_GREEN_LT</Alt1SecondaryColor>
			<Alt2PrimaryColor>COLOR_STANDARD_PURPLE_DK</Alt2PrimaryColor>
			<Alt2SecondaryColor>COLOR_STANDARD_ORANGE_LT</Alt2SecondaryColor>
			<Alt3PrimaryColor>COLOR_STANDARD_YELLOW_DK</Alt3PrimaryColor>
			<Alt3SecondaryColor>COLOR_STANDARD_RED_LT</Alt3SecondaryColor>
		</Row>
	</PlayerColors>
</Database>
