<?xml version="1.0" encoding="utf-8"?>
<GameData>
	<!-- 親定義 -->
	<Types>
		<!-- イタコ -->
		<Row Type="LEADER_ITAKO_TOHOKU"                  Kind="KIND_LEADER"/> <!-- 指導者 -->
		<Row Type="TRAIT_LEADER_ITAKO_TOHOKU"            Kind="KIND_TRAIT"/>  <!-- 指導者特性 -->
		<Row Type="TRAIT_LEADER_UNIT_YAMABUSHI"          Kind="KIND_TRAIT"/>  <!-- UU -->
		<Row Type="TRAIT_LEADER_UNIT_FIGHTING_MONK"      Kind="KIND_TRAIT"/>  <!-- UU -->
		<!-- ずん子 -->
		<Row Type="LEADER_ZUNKO_TOHOKU"                  Kind="KIND_LEADER"/> <!-- 指導者 -->
		<Row Type="TRAIT_LEADER_ZUNKO_TOHOKU"            Kind="KIND_TRAIT"/>  <!-- 指導者特性 -->
		<Row Type="TRAIT_LEADER_BUILDING_ZUNDA_CAFE"     Kind="KIND_TRAIT"/>  <!-- UB -->
		<Row Type="TRAIT_LEADER_UNIT_ZUNDA_HORSE_ARCHER" Kind="KIND_TRAIT"/>  <!-- UU -->
		<Row Type="ABILITY_YNL_ZUNKO_CAPTURE_WORKER"     Kind="KIND_ABILITY"/><!-- アビリティ -->
		<!-- きりたん -->
		<Row Type="LEADER_KIRITAN_TOHOKU"                 Kind="KIND_LEADER"/><!-- 指導者 -->
		<Row Type="TRAIT_LEADER_KIRITAN_TOHOKU"           Kind="KIND_TRAIT"/> <!-- 指導者特性 -->
		<Row Type="TRAIT_LEADER_DISTRICT_NAMAHAGE_MUSEUM" Kind="KIND_TRAIT"/> <!-- UD -->
		<Row Type="TRAIT_LEADER_DISTRICT_INDUSTRIAL_PARK" Kind="KIND_TRAIT"/> <!-- UD -->
	</Types>
	<!-- タグ -->
	<Tags>
		<Row Tag="CLASS_CAPTURE_WORKER_ZUNKO" Vocabulary="ABILITY_CLASS"/>
	</Tags>
	<!-- 特性とタグ(クラス)の紐付け -->
	<TypeTags>
		<Row Type="UNIT_SLINGER"                     Tag="CLASS_CAPTURE_WORKER_ZUNKO"/>
		<Row Type="UNIT_ARCHER"                      Tag="CLASS_CAPTURE_WORKER_ZUNKO"/>
		<Row Type="UNIT_CROSSBOWMAN"                 Tag="CLASS_CAPTURE_WORKER_ZUNKO"/>
		<Row Type="UNIT_FIELD_CANNON"                Tag="CLASS_CAPTURE_WORKER_ZUNKO"/>
		<Row Type="UNIT_MACHINE_GUN"                 Tag="CLASS_CAPTURE_WORKER_ZUNKO"/>
		<Row Type="UNIT_ZUNKO_HORSE_ARCHER"          Tag="CLASS_CAPTURE_WORKER_ZUNKO"/>
		<Row Type="ABILITY_YNL_ZUNKO_CAPTURE_WORKER" Tag="CLASS_CAPTURE_WORKER_ZUNKO"/>
	</TypeTags>
	<!-- 指導者の氏名と説明 -->
	<!-- InhertForm : 名前から察するにベースとなる指導者。バニラでは全部LEADER_DEFAULTになっている。 -->
	<Leaders>
		<Row>
			<LeaderType>LEADER_ITAKO_TOHOKU</LeaderType>
			<Name>LOC_LEADER_ITAKO_TOHOKU_NAME</Name>
			<Sex>Female</Sex>
			<InheritFrom>LEADER_DEFAULT</InheritFrom>
		</Row>
		<Row>
			<LeaderType>LEADER_ZUNKO_TOHOKU</LeaderType>
			<Name>LOC_LEADER_ZUNKO_TOHOKU_NAME</Name>
			<Sex>Female</Sex>
			<InheritFrom>LEADER_DEFAULT</InheritFrom>
		</Row>
		<Row>
			<LeaderType>LEADER_KIRITAN_TOHOKU</LeaderType>
			<Name>LOC_LEADER_KIRITAN_TOHOKU_NAME</Name>
			<Sex>Female</Sex>
			<InheritFrom>LEADER_DEFAULT</InheritFrom>
		</Row>
	</Leaders>
	<!-- Civilopedia用のセリフ -->
	<LeaderQuotes>
		<Row LeaderType="LEADER_ITAKO_TOHOKU"   Quote="LOC_LEADER_ITAKO_TOHOKU_QUOTE"/>
		<Row LeaderType="LEADER_ZUNKO_TOHOKU"   Quote="LOC_LEADER_ZUNKO_TOHOKU_QUOTE"/>
		<Row LeaderType="LEADER_KIRITAN_TOHOKU" Quote="LOC_LEADER_KIRITAN_TOHOKU_QUOTE"/>
	</LeaderQuotes>
	<LeaderTraits>
		<Row LeaderType="LEADER_ITAKO_TOHOKU" TraitType="TRAIT_LEADER_ITAKO_TOHOKU"/>
		<Row LeaderType="LEADER_ITAKO_TOHOKU" TraitType="TRAIT_LEADER_UNIT_YAMABUSHI"/>
		<Row LeaderType="LEADER_ITAKO_TOHOKU" TraitType="TRAIT_LEADER_UNIT_FIGHTING_MONK"/>
		<Row LeaderType="LEADER_ITAKO_TOHOKU" TraitType="TRAIT_LEADER_RELIGIOUS_MAJOR_CIV"/>
		
		<Row LeaderType="LEADER_ZUNKO_TOHOKU" TraitType="TRAIT_LEADER_ZUNKO_TOHOKU"/>
		<Row LeaderType="LEADER_ZUNKO_TOHOKU" TraitType="TRAIT_LEADER_BUILDING_ZUNDA_CAFE"/>
		<Row LeaderType="LEADER_ZUNKO_TOHOKU" TraitType="TRAIT_LEADER_UNIT_ZUNDA_HORSE_ARCHER"/>
		<Row LeaderType="LEADER_ZUNKO_TOHOKU" TraitType="TRAIT_LEADER_RELIGIOUS_MAJOR_CIV"/>

		<Row LeaderType="LEADER_KIRITAN_TOHOKU" TraitType="TRAIT_LEADER_KIRITAN_TOHOKU"/>
		<Row LeaderType="LEADER_KIRITAN_TOHOKU" TraitType="TRAIT_LEADER_DISTRICT_NAMAHAGE_MUSEUM"/>
		<Row LeaderType="LEADER_KIRITAN_TOHOKU" TraitType="TRAIT_LEADER_DISTRICT_INDUSTRIAL_PARK"/>
		<Row LeaderType="LEADER_KIRITAN_TOHOKU" TraitType="TRAIT_LEADER_RELIGIOUS_MAJOR_CIV"/>
	</LeaderTraits>
	<!-- 特性 -->
	<Traits>
		<!-- イタコ(指導者特性、UU、UU) -->
		<Row TraitType="TRAIT_LEADER_ITAKO_TOHOKU"       Name="LOC_TRAIT_LEADER_ITAKO_TOHOKU_NAME" Description="LOC_TRAIT_LEADER_ITAKO_TOHOKU_DESCRIPTION"/>
		<Row TraitType="TRAIT_LEADER_UNIT_YAMABUSHI"     Name="LOC_TRAIT_LEADER_UNIT_YAMABUSHI_NAME"/>
		<Row TraitType="TRAIT_LEADER_UNIT_FIGHTING_MONK" Name="LOC_TRAIT_LEADER_UNIT_FIGHTING_MONK_NAME"/>
		<!-- ずん子(指導者特性、UB、UU) -->
		<Row TraitType="TRAIT_LEADER_ZUNKO_TOHOKU"            Name="LOC_TRAIT_LEADER_ZUNKO_TOHOKU_NAME" Description="LOC_TRAIT_LEADER_ZUNKO_TOHOKU_DESCRIPTION"/>
		<Row TraitType="TRAIT_LEADER_BUILDING_ZUNDA_CAFE"     Name="LOC_TRAIT_LEADER_BUILDING_ZUNDA_CAFE_NAME"/>
		<Row TraitType="TRAIT_LEADER_UNIT_ZUNDA_HORSE_ARCHER" Name="LOC_TRAIT_LEADER_UNIT_ZUNDA_HORSE_ARCHER_NAME"/>
		<!-- きりたん(指導者特性、UD、UD) -->
		<Row TraitType="TRAIT_LEADER_KIRITAN_TOHOKU"           Name="LOC_TRAIT_LEADER_KIRITAN_TOHOKU_NAME" Description="LOC_TRAIT_LEADER_KIRITAN_TOHOKU_DESCRIPTION"/>
		<Row TraitType="TRAIT_LEADER_DISTRICT_NAMAHAGE_MUSEUM" Name="LOC_TRAIT_LEADER_DISTRICT_NAMAHAGE_MUSEUM_NAME"/>
		<Row TraitType="TRAIT_LEADER_DISTRICT_INDUSTRIAL_PARK" Name="LOC_TRAIT_LEADER_DISTRICT_INDUSTRIAL_PARK_NAME"/>
	</Traits>
	<!-- 特性と指導者の紐付け -->
	<TraitModifiers>
		<!-- イタコ -->
		<Row TraitType="TRAIT_LEADER_ITAKO_TOHOKU" ModifierId="TRAIT_YNL_ITAKO_INCREASED_GRASS_HILLS_FAITH"/> <!-- 草原丘陵から信仰力ボーナス -->
		<Row TraitType="TRAIT_LEADER_ITAKO_TOHOKU" ModifierId="TRAIT_YNL_ITAKO_INCREASED_PLAINS_HILLS_FAITH"/><!-- 平原丘陵から信仰力ボーナス -->
		<Row TraitType="TRAIT_LEADER_ITAKO_TOHOKU" ModifierId="TRAIT_YNL_ITAKO_INCREASED_DESERT_HILLS_FAITH"/><!-- 砂漠丘陵から信仰力ボーナス -->
		<Row TraitType="TRAIT_LEADER_ITAKO_TOHOKU" ModifierId="TRAIT_YNL_ITAKO_INCREASED_TUNDRA_HILLS_FAITH"/><!-- ツンドラ丘陵から信仰力ボーナス -->
		<Row TraitType="TRAIT_LEADER_ITAKO_TOHOKU" ModifierId="TRAIT_YNL_ITAKO_INCREASED_SNOW_HILLS_FAITH"/>  <!-- 雪原丘陵から信仰力ボーナス -->
		<Row TraitType="TRAIT_LEADER_ITAKO_TOHOKU" ModifierId="TRAIT_YNL_ITAKO_INCREASED_GRASS_HILLS_FOOD"/>  <!-- 草原丘陵から食糧ボーナス -->
		<Row TraitType="TRAIT_LEADER_ITAKO_TOHOKU" ModifierId="TRAIT_YNL_ITAKO_INCREASED_PLAINS_HILLS_FOOD"/> <!-- 平原丘陵から食糧ボーナス -->
		<Row TraitType="TRAIT_LEADER_ITAKO_TOHOKU" ModifierId="TRAIT_YNL_ITAKO_INCREASED_DESERT_HILLS_FOOD"/> <!-- 砂漠丘陵から食糧ボーナス -->
		<Row TraitType="TRAIT_LEADER_ITAKO_TOHOKU" ModifierId="TRAIT_YNL_ITAKO_INCREASED_TUNDRA_HILLS_FOOD"/> <!-- ツンドラ丘陵から食糧ボーナス -->
		<Row TraitType="TRAIT_LEADER_ITAKO_TOHOKU" ModifierId="TRAIT_YNL_ITAKO_INCREASED_SNOW_HILLS_FOOD"/>   <!-- 雪原丘陵から食糧ボーナス -->
		<Row TraitType="TRAIT_LEADER_ITAKO_TOHOKU" ModifierId="TRAIT_GUARANTEE_ONE_PROPHET"/>				  <!-- 最後の預言者取得 (アラビアで使われているものをそのまま使用) -->
		
		<!-- ずん子 -->
		<Row TraitType="TRAIT_LEADER_ZUNKO_TOHOKU" ModifierId="TRAIT_YNL_ZUNKO_CAPTURE_WORKER"/>                <!-- 陸上遠距離ユニットで敵文明のユニットを倒すと一定確率で労働者捕獲 -->
		<Row TraitType="TRAIT_LEADER_ZUNKO_TOHOKU" ModifierId="TRAIT_ANCIENT_RANGED_UNIT_PRODUCTION_ZUNKO"/>    <!-- 陸上遠距離ユニット生産ボーナス：古代 -->
		<Row TraitType="TRAIT_LEADER_ZUNKO_TOHOKU" ModifierId="TRAIT_CLASSICAL_RANGED_UNIT_PRODUCTION_ZUNKO"/>  <!-- 陸上遠距離ユニット生産ボーナス：古典 -->
		<Row TraitType="TRAIT_LEADER_ZUNKO_TOHOKU" ModifierId="TRAIT_MEDIEVAL_RANGED_UNIT_PRODUCTION_ZUNKO"/>   <!-- 陸上遠距離ユニット生産ボーナス：中世 -->
		<Row TraitType="TRAIT_LEADER_ZUNKO_TOHOKU" ModifierId="TRAIT_RENAISSANCE_RANGED_UNIT_PRODUCTION_ZUNKO"/><!-- 陸上遠距離ユニット生産ボーナス：ルネサンス -->
		<Row TraitType="TRAIT_LEADER_ZUNKO_TOHOKU" ModifierId="TRAIT_INDUSTRIAL_RANGED_UNIT_PRODUCTION_ZUNKO"/> <!-- 陸上遠距離ユニット生産ボーナス：産業時代 -->
		<Row TraitType="TRAIT_LEADER_ZUNKO_TOHOKU" ModifierId="TRAIT_MODERN_RANGED_UNIT_PRODUCTION_ZUNKO"/>     <!-- 陸上遠距離ユニット生産ボーナス：近代 -->
		<Row TraitType="TRAIT_LEADER_ZUNKO_TOHOKU" ModifierId="TRAIT_ATOMIC_RANGED_UNIT_PRODUCTION_ZUNKO"/>     <!-- 陸上遠距離ユニット生産ボーナス：原子力時代 -->
		<Row TraitType="TRAIT_LEADER_ZUNKO_TOHOKU" ModifierId="TRAIT_INFORMATION_RANGED_UNIT_PRODUCTION_ZUNKO"/><!-- 陸上遠距離ユニット生産ボーナス：情報時代 -->
		<!-- きりたん -->
		<Row TraitType="TRAIT_LEADER_KIRITAN_TOHOKU" ModifierId="TRAIT_BOOST_INDUSTRIAL_ZONE_PRODUCTION_KIRITAN"/>               <!-- 工業地帯への生産ボーナス -->
		<Row TraitType="TRAIT_LEADER_KIRITAN_TOHOKU" ModifierId="TRAIT_BOOST_DISTRICT_ENTERTAINMENT_COMPLEX_PRODUCTION_KIRITAN"/><!-- 娯楽施設への生産ボーナス -->
		<Row TraitType="TRAIT_LEADER_KIRITAN_TOHOKU" ModifierId="TRAIT_WILDCARD_GOVERNMENT_SLOT"/>                               <!-- 政府のワイルドカードスロット+1(ギリシャで使われているものをそのまま使用) -->
	</TraitModifiers>

	<Modifiers>
		<!-- イタコ -->
		<Row>
			<ModifierId>TRAIT_YNL_ITAKO_INCREASED_GRASS_HILLS_FAITH</ModifierId>
			<ModifierType>MODIFIER_PLAYER_ADJUST_PLOT_YIELD</ModifierType>
			<SubjectRequirementSetId>PLOT_HAS_GRASS_HILLS_REQUIREMENTS_ITAKO</SubjectRequirementSetId>
		</Row>
		<Row>
			<ModifierId>TRAIT_YNL_ITAKO_INCREASED_PLAINS_HILLS_FAITH</ModifierId>
			<ModifierType>MODIFIER_PLAYER_ADJUST_PLOT_YIELD</ModifierType>
			<SubjectRequirementSetId>PLOT_HAS_PLAINS_HILLS_REQUIREMENTS_ITAKO</SubjectRequirementSetId>
		</Row>
		<Row>
			<ModifierId>TRAIT_YNL_ITAKO_INCREASED_DESERT_HILLS_FAITH</ModifierId>
			<ModifierType>MODIFIER_PLAYER_ADJUST_PLOT_YIELD</ModifierType>
			<SubjectRequirementSetId>PLOT_HAS_DESERT_HILLS_REQUIREMENTS_ITAKO</SubjectRequirementSetId>
		</Row>
		<Row>
			<ModifierId>TRAIT_YNL_ITAKO_INCREASED_TUNDRA_HILLS_FAITH</ModifierId>
			<ModifierType>MODIFIER_PLAYER_ADJUST_PLOT_YIELD</ModifierType>
			<SubjectRequirementSetId>PLOT_HAS_TUNDRA_HILLS_REQUIREMENTS</SubjectRequirementSetId><!-- PLOT_HAS_TUNDRA_HILLS_REQUIREMENTS はすでにバニラにあるのでそのまま使う。(ロシアで使われている)-->
		</Row>
		<Row>
			<ModifierId>TRAIT_YNL_ITAKO_INCREASED_SNOW_HILLS_FAITH</ModifierId>
			<ModifierType>MODIFIER_PLAYER_ADJUST_PLOT_YIELD</ModifierType>
			<SubjectRequirementSetId>PLOT_HAS_SNOW_HILLS_REQUIREMENTS_ITAKO</SubjectRequirementSetId>
		</Row>
		<Row>
			<ModifierId>TRAIT_YNL_ITAKO_INCREASED_GRASS_HILLS_FOOD</ModifierId>
			<ModifierType>MODIFIER_PLAYER_ADJUST_PLOT_YIELD</ModifierType>
			<SubjectRequirementSetId>PLOT_HAS_GRASS_HILLS_REQUIREMENTS_ITAKO</SubjectRequirementSetId>
		</Row>
		<Row>
			<ModifierId>TRAIT_YNL_ITAKO_INCREASED_PLAINS_HILLS_FOOD</ModifierId>
			<ModifierType>MODIFIER_PLAYER_ADJUST_PLOT_YIELD</ModifierType>
			<SubjectRequirementSetId>PLOT_HAS_PLAINS_HILLS_REQUIREMENTS_ITAKO</SubjectRequirementSetId>
		</Row>
		<Row>
			<ModifierId>TRAIT_YNL_ITAKO_INCREASED_DESERT_HILLS_FOOD</ModifierId>
			<ModifierType>MODIFIER_PLAYER_ADJUST_PLOT_YIELD</ModifierType>
			<SubjectRequirementSetId>PLOT_HAS_DESERT_HILLS_REQUIREMENTS_ITAKO</SubjectRequirementSetId>
		</Row>
		<Row>
			<ModifierId>TRAIT_YNL_ITAKO_INCREASED_TUNDRA_HILLS_FOOD</ModifierId>
			<ModifierType>MODIFIER_PLAYER_ADJUST_PLOT_YIELD</ModifierType>
			<SubjectRequirementSetId>PLOT_HAS_TUNDRA_HILLS_REQUIREMENTS</SubjectRequirementSetId><!-- PLOT_HAS_TUNDRA_HILLS_REQUIREMENTS はすでにバニラにあるのでそのまま使う。(ロシアで使われている)-->
		</Row>
		<Row>
			<ModifierId>TRAIT_YNL_ITAKO_INCREASED_SNOW_HILLS_FOOD</ModifierId>
			<ModifierType>MODIFIER_PLAYER_ADJUST_PLOT_YIELD</ModifierType>
			<SubjectRequirementSetId>PLOT_HAS_SNOW_HILLS_REQUIREMENTS_ITAKO</SubjectRequirementSetId>
		</Row>
		<!-- ずん子 -->
		<!-- この記述で作成したユニットのアビリティが指導者特性として扱われるようになる -->
		<Row>
			<ModifierId>TRAIT_YNL_ZUNKO_CAPTURE_WORKER</ModifierId>
			<ModifierType>MODIFIER_PLAYER_UNITS_GRANT_ABILITY</ModifierType>
		</Row>
		<!-- 各時代ごとの陸上遠距離戦闘ユニット生産ボーナス -->
		<Row>
			<ModifierId>TRAIT_ANCIENT_RANGED_UNIT_PRODUCTION_ZUNKO</ModifierId>
			<ModifierType>MODIFIER_PLAYER_CITIES_ADJUST_UNIT_TAG_ERA_PRODUCTION</ModifierType>
		</Row>
		<Row>
			<ModifierId>TRAIT_CLASSICAL_RANGED_UNIT_PRODUCTION_ZUNKO</ModifierId>
			<ModifierType>MODIFIER_PLAYER_CITIES_ADJUST_UNIT_TAG_ERA_PRODUCTION</ModifierType>
		</Row>
		<Row>
			<ModifierId>TRAIT_MEDIEVAL_RANGED_UNIT_PRODUCTION_ZUNKO</ModifierId>
			<ModifierType>MODIFIER_PLAYER_CITIES_ADJUST_UNIT_TAG_ERA_PRODUCTION</ModifierType>
		</Row>
		<Row>
			<ModifierId>TRAIT_RENAISSANCE_RANGED_UNIT_PRODUCTION_ZUNKO</ModifierId>
			<ModifierType>MODIFIER_PLAYER_CITIES_ADJUST_UNIT_TAG_ERA_PRODUCTION</ModifierType>
		</Row>
		<Row>
			<ModifierId>TRAIT_INDUSTRIAL_RANGED_UNIT_PRODUCTION_ZUNKO</ModifierId>
			<ModifierType>MODIFIER_PLAYER_CITIES_ADJUST_UNIT_TAG_ERA_PRODUCTION</ModifierType>
		</Row>
		<Row>
			<ModifierId>TRAIT_MODERN_RANGED_UNIT_PRODUCTION_ZUNKO</ModifierId>
			<ModifierType>MODIFIER_PLAYER_CITIES_ADJUST_UNIT_TAG_ERA_PRODUCTION</ModifierType>
		</Row>
		<Row>
			<ModifierId>TRAIT_ATOMIC_RANGED_UNIT_PRODUCTION_ZUNKO</ModifierId>
			<ModifierType>MODIFIER_PLAYER_CITIES_ADJUST_UNIT_TAG_ERA_PRODUCTION</ModifierType>
		</Row>
		<Row>
			<ModifierId>TRAIT_INFORMATION_RANGED_UNIT_PRODUCTION_ZUNKO</ModifierId>
			<ModifierType>MODIFIER_PLAYER_CITIES_ADJUST_UNIT_TAG_ERA_PRODUCTION</ModifierType>
		</Row>
		<!-- きりたん -->
		<!-- 工業地帯への建造ボーナス -->
		<Row>
			<ModifierId>TRAIT_BOOST_INDUSTRIAL_ZONE_PRODUCTION_KIRITAN</ModifierId>
			<ModifierType>MODIFIER_PLAYER_CITIES_ADJUST_DISTRICT_PRODUCTION</ModifierType>
		</Row>
		<!-- 総合娯楽施設への建造ボーナス -->
		<Row>
			<ModifierId>TRAIT_BOOST_DISTRICT_ENTERTAINMENT_COMPLEX_PRODUCTION_KIRITAN</ModifierId>
			<ModifierType>MODIFIER_PLAYER_CITIES_ADJUST_DISTRICT_PRODUCTION</ModifierType>
		</Row>
	</Modifiers>
	<ModifierArguments>
		<!-- イタコ -->
		<Row>
			<!--
				YieldType : Valueで指定したボーナスの種類
				Amount    : Valueで指定した分増える
			-->
			<ModifierId>TRAIT_YNL_ITAKO_INCREASED_GRASS_HILLS_FAITH</ModifierId>
			<Name>YieldType</Name>
			<Value>YIELD_FAITH</Value>
		</Row>
		<Row>
			<ModifierId>TRAIT_YNL_ITAKO_INCREASED_GRASS_HILLS_FAITH</ModifierId>
			<Name>Amount</Name>
			<Value>2</Value>
		</Row>
		<Row>
			<ModifierId>TRAIT_YNL_ITAKO_INCREASED_PLAINS_HILLS_FAITH</ModifierId>
			<Name>YieldType</Name>
			<Value>YIELD_FAITH</Value>
		</Row>
		<Row>
			<ModifierId>TRAIT_YNL_ITAKO_INCREASED_PLAINS_HILLS_FAITH</ModifierId>
			<Name>Amount</Name>
			<Value>2</Value>
		</Row>
		<Row>
			<ModifierId>TRAIT_YNL_ITAKO_INCREASED_DESERT_HILLS_FAITH</ModifierId>
			<Name>YieldType</Name>
			<Value>YIELD_FAITH</Value>
		</Row>
		<Row>
			<ModifierId>TRAIT_YNL_ITAKO_INCREASED_DESERT_HILLS_FAITH</ModifierId>
			<Name>Amount</Name>
			<Value>2</Value>
		</Row>
		<Row>
			<ModifierId>TRAIT_YNL_ITAKO_INCREASED_TUNDRA_HILLS_FAITH</ModifierId>
			<Name>YieldType</Name>
			<Value>YIELD_FAITH</Value>
		</Row>
		<Row>
			<ModifierId>TRAIT_YNL_ITAKO_INCREASED_TUNDRA_HILLS_FAITH</ModifierId>
			<Name>Amount</Name>
			<Value>2</Value>
		</Row>
		<Row>
			<ModifierId>TRAIT_YNL_ITAKO_INCREASED_SNOW_HILLS_FAITH</ModifierId>
			<Name>YieldType</Name>
			<Value>YIELD_FAITH</Value>
		</Row>
		<Row>
			<ModifierId>TRAIT_YNL_ITAKO_INCREASED_SNOW_HILLS_FAITH</ModifierId>
			<Name>Amount</Name>
			<Value>2</Value>
		</Row>
		<Row>
			<ModifierId>TRAIT_YNL_ITAKO_INCREASED_GRASS_HILLS_FOOD</ModifierId>
			<Name>YieldType</Name>
			<Value>YIELD_FOOD</Value>
		</Row>
		<Row>
			<ModifierId>TRAIT_YNL_ITAKO_INCREASED_GRASS_HILLS_FOOD</ModifierId>
			<Name>Amount</Name>
			<Value>1</Value>
		</Row>
		<Row>
			<ModifierId>TRAIT_YNL_ITAKO_INCREASED_PLAINS_HILLS_FOOD</ModifierId>
			<Name>YieldType</Name>
			<Value>YIELD_FOOD</Value>
		</Row>
		<Row>
			<ModifierId>TRAIT_YNL_ITAKO_INCREASED_PLAINS_HILLS_FOOD</ModifierId>
			<Name>Amount</Name>
			<Value>1</Value>
		</Row>
		<Row>
			<ModifierId>TRAIT_YNL_ITAKO_INCREASED_DESERT_HILLS_FOOD</ModifierId>
			<Name>YieldType</Name>
			<Value>YIELD_FOOD</Value>
		</Row>
		<Row>
			<ModifierId>TRAIT_YNL_ITAKO_INCREASED_DESERT_HILLS_FOOD</ModifierId>
			<Name>Amount</Name>
			<Value>1</Value>
		</Row>
		<Row>
			<ModifierId>TRAIT_YNL_ITAKO_INCREASED_TUNDRA_HILLS_FOOD</ModifierId>
			<Name>YieldType</Name>
			<Value>YIELD_FOOD</Value>
		</Row>
		<Row>
			<ModifierId>TRAIT_YNL_ITAKO_INCREASED_TUNDRA_HILLS_FOOD</ModifierId>
			<Name>Amount</Name>
			<Value>1</Value>
		</Row>
		<Row>
			<ModifierId>TRAIT_YNL_ITAKO_INCREASED_SNOW_HILLS_FOOD</ModifierId>
			<Name>YieldType</Name>
			<Value>YIELD_FOOD</Value>
		</Row>
		<Row>
			<ModifierId>TRAIT_YNL_ITAKO_INCREASED_SNOW_HILLS_FOOD</ModifierId>
			<Name>Amount</Name>
			<Value>1</Value>
		</Row>
		<!-- ずん子 -->
		<Row>
			<ModifierId>TRAIT_YNL_ZUNKO_CAPTURE_WORKER</ModifierId>
			<Name>AbilityType</Name>
			<Value>ABILITY_YNL_ZUNKO_CAPTURE_WORKER</Value>
		</Row>
		<Row>
			<ModifierId>TRAIT_ANCIENT_RANGED_UNIT_PRODUCTION_ZUNKO</ModifierId>
			<Name>UnitPromotionClass</Name>
			<Value>PROMOTION_CLASS_RANGED</Value>
		</Row>
		<Row>
			<ModifierId>TRAIT_ANCIENT_RANGED_UNIT_PRODUCTION_ZUNKO</ModifierId>
			<Name>EraType</Name>
			<Value>ERA_ANCIENT</Value>
		</Row>
		<Row>
			<ModifierId>TRAIT_ANCIENT_RANGED_UNIT_PRODUCTION_ZUNKO</ModifierId>
			<Name>Amount</Name>
			<Value>25</Value>
		</Row>
		<Row>
			<ModifierId>TRAIT_CLASSICAL_RANGED_UNIT_PRODUCTION_ZUNKO</ModifierId>
			<Name>UnitPromotionClass</Name>
			<Value>PROMOTION_CLASS_RANGED</Value>
		</Row>
		<Row>
			<ModifierId>TRAIT_CLASSICAL_RANGED_UNIT_PRODUCTION_ZUNKO</ModifierId>
			<Name>EraType</Name>
			<Value>ERA_CLASSICAL</Value>
		</Row>
		<Row>
			<ModifierId>TRAIT_CLASSICAL_RANGED_UNIT_PRODUCTION_ZUNKO</ModifierId>
			<Name>Amount</Name>
			<Value>25</Value>
		</Row>
		<Row>
			<ModifierId>TRAIT_MEDIEVAL_RANGED_UNIT_PRODUCTION_ZUNKO</ModifierId>
			<Name>UnitPromotionClass</Name>
			<Value>PROMOTION_CLASS_RANGED</Value>
		</Row>
		<Row>
			<ModifierId>TRAIT_MEDIEVAL_RANGED_UNIT_PRODUCTION_ZUNKO</ModifierId>
			<Name>EraType</Name>
			<Value>ERA_MEDIEVAL</Value>
		</Row>
		<Row>
			<ModifierId>TRAIT_MEDIEVAL_RANGED_UNIT_PRODUCTION_ZUNKO</ModifierId>
			<Name>Amount</Name>
			<Value>25</Value>
		</Row>
		<Row>
			<ModifierId>TRAIT_RENAISSANCE_RANGED_UNIT_PRODUCTION_ZUNKO</ModifierId>
			<Name>UnitPromotionClass</Name>
			<Value>PROMOTION_CLASS_RANGED</Value>
		</Row>
		<Row>
			<ModifierId>TRAIT_RENAISSANCE_RANGED_UNIT_PRODUCTION_ZUNKO</ModifierId>
			<Name>EraType</Name>
			<Value>ERA_RENAISSANCE</Value>
		</Row>
		<Row>
			<ModifierId>TRAIT_RENAISSANCE_RANGED_UNIT_PRODUCTION_ZUNKO</ModifierId>
			<Name>Amount</Name>
			<Value>25</Value>
		</Row>
		<Row>
			<ModifierId>TRAIT_INDUSTRIAL_RANGED_UNIT_PRODUCTION_ZUNKO</ModifierId>
			<Name>UnitPromotionClass</Name>
			<Value>PROMOTION_CLASS_RANGED</Value>
		</Row>
		<Row>
			<ModifierId>TRAIT_INDUSTRIAL_RANGED_UNIT_PRODUCTION_ZUNKO</ModifierId>
			<Name>EraType</Name>
			<Value>ERA_INDUSTRIAL</Value>
		</Row>
		<Row>
			<ModifierId>TRAIT_INDUSTRIAL_RANGED_UNIT_PRODUCTION_ZUNKO</ModifierId>
			<Name>Amount</Name>
			<Value>25</Value>
		</Row>
		<Row>
			<ModifierId>TRAIT_MODERN_RANGED_UNIT_PRODUCTION_ZUNKO</ModifierId>
			<Name>UnitPromotionClass</Name>
			<Value>PROMOTION_CLASS_RANGED</Value>
		</Row>
		<Row>
			<ModifierId>TRAIT_MODERN_RANGED_UNIT_PRODUCTION_ZUNKO</ModifierId>
			<Name>EraType</Name>
			<Value>ERA_MODERN</Value>
		</Row>
		<Row>
			<ModifierId>TRAIT_MODERN_RANGED_UNIT_PRODUCTION_ZUNKO</ModifierId>
			<Name>Amount</Name>
			<Value>25</Value>
		</Row>
		<Row>
			<ModifierId>TRAIT_ATOMIC_RANGED_UNIT_PRODUCTION_ZUNKO</ModifierId>
			<Name>UnitPromotionClass</Name>
			<Value>PROMOTION_CLASS_RANGED</Value>
		</Row>
		<Row>
			<ModifierId>TRAIT_ATOMIC_RANGED_UNIT_PRODUCTION_ZUNKO</ModifierId>
			<Name>EraType</Name>
			<Value>ERA_ATOMIC</Value>
		</Row>
		<Row>
			<ModifierId>TRAIT_ATOMIC_RANGED_UNIT_PRODUCTION_ZUNKO</ModifierId>
			<Name>Amount</Name>
			<Value>25</Value>
		</Row>
		<Row>
			<ModifierId>TRAIT_INFORMATION_RANGED_UNIT_PRODUCTION_ZUNKO</ModifierId>
			<Name>UnitPromotionClass</Name>
			<Value>PROMOTION_CLASS_RANGED</Value>
		</Row>
		<Row>
			<ModifierId>TRAIT_INFORMATION_RANGED_UNIT_PRODUCTION_ZUNKO</ModifierId>
			<Name>EraType</Name>
			<Value>ERA_INFORMATION</Value>
		</Row>
		<Row>
			<ModifierId>TRAIT_INFORMATION_RANGED_UNIT_PRODUCTION_ZUNKO</ModifierId>
			<Name>Amount</Name>
			<Value>25</Value>
		</Row>
		<!-- きりたん -->
		<Row>
			<!--
				DistrictType : Valueで指定した区域の種類
				Amount       : Valueで指定した％割り引かれる
			-->
			<ModifierId>TRAIT_BOOST_INDUSTRIAL_ZONE_PRODUCTION_KIRITAN</ModifierId>
			<Name>DistrictType</Name>
			<Value>DISTRICT_INDUSTRIAL_ZONE</Value>
		</Row>
		<Row>
			<ModifierId>TRAIT_BOOST_INDUSTRIAL_ZONE_PRODUCTION_KIRITAN</ModifierId>
			<Name>Amount</Name>
			<Value>100</Value>
		</Row>
		<Row>
			<ModifierId>TRAIT_BOOST_DISTRICT_ENTERTAINMENT_COMPLEX_PRODUCTION_KIRITAN</ModifierId>
			<Name>DistrictType</Name>
			<Value>DISTRICT_ENTERTAINMENT_COMPLEX</Value>
		</Row>
		<Row>
			<ModifierId>TRAIT_BOOST_DISTRICT_ENTERTAINMENT_COMPLEX_PRODUCTION_KIRITAN</ModifierId>
			<Name>Amount</Name>
			<Value>100</Value>
		</Row>
	</ModifierArguments>

	<!-- ユニットのアビリティ設定 -->
	<UnitAbilities>
		<!-- Inactive : たぶんパッシブスキルかどうか？？？バニラのものにもあったりなかったりしてて正直よくわからず。-->
		<Row UnitAbilityType="ABILITY_YNL_ZUNKO_CAPTURE_WORKER" Name="LOC_ABILITY_YNL_ZUNKO_CAPTURE_WORKER_NAME" Description="LOC_ABILITY_YNL_ZUNKO_CAPTURE_WORKER_DESCRIPTION" Inactive="true"/>
	</UnitAbilities>
	<!-- アビリティとModifierの紐付け -->
	<UnitAbilityModifiers>
		<Row>
			<UnitAbilityType>ABILITY_YNL_ZUNKO_CAPTURE_WORKER</UnitAbilityType>
			<ModifierId>CAPTURE_COMBAT_UNITS_AS_WORKERS</ModifierId>
		</Row>
	</UnitAbilityModifiers>

	<!-- Requirement
		 Modifierを適用する条件などがここに書かれる(ちょっとややこしいです・・・) -->
	<RequirementSets>
		<Row>
			<RequirementSetId>PLOT_HAS_GRASS_HILLS_REQUIREMENTS_ITAKO</RequirementSetId>
			<RequirementSetType>REQUIREMENTSET_TEST_ALL</RequirementSetType>
		</Row>
		<Row>
			<RequirementSetId>PLOT_HAS_PLAINS_HILLS_REQUIREMENTS_ITAKO</RequirementSetId>
			<RequirementSetType>REQUIREMENTSET_TEST_ALL</RequirementSetType>
		</Row>
		<Row>
			<RequirementSetId>PLOT_HAS_DESERT_HILLS_REQUIREMENTS_ITAKO</RequirementSetId>
			<RequirementSetType>REQUIREMENTSET_TEST_ALL</RequirementSetType>
		</Row>
		<!--
		<Row>
			<RequirementSetId>PLOT_HAS_TUNDRA_HILLS_REQUIREMENTS</RequirementSetId>
			<RequirementSetType>REQUIREMENTSET_TEST_ALL</RequirementSetType>
		</Row>
		-->
		<Row>
			<RequirementSetId>PLOT_HAS_SNOW_HILLS_REQUIREMENTS_ITAKO</RequirementSetId>
			<RequirementSetType>REQUIREMENTSET_TEST_ALL</RequirementSetType>
		</Row>
	</RequirementSets>
	<Requirements>
		<!-- REQUIREMENT_PLOT_TERRAIN_TYPE_MATCHES = RequirementArgumentsで指定するTERRAINに合致するものを条件とする -->
		<Row>
			<RequirementId>REQUIRES_PLOT_HAS_GRASS_HILLS_ITAKO</RequirementId>
			<RequirementType>REQUIREMENT_PLOT_TERRAIN_TYPE_MATCHES</RequirementType>
		</Row>
		<Row>
			<RequirementId>REQUIRES_PLOT_HAS_PLAINS_HILLS_ITAKO</RequirementId>
			<RequirementType>REQUIREMENT_PLOT_TERRAIN_TYPE_MATCHES</RequirementType>
		</Row>
		<Row>
			<RequirementId>REQUIRES_PLOT_HAS_DESERT_HILLS_ITAKO</RequirementId>
			<RequirementType>REQUIREMENT_PLOT_TERRAIN_TYPE_MATCHES</RequirementType>
		</Row>
		<!--
		<Row>
			<RequirementId>REQUIRES_PLOT_HAS_TUNDRA_HILLS</RequirementId>
			<RequirementType>REQUIREMENT_PLOT_TERRAIN_TYPE_MATCHES</RequirementType>
		</Row>
		-->
		<Row>
			<RequirementId>REQUIRES_PLOT_HAS_SNOW_HILLS_ITAKO</RequirementId>
			<RequirementType>REQUIREMENT_PLOT_TERRAIN_TYPE_MATCHES</RequirementType>
		</Row>
	</Requirements>
	<RequirementArguments>
		<Row>
			<RequirementId>REQUIRES_PLOT_HAS_GRASS_HILLS_ITAKO</RequirementId>
			<Name>TerrainType</Name>
			<Value>TERRAIN_GRASS_HILLS</Value>
		</Row>
		<Row>
			<RequirementId>REQUIRES_PLOT_HAS_PLAINS_HILLS_ITAKO</RequirementId>
			<Name>TerrainType</Name>
			<Value>TERRAIN_PLAINS_HILLS</Value>
		</Row>
		<Row>
			<RequirementId>REQUIRES_PLOT_HAS_DESERT_HILLS_ITAKO</RequirementId>
			<Name>TerrainType</Name>
			<Value>TERRAIN_DESERT_HILLS</Value>
		</Row>
		<!--
		<Row>
			<RequirementId>REQUIRES_PLOT_HAS_TUNDRA_HILLS</RequirementId>
			<Name>TerrainType</Name>
			<Value>TERRAIN_TUNDRA_HILLS</Value>
		</Row>
		-->
		<Row>
			<RequirementId>REQUIRES_PLOT_HAS_SNOW_HILLS_ITAKO</RequirementId>
			<Name>TerrainType</Name>
			<Value>TERRAIN_SNOW_HILLS</Value>
		</Row>
	</RequirementArguments>
	<RequirementSetRequirements>
		<Row>
			<RequirementSetId>PLOT_HAS_GRASS_HILLS_REQUIREMENTS_ITAKO</RequirementSetId>
			<RequirementId>REQUIRES_PLOT_HAS_GRASS_HILLS_ITAKO</RequirementId>
		</Row>
		<Row>
			<RequirementSetId>PLOT_HAS_PLAINS_HILLS_REQUIREMENTS_ITAKO</RequirementSetId>
			<RequirementId>REQUIRES_PLOT_HAS_PLAINS_HILLS_ITAKO</RequirementId>
		</Row>
		<Row>
			<RequirementSetId>PLOT_HAS_DESERT_HILLS_REQUIREMENTS_ITAKO</RequirementSetId>
			<RequirementId>REQUIRES_PLOT_HAS_DESERT_HILLS_ITAKO</RequirementId>
		</Row>
		<!--
		<Row>
			<RequirementSetId>PLOT_HAS_TUNDRA_HILLS_REQUIREMENTS</RequirementSetId>
			<RequirementId>REQUIRES_PLOT_HAS_TUNDRA_HILLS</RequirementId>
		</Row>
		-->
		<Row>
			<RequirementSetId>PLOT_HAS_SNOW_HILLS_REQUIREMENTS_ITAKO</RequirementSetId>
			<RequirementId>REQUIRES_PLOT_HAS_SNOW_HILLS_ITAKO</RequirementId>
		</Row>
	</RequirementSetRequirements>

	<!-- AIの好みの親定義。上から社会制度、テクノロジー、遺産、区域のタイプ -->
	<AiListTypes>
		<Row ListType="YNL_ItakoWonders"/>
		<Row ListType="YNL_ItakoCivics"/>
		<Row ListType="YNL_ItakoTechs"/>
		<Row ListType="YNL_ItakoReligiousDistrict"/>
		
		<Row ListType="YNL_ZunkoWonders"/>
		<Row ListType="YNL_ZunkoCivics"/>
		<Row ListType="YNL_ZunkoTechs"/>
		<Row ListType="YNL_ZunkoReligiousDistrict"/>

		<Row ListType="YNL_KiritanWonders"/>
		<Row ListType="YNL_KiritanCivics"/>
		<Row ListType="YNL_KiritanTechs"/>
		<Row ListType="YNL_KiritanReligiousDistrict"/>
	</AiListTypes>
	<!-- AIの好みは指導者特性に紐付いている。その定義はここ。 -->
	<AiLists>
		<Row ListType="YNL_ItakoWonders"             LeaderType="TRAIT_LEADER_ITAKO_TOHOKU"   System="Buildings"/>
		<Row ListType="YNL_ItakoCivics"              LeaderType="TRAIT_LEADER_ITAKO_TOHOKU"   System="Civics"/>
		<Row ListType="YNL_ItakoTechs"               LeaderType="TRAIT_LEADER_ITAKO_TOHOKU"   System="Technologies"/>
		<Row ListType="YNL_ItakoReligiousDistrict"   LeaderType="TRAIT_LEADER_ITAKO_TOHOKU"   System="Districts"/>
												     										  
		<Row ListType="YNL_ZunkoWonders"             LeaderType="TRAIT_LEADER_ZUNKO_TOHOKU"   System="Buildings"/>
		<Row ListType="YNL_ZunkoCivics"              LeaderType="TRAIT_LEADER_ZUNKO_TOHOKU"   System="Civics"/>
		<Row ListType="YNL_ZunkoTechs"               LeaderType="TRAIT_LEADER_ZUNKO_TOHOKU"   System="Technologies"/>
		<Row ListType="YNL_ZunkoReligiousDistrict"   LeaderType="TRAIT_LEADER_ZUNKO_TOHOKU"   System="Districts"/>

		<Row ListType="YNL_KiritanWonders"           LeaderType="TRAIT_LEADER_KIRITAN_TOHOKU" System="Buildings"/>
		<Row ListType="YNL_KiritanCivics"            LeaderType="TRAIT_LEADER_KIRITAN_TOHOKU" System="Civics"/>
		<Row ListType="YNL_KiritanTechs"             LeaderType="TRAIT_LEADER_KIRITAN_TOHOKU" System="Technologies"/>
		<Row ListType="YNL_KiritanReligiousDistrict" LeaderType="TRAIT_LEADER_KIRITAN_TOHOKU" System="Districts"/>
	</AiLists>
	<!-- 社会制度/テクノロジー/遺産の好みの詳細設定 -->
	<AiFavoredItems>
		<Row ListType="YNL_ItakoWonders"             Item="BUILDING_STONEHENGE"/>
		<Row ListType="YNL_ItakoWonders"             Item="BUILDING_MAHABODHI_TEMPLE"/>
		<Row ListType="YNL_ItakoWonders"             Item="BUILDING_HAGIA_SOPHIA"/>
		<Row ListType="YNL_ItakoWonders"             Item="BUILDING_MONT_ST_MICHEL"/>
		<Row ListType="YNL_ItakoWonders"             Item="BUILDING_CRISTO_REDENTOR"/>
		<Row ListType="YNL_ItakoCivics"              Item="CIVIC_MYSTICISM"/>
		<Row ListType="YNL_ItakoCivics"              Item="CIVIC_THEOLOGY"/>
		<Row ListType="YNL_ItakoCivics"              Item="CIVIC_DIVINE_RIGHT"/>
		<Row ListType="YNL_ItakoCivics"              Item="CIVIC_REFORMED_CHURCH"/>
		<Row ListType="YNL_ItakoTechs"               Item="TECH_ASTROLOGY"/>
		<Row ListType="YNL_ItakoTechs"               Item="TECH_HORSEBACK_RIDING"/>
		<Row ListType="YNL_ItakoTechs"               Item="TECH_EDUCATION"/>
		<Row ListType="YNL_ItakoReligiousDistrict"   Item="DISTRICT_HOLY_SITE" Favored="true"/>
												     
		<Row ListType="YNL_ZunkoWonders"             Item="BUILDING_STONEHENGE"/>
		<Row ListType="YNL_ZunkoWonders"             Item="BUILDING_MAHABODHI_TEMPLE"/>
		<Row ListType="YNL_ZunkoWonders"             Item="BUILDING_HAGIA_SOPHIA"/>
		<Row ListType="YNL_ZunkoWonders"             Item="BUILDING_MONT_ST_MICHEL"/>
		<Row ListType="YNL_ZunkoWonders"             Item="BUILDING_CRISTO_REDENTOR"/>
		<Row ListType="YNL_ZunkoCivics"              Item="CIVIC_MYSTICISM"/>
		<Row ListType="YNL_ZunkoCivics"              Item="CIVIC_THEOLOGY"/>
		<Row ListType="YNL_ZunkoCivics"              Item="CIVIC_DIVINE_RIGHT"/>
		<Row ListType="YNL_ZunkoCivics"              Item="CIVIC_REFORMED_CHURCH"/>
		<Row ListType="YNL_ZunkoTechs"               Item="TECH_ASTROLOGY"/>
		<Row ListType="YNL_ZunkoTechs"               Item="TECH_HORSEBACK_RIDING"/>
		<Row ListType="YNL_ZunkoTechs"               Item="TECH_EDUCATION"/>
		<Row ListType="YNL_ZunkoReligiousDistrict"   Item="DISTRICT_HOLY_SITE" Favored="true"/>

		<Row ListType="YNL_KiritanWonders"           Item="BUILDING_STONEHENGE"/>
		<Row ListType="YNL_KiritanWonders"           Item="BUILDING_MAHABODHI_TEMPLE"/>
		<Row ListType="YNL_KiritanWonders"           Item="BUILDING_HAGIA_SOPHIA"/>
		<Row ListType="YNL_KiritanWonders"           Item="BUILDING_MONT_ST_MICHEL"/>
		<Row ListType="YNL_KiritanWonders"           Item="BUILDING_CRISTO_REDENTOR"/>
		<Row ListType="YNL_KiritanCivics"            Item="CIVIC_MYSTICISM"/>
		<Row ListType="YNL_KiritanCivics"            Item="CIVIC_THEOLOGY"/>
		<Row ListType="YNL_KiritanCivics"            Item="CIVIC_DIVINE_RIGHT"/>
		<Row ListType="YNL_KiritanCivics"            Item="CIVIC_REFORMED_CHURCH"/>
		<Row ListType="YNL_KiritanTechs"             Item="TECH_ASTROLOGY"/>
		<Row ListType="YNL_KiritanTechs"             Item="TECH_HORSEBACK_RIDING"/>
		<Row ListType="YNL_KiritanTechs"             Item="TECH_EDUCATION"/>
		<Row ListType="YNL_KiritanReligiousDistrict" Item="DISTRICT_NAMAHAGE_MUSEUM" Favored="true"/>
	</AiFavoredItems>

	<!-- 指導者固有の性格(アジェンダ) -->
	<HistoricalAgendas>
		<Row LeaderType="LEADER_ITAKO_TOHOKU"   AgendaType="AGENDA_COUNTER_REFORMER"/>
		<Row LeaderType="LEADER_ZUNKO_TOHOKU"   AgendaType="AGENDA_COUNTER_REFORMER"/>
		<Row LeaderType="LEADER_KIRITAN_TOHOKU" AgendaType="AGENDA_COUNTER_REFORMER"/>
	</HistoricalAgendas>
	<!-- 指導者が好む宗教 -->
	<FavoredReligions>
		<Row LeaderType="LEADER_ITAKO_TOHOKU"   ReligionType="RELIGION_SHINTO"/>
		<Row LeaderType="LEADER_ZUNKO_TOHOKU"   ReligionType="RELIGION_BUDDHISM"/>
		<Row LeaderType="LEADER_KIRITAN_TOHOKU" ReligionType="RELIGION_BUDDHISM"/>
	</FavoredReligions>

	<!-- 外交交渉などの画面
		 Foreground(前景。指導者の立絵のこと)はLeaderAnimations(別ファイル)で定義される感情表現に則したものが表示されるため、設定はない。 -->
	<DiplomacyInfo>
		<Row Type="LEADER_ITAKO_TOHOKU"   BackgroundImage="Background_DiplomcayInfo_Itako.dds"/>
		<Row Type="LEADER_ZUNKO_TOHOKU"   BackgroundImage="Background_DiplomcayInfo_Zunko.dds"/>
		<Row Type="LEADER_KIRITAN_TOHOKU" BackgroundImage="Background_DiplomcayInfo_Kiritan.dds"/>
	</DiplomacyInfo>
	<LoadingInfo>
		<Row LeaderType="LEADER_ITAKO_TOHOKU"   ForegroundImage="Foreground_LoadingInfo_Itako.dds"   BackgroundImage="Background_LoadingInfo_Itako.dds"   LeaderText="LOC_LEADER_ITAKO_TOHOKU_DOM_TEXT"   PlayDawnOfManAudio="1"/>
		<Row LeaderType="LEADER_ZUNKO_TOHOKU"   ForegroundImage="Foreground_LoadingInfo_Zunko.dds"   BackgroundImage="Background_LoadingInfo_Zunko.dds"   LeaderText="LOC_LEADER_ZUNKO_TOHOKU_DOM_TEXT"   PlayDawnOfManAudio="1"/>
		<Row LeaderType="LEADER_KIRITAN_TOHOKU" ForegroundImage="Foreground_LoadingInfo_Kiritan.dds" BackgroundImage="Background_LoadingInfo_Kiritan.dds" LeaderText="LOC_LEADER_KIRITAN_TOHOKU_DOM_TEXT" PlayDawnOfManAudio="1"/>
	</LoadingInfo>
</GameData>
