<?xml version="1.0" encoding="utf-8"?>
<GameData>
	<!-- 武僧の昇進：門弟はEnableByReligeonがTrueでなければ機能しないので違うものに差し替えるための記述 -->
	<!-- 文言等は完全に使いまわす -->
	<Types>
		<Row Type="PROMOTION_CLASS_YAMABUSHI" Kind="KIND_PROMOTION_CLASS"/>
		
		<Row Type="PROMOTION_YAMABUSHI_SHADOW_STRIKE" Kind="KIND_PROMOTION"/>
		<Row Type="PROMOTION_YAMABUSHI_TWILIGHT_VEIL" Kind="KIND_PROMOTION"/>
		<Row Type="PROMOTION_YAMABUSHI_EXPLODING_PALMS" Kind="KIND_PROMOTION"/>
		<Row Type="PROMOTION_YAMABUSHI_DISCIPLES" Kind="KIND_PROMOTION"/>
		<Row Type="PROMOTION_YAMABUSHI_SWEEPING_WIND" Kind="KIND_PROMOTION"/>
		<Row Type="PROMOTION_YAMABUSHI_DANCING_CRANE" Kind="KIND_PROMOTION"/>
		<Row Type="PROMOTION_YAMABUSHI_COBRA_STRIKE" Kind="KIND_PROMOTION"/>
	</Types>
	<UnitPromotionClasses>
		<Row PromotionClassType="PROMOTION_CLASS_YAMABUSHI" Name="LOC_PROMOTION_CLASS_YAMABUSHI_NAME"/>
	</UnitPromotionClasses>
	<UnitPromotions>
		<Row UnitPromotionType="PROMOTION_YAMABUSHI_SHADOW_STRIKE"   Name="LOC_PROMOTION_MONK_SHADOW_STRIKE_NAME"   Description="LOC_PROMOTION_MONK_SHADOW_STRIKE_DESCRIPTION"   Level="1" Column="1" PromotionClass="PROMOTION_CLASS_YAMABUSHI"/>
		<Row UnitPromotionType="PROMOTION_YAMABUSHI_TWILIGHT_VEIL"   Name="LOC_PROMOTION_MONK_TWILIGHT_VEIL_NAME"   Description="LOC_PROMOTION_MONK_TWILIGHT_VEIL_DESCRIPTION"   Level="1" Column="3" PromotionClass="PROMOTION_CLASS_YAMABUSHI"/>
		<Row UnitPromotionType="PROMOTION_YAMABUSHI_EXPLODING_PALMS" Name="LOC_PROMOTION_MONK_EXPLODING_PALMS_NAME" Description="LOC_PROMOTION_MONK_EXPLODING_PALMS_DESCRIPTION" Level="2" Column="1" PromotionClass="PROMOTION_CLASS_YAMABUSHI"/>
		<Row UnitPromotionType="PROMOTION_YAMABUSHI_DISCIPLES"       Name="LOC_PROMOTION_DEPREDATION_NAME"          Description="LOC_PROMOTION_DEPREDATION_DESCRIPTION"          Level="2" Column="3" PromotionClass="PROMOTION_CLASS_YAMABUSHI"/>
		<Row UnitPromotionType="PROMOTION_YAMABUSHI_SWEEPING_WIND"   Name="LOC_PROMOTION_MONK_SWEEPING_WIND_NAME"   Description="LOC_PROMOTION_MONK_SWEEPING_WIND_DESCRIPTION"   Level="3" Column="1" PromotionClass="PROMOTION_CLASS_YAMABUSHI"/>
		<Row UnitPromotionType="PROMOTION_YAMABUSHI_DANCING_CRANE"   Name="LOC_PROMOTION_MONK_DANCING_CRANE_NAME"   Description="LOC_PROMOTION_MONK_DANCING_CRANE_DESCRIPTION"   Level="3" Column="3" PromotionClass="PROMOTION_CLASS_YAMABUSHI"/>
		<Row UnitPromotionType="PROMOTION_YAMABUSHI_COBRA_STRIKE"    Name="LOC_PROMOTION_MONK_COBRA_STRIKE_NAME"    Description="LOC_PROMOTION_MONK_COBRA_STRIKE_DESCRIPTION"    Level="4" Column="2" PromotionClass="PROMOTION_CLASS_YAMABUSHI"/>
	</UnitPromotions>
	<UnitPromotionPrereqs>
		<Row UnitPromotion="PROMOTION_YAMABUSHI_EXPLODING_PALMS" PrereqUnitPromotion="PROMOTION_YAMABUSHI_SHADOW_STRIKE"/>
		<Row UnitPromotion="PROMOTION_YAMABUSHI_EXPLODING_PALMS" PrereqUnitPromotion="PROMOTION_YAMABUSHI_TWILIGHT_VEIL"/>
		<Row UnitPromotion="PROMOTION_YAMABUSHI_DISCIPLES"       PrereqUnitPromotion="PROMOTION_YAMABUSHI_SHADOW_STRIKE"/>
		<Row UnitPromotion="PROMOTION_YAMABUSHI_DISCIPLES"       PrereqUnitPromotion="PROMOTION_YAMABUSHI_TWILIGHT_VEIL"/>
		<Row UnitPromotion="PROMOTION_YAMABUSHI_SWEEPING_WIND"   PrereqUnitPromotion="PROMOTION_YAMABUSHI_EXPLODING_PALMS"/>
		<Row UnitPromotion="PROMOTION_YAMABUSHI_SWEEPING_WIND"   PrereqUnitPromotion="PROMOTION_YAMABUSHI_DISCIPLES"/>
		<Row UnitPromotion="PROMOTION_YAMABUSHI_DANCING_CRANE"   PrereqUnitPromotion="PROMOTION_YAMABUSHI_EXPLODING_PALMS"/>
		<Row UnitPromotion="PROMOTION_YAMABUSHI_DANCING_CRANE"   PrereqUnitPromotion="PROMOTION_YAMABUSHI_DISCIPLES"/>
		<Row UnitPromotion="PROMOTION_YAMABUSHI_COBRA_STRIKE"    PrereqUnitPromotion="PROMOTION_YAMABUSHI_SWEEPING_WIND"/>
		<Row UnitPromotion="PROMOTION_YAMABUSHI_COBRA_STRIKE"    PrereqUnitPromotion="PROMOTION_YAMABUSHI_DANCING_CRANE"/>
	</UnitPromotionPrereqs>
	<UnitPromotionModifiers>
		<Row>
			<UnitPromotionType>PROMOTION_YAMABUSHI_SHADOW_STRIKE</UnitPromotionType>
			<ModifierId>DOUBLE_ENVELOPMENT_BONUS_FLANKING_BONUS_MODIFIER</ModifierId>
		</Row>
		<Row>
			<UnitPromotionType>PROMOTION_YAMABUSHI_TWILIGHT_VEIL</UnitPromotionType>
			<ModifierId>CAMOUFLAGE_STEALTH</ModifierId>
		</Row>
		<Row>
			<UnitPromotionType>PROMOTION_YAMABUSHI_EXPLODING_PALMS</UnitPromotionType>
			<ModifierId>EXPLODING_PALMS_INCREASED_COMBAT_STRENGTH</ModifierId>
		</Row>
		<Row>
			<!-- これだけ軽騎兵の打ち壊しに変更 -->
			<UnitPromotionType>PROMOTION_YAMABUSHI_DISCIPLES</UnitPromotionType>
			<ModifierId>DEPREDATION_BONUS_ADVANCED_PILLAGING</ModifierId>
		</Row>
		<Row>
			<UnitPromotionType>PROMOTION_YAMABUSHI_SWEEPING_WIND</UnitPromotionType>
			<ModifierId>SWEEPING_WIND_ADDITIONAL_ATTACK</ModifierId>
		</Row>
		<Row>
			<UnitPromotionType>PROMOTION_YAMABUSHI_SWEEPING_WIND</UnitPromotionType>
			<ModifierId>MOD_MOVE_AFTER_ATTACKING</ModifierId>
		</Row>
		<Row>
			<UnitPromotionType>PROMOTION_YAMABUSHI_DANCING_CRANE</UnitPromotionType>
			<ModifierId>DANCING_CRANE_BONUS_MOVEMENT</ModifierId>
		</Row>
		<Row>
			<UnitPromotionType>PROMOTION_YAMABUSHI_COBRA_STRIKE</UnitPromotionType>
			<ModifierId>COBRA_STRIKE_INCREASED_COMBAT_STRENGTH</ModifierId>
		</Row>
	</UnitPromotionModifiers>
</GameData>
