<?xml version="1.0" encoding="utf-8"?>
<GameData>
	<LocalizedText>
		<Row Tag="LOC_CIVILIZATION_DPRT_NAME" Language="en_US">
			<Text>Democratic People's Republic Tohoku</Text>
		</Row>
		<Row Tag="LOC_CIVILIZATION_DPRT_DESCRIPTION" Language="en_US">
			<Text>Democratic People's Republic Tohoku</Text>
		</Row>
		<Row Tag="LOC_CIVILIZATION_DPRT_ADJECTIVE" Language="en_US">
			<Text>Democratic People's Republic Tohoku</Text>
		</Row>
		
		<Row Tag="LOC_LEADER_ITAKO_TOHOKU_NAME" Language="en_US">
			<Text>Itako Tohoku</Text>
		</Row>
		<Row Tag="LOC_LEADER_ZUNKO_TOHOKU_NAME" Language="en_US">
			<Text>Zunko Tohoku</Text>
		</Row>
		<Row Tag="LOC_LEADER_KIRITAN_TOHOKU_NAME" Language="en_US">
			<Text>Kiritan Tohoku</Text>
		</Row>

		<Row Tag="LOC_TRAIT_CIVILIZATION_DPRT_NAME" Language="en_US">
			<Text>Animism</Text>
		</Row>
		<Row Tag="LOC_TRAIT_CIVILIZATION_DPRT_DESCRIPTION" Language="en_US">
			<Text>Combat victories provide [ICON_Faith] Faith equal to 50% of the [ICON_Strength] Combat Strength of the defeated unit.(on Standard Speed) Inquisitors can Remove Heresy one extra time.</Text>
		</Row>
		
		<Row Tag="LOC_TRAIT_LEADER_ITAKO_TOHOKU_NAME" Language="en_US">
			<Text>Necromancy</Text>
		</Row>
		<Row Tag="LOC_TRAIT_LEADER_ITAKO_TOHOKU_DESCRIPTION" Language="en_US">
			<Text>Automatically receive the final [ICON_GreatProphet] Great Prophet when the next-to-last one is claimed (if you have not earned a [ICON_GreatProphet] Great Prophet already). +1 [ICON_Faith] Faith and +1 [ICON_Food] Food from Hills. Koshin Tower provide +1 [ICON_PRODUCTION] Production if adjacent to an Aqueduct.</Text>
		</Row>
		<Row Tag="LOC_TRAIT_LEADER_ZUNKO_TOHOKU_NAME" Language="en_US">
			<Text>Zunda Arrow</Text>
		</Row>
		<Row Tag="LOC_TRAIT_LEADER_ZUNKO_TOHOKU_DESCRIPTION" Language="en_US">
			<Text>Can capture defeated enemy civilization combat units and convert them to Builders. +25% [ICON_Production] Production toward Ranged units. When you capture a Barbarian Outpost, receive a Tribal Village reward in addition to the usual [ICON_Gold] Gold.</Text>
		</Row>
		<Row Tag="LOC_TRAIT_LEADER_KIRITAN_TOHOKU_NAME" Language="en_US">
			<Text>Cloister</Text>
		</Row>
		<Row Tag="LOC_TRAIT_LEADER_KIRITAN_TOHOKU_DESCRIPTION" Language="en_US">
			<Text>Industrial Zone and Entertainment Complex districts in half the time. One extra Wildcard policy slot in any government. Each Archaeological Museum holds 6 [ICON_GreatWork_Artifact] Artifacts instead of 3, and can support 2 Archaeologists at once. Archaeological Museums are automatically themed when they have 6 [ICON_GreatWork_Artifact] Artifacts.</Text>
		</Row>

		<Row Tag="LOC_BUILDING_ZUNDA_CAFE_NAME" Language="en_US">
			<Text>Zunda Cafe</Text>
		</Row>
		<Row Tag="LOC_BUILDING_ZUNDA_CAFE_DESCRIPTION" Language="en_US">
			<Text>Zunko Tohoku unique building that replaces Water Mill. +1 [ICON_Amenities] Amenities, +2 [ICON_Food] Food, +1 [ICON_Production] Production, +1 [ICON_Gold] Gold. [ICON_RESOURCE_COFFEE] Coffee resources and [ICON_RESOURCE_TEA] Tea resources gain +2 [ICON_Culture] Culture each. [ICON_RESOURCE_SUGAR] Sugar, [ICON_RESOURCE_SALT] Salt, [ICON_RESOURCE_RICE] Rice gain +1 [ICON_Food] Food each. Can be build along the river.</Text>
		</Row>
		<Row Tag="LOC_TRAIT_LEADER_BUILDING_ZUNDA_CAFE_NAME" Language="en_US">
			<Text>Zunko Tohoku unique building: Zunda Cafe</Text>
		</Row>
		<Row Tag="LOC_PEDIA_BUILDINGS_PAGE_BUILDING_ZUNDA_CAFE_CHAPTER_HISTORY_PARA_1" Language="en_US">
			<Text></Text>
		</Row>

		<Row Tag="LOC_TRAIT_LEADER_UNIT_YAMABUSHI_NAME" Language="en_US">
			<Text>Itako Tohoku unique unit: Yamabushi</Text>
		</Row>
		<Row Tag="LOC_UNIT_YAMABUSHI_DESCRIPTION" Language="en_US">
			<Text>Itako Tohoku unique unit. this unit has the same class and the similer promotions as Warrior Monk. Pushes defending enemy units back from their hex in any battle where they score more damage. Defenders that cannot retreat suffer additional damage. Shrine is required to produce this unit.</Text>
		</Row>
		<Row Tag="LOC_UNIT_YAMABUSHI_NAME" Language="en_US">
			<Text>Yamabushi</Text>
		</Row>
		<Row Tag="LOC_PEDIA_UNITS_PAGE_UNIT_YAMABUSHI_CHAPTER_HISTORY_PARA_1" Language="en_US">
			<Text></Text>
		</Row>

		<Row Tag="LOC_TRAIT_UNIT_FIGHTING_MONK_NAME" Language="en_US">
			<Text>Itako Tohoku unique unit: Fighting Monk</Text>
		</Row>
		<Row Tag="LOC_UNIT_FIGHTING_MONK_DESCRIPTION" Language="en_US">
			<Text>Itako Tohoku unique Renaissance era unit that replaces the Musketman. +10 [ICON_Strength] Combat Strength when there is a Missionary, Inquisitor, or Apostle in the same hex. If this unit captures a city or is adjacent to a city when it is captured, the city will automatically adopt the Conquistador player's Religion as the dominant Religion. Does not suffer combat penalties when damaged. Temple is required to produce this unit.</Text>
		</Row>
		<Row Tag="LOC_UNIT_FIGHTING_MONK_NAME" Language="en_US">
			<Text>Fighting Monk</Text>
		</Row>
		<Row Tag="LOC_PEDIA_UNITS_PAGE_UNIT_FIGHTING_MONK_CHAPTER_HISTORY_PARA_1" Language="en_US">
			<Text></Text>
		</Row>

		<Row Tag="LOC_TRAIT_LEADER_UNIT_ZUNDA_HORSE_ARCHER_NAME" Language="en_US">
			<Text>Zunko Tohoku unique unit: Zunda House Archer</Text>
		</Row>
		<Row Tag="LOC_UNIT_ZUNKO_HORSE_ARCHER_DESCRIPTION" Language="en_US">
			<Text>Zunko Tohoku unique Classical era unit. Ranged unit with 4 [ICON_Movement] Movement with a [ICON_Range] Range of 2. Can capture defeated enemy civilization combat units and convert them to Builders.</Text>
		</Row>
		<Row Tag="LOC_UNIT_ZUNKO_HORSE_ARCHER_NAME" Language="en_US">
			<Text>Zunda House Archer</Text>
		</Row>
		<Row Tag="LOC_PEDIA_UNITS_PAGE_UNIT_ZUNKO_HORSE_ARCHER_CHAPTER_HISTORY_PARA_1" Language="en_US">
			<Text></Text>
		</Row>

		<Row Tag="LOC_DISTRICT_NAMAHAGE_MUSEUM_NAME" Language="en_US">
			<Text>Namahage Museum</Text>
		</Row>
		<Row Tag="LOC_DISTRICT_NAMAHAGE_MUSEUM_DESCRIPTION" Language="en_US">
			<Text>A district unique to Kiritan Tohoku for religious activity. Replaces the Holy Site district.[NEWLINE][NEWLINE]+2 [ICON_GreatProphet] Great Prophet points, +1 [ICON_GreatEngineer] Great Engineer point, +1 [ICON_GreatScientist] Great Scientist point, +1 [ICON_GreatMerchant] Great Merchant point. +1 [ICON_Culture] Culture for each adjacent Forest and other District.</Text>
		</Row>
		<Row Tag="LOC_TRAIT_LEADER_DISTRICT_NAMAHAGE_MUSEUM_NAME" Language="en_US">
			<Text>Itako Tohoku unique District: Namahage Museum</Text>
		</Row>
		<Row Tag="LOC_PEDIA_DISTRICTS_PAGE_DISTRICT_NAMAHAGE_MUSEUM_CHAPTER_HISTORY_PARA_1" Language="en_US">
			<Text></Text>
		</Row>

		<Row Tag="LOC_DISTRICT_INDUSTRIAL_PARK_NAME" Language="en_US">
			<Text>Industrial Park</Text>
		</Row>
		<Row Tag="LOC_DISTRICT_INDUSTRIAL_PARK_DESCRIPTION" Language="en_US">
			<Text>A district unique to Kiritan Tohoku. Replaces the Neighborhood district. Provides +5 [ICON_Housing] Housing, +2 [ICON_Production] Production for adjacent Industrial Zone District.</Text>
		</Row>
		<Row Tag="LOC_TRAIT_LEADER_DISTRICT_INDUSTRIAL_PARK_NAME" Language="en_US">
			<Text>Kiritan Tohoku unique District: Industrial Park</Text>
		</Row>
		<Row Tag="LOC_PEDIA_DISTRICTS_PAGE_DISTRICT_INDUSTRIAL_PARK_CHAPTER_HISTORY_PARA_1" Language="en_US">
			<Text></Text>
		</Row>

		<Row Tag="LOC_IMPROVEMENT_KOSHIN_TOWER_NAME" Language="en_US">
			<Text>Koshin Tower</Text>
		</Row>
		<Row Tag="LOC_IMPROVEMENT_KOSHIN_TOWER_DESCRIPTION" Language="en_US">
			<Text>Unlocks the Builder ability to construct a Koshin Tower, unique to Democratic People's Republic Tohoku.[NEWLINE][NEWLINE]+2 [ICON_Faith] Faith, +1 [ICON_Gold] Gold. +1 [ICON_Faith] Faith for each adjacent Mine and Quarry.</Text>
		</Row>
		<Row Tag="LOC_TRAIT_CIVILIZATION_IMPROVEMENT_KOSHIN_TOWER_NAME" Language="en_US">
			<Text>Democratic People's Republic Tohoku unique improvement: Koshin Tower</Text>
		</Row>
		<Row Tag="LOC_PEDIA_IMPROVEMENTS_PAGE_IMPROVEMENT_KOSHIN_TOWER_CHAPTER_HISTORY_PARA_1" Language="en_US">
			<Text></Text>
		</Row>
	</LocalizedText>
</GameData>
