<?xml version="1.0" encoding="utf-8"?>
<GameData>
	<!-- 文明特性：洪水の影響を受けない -->
	<!-- 説明文の書き換え -->
	<Traits>
		<Update>
			<Set Description="LOC_TRAIT_CIVILIZATION_DPRT_EXPANSION2_DESCRIPTION"/>
			<Where TraitType="TRAIT_CIVILIZATION_DPRT"/>
		</Update>
	</Traits>
	<!-- 効果 -->
	<TraitModifiers>
		<Row>
			<TraitType>TRAIT_CIVILIZATION_DPRT</TraitType>
			<ModifierId>TRAIT_AVOID_MODERATE_FLOOD</ModifierId>
		</Row>
		<Row>
			<TraitType>TRAIT_CIVILIZATION_DPRT</TraitType>
			<ModifierId>TRAIT_AVOID_MAJOR_FLOOD</ModifierId>
		</Row>
		<Row>
			<TraitType>TRAIT_CIVILIZATION_DPRT</TraitType>
			<ModifierId>TRAIT_AVOID_THOUSAND_FLOOD</ModifierId>
		</Row>
	</TraitModifiers>
	<!-- ユニット -->
	<Units_XP2>
		<Row UnitType="UNIT_FIGHTING_MONK" ResourceCost="10"/>
	</Units_XP2>
	<!-- ユニットアビリティ -->
	<UnitAbilityModifiers>
		<!-- 山伏に破城槌と攻城塔の効果が載るようにする -->
		<Row>
			<UnitAbilityType>ABILITY_ENABLE_WALL_ATTACK_PROMOTION_CLASS</UnitAbilityType>
			<ModifierId>YNL_ENABLE_WALL_ATTACK_YAMABUSHI</ModifierId>
		</Row>
		<Row>
			<UnitAbilityType>ABILITY_BYPASS_WALLS_PROMOTION_CLASS</UnitAbilityType>
			<ModifierId>YNL_BYPASS_WALLS_YAMABUSHI</ModifierId>
		</Row>
	</UnitAbilityModifiers>
	<Modifiers>
		<Row>
			<ModifierId>YNL_ENABLE_WALL_ATTACK_YAMABUSHI</ModifierId>
			<ModifierType>MODIFIER_PLAYER_UNIT_ADJUST_ENABLE_WALL_ATTACK_PROMOTION_CLASS</ModifierType>
		</Row>
		<Row>
			<ModifierId>YNL_BYPASS_WALLS_YAMABUSHI</ModifierId>
			<ModifierType>MODIFIER_PLAYER_UNIT_ADJUST_BYPASS_WALLS_PROMOTION_CLASS</ModifierType>
		</Row>
	</Modifiers>
	<ModifierArguments>
		<Row>
			<ModifierId>YNL_ENABLE_WALL_ATTACK_YAMABUSHI</ModifierId>
			<Name>PromotionClass</Name>
			<Value>PROMOTION_CLASS_YAMABUSHI</Value>
		</Row>
		<Row>
			<ModifierId>YNL_BYPASS_WALLS_YAMABUSHI</ModifierId>
			<Name>PromotionClass</Name>
			<Value>PROMOTION_CLASS_YAMABUSHI</Value>
		</Row>
	</ModifierArguments>
	<!-- 区域の隣接効果 -->
	<District_Adjacencies>
		<Row DistrictType="DISTRICT_NAMAHAGE_MUSEUM" YieldChangeId="Pamukkale_Culture"/>
	</District_Adjacencies>
</GameData>
