<?xml version="1.0" encoding="utf-8"?>
<GameData>
	<LocalizedText>
		<!-- Leader specific pedia text. -->
		<Replace Tag="LOC_PEDIA_LEADERS_PAGE_LEADER_ITAKO_TOHOKU_CHAPTER_CAPSULE_BODY" Language="ja_JP">
			<Text>「東北6県応援キャラクター 東北イタコ」</Text>
		</Replace>
		<Replace Tag="LOC_PEDIA_LEADERS_PAGE_LEADER_ITAKO_TOHOKU_CHAPTER_DETAILED_BODY" Language="ja_JP">
			<Text>完全宗教特化型指導者。丘陵からの宗教力ボーナスを活かし、僧兵・山伏の2大ユニークユニットを用いた宗教戦争（物理）が得意。</Text>
		</Replace>
		<Replace Tag="LOC_PEDIA_LEADERS_PAGE_LEADER_ZUNKO_TOHOKU_CHAPTER_CAPSULE_BODY" Language="ja_JP">
			<Text>『VOICEROID+ 東北ずん子 EX』</Text>
		</Replace>
		<Replace Tag="LOC_PEDIA_LEADERS_PAGE_LEADER_ZUNKO_TOHOKU_CHAPTER_DETAILED_BODY" Language="ja_JP">
			<Text>ずんだアローを敵文明のユニットめがけてシュゥゥゥーッ!!超!エキサイティン!!</Text>
		</Replace>
		<Replace Tag="LOC_PEDIA_LEADERS_PAGE_LEADER_KIRITAN_TOHOKU_CHAPTER_CAPSULE_BODY" Language="ja_JP">
			<Text>「東北6県応援キャラクター 東北きりたん」</Text>
		</Replace>
		<Replace Tag="LOC_PEDIA_LEADERS_PAGE_LEADER_KIRITAN_TOHOKU_CHAPTER_DETAILED_BODY" Language="ja_JP">
			<Text>内政重視型、ようするにひきこもりである。なまはげ館は宗教施設でありながら隣接ボーナスで文化力も得ることができる。また、工業地帯と工業団地をうまく並べることで凄まじい生産力をたたき出す。</Text>
		</Replace>

		<!-- Leader specific historical text. -->
		<Replace Tag="LOC_PEDIA_LEADERS_PAGE_LEADER_ITAKO_TOHOKU_CHAPTER_HISTORY_PARA_1" Language="ja_JP">
			<Text>東北イタコとは、東北地方を応援するために創作されたキャラクター。同じ志の元に作られた東北ずん子の姉。</Text>
		</Replace>
		<Replace Tag="LOC_PEDIA_LEADERS_PAGE_LEADER_ZUNKO_TOHOKU_CHAPTER_HISTORY_PARA_1" Language="ja_JP">
			<Text>東北ずん子とは、東北6県全体を盛り上げるためのキャラクター、またボイスロイドとボーカロイドのイメージキャラクター。主に宮城県で食べられる「ずんだ餅」をモチーフにしたキャラクターである。[NEWLINE]SSS合同会社の手になるもので、東北地方を応援すべく企画されたものであり、東北６県（青森、岩手、宮城、秋田、山形、福島）に本社を置く企業であれば自由に商用利用できる。利用に対する運営への申請は不要。事務手続きの関係上、申請無しでの利用を推奨。詳細は、公式サイト「キャラクター利用のガイドライン」を参照。クリエイター向けの利用ガイドラインも併せて示されている他、分かりやすい例示がされている。また後述のVOICEROID音声に関してはライセンスが異なる為、上記使用ガイドラインの適用外となる点に注意。</Text>
		</Replace>
		<Replace Tag="LOC_PEDIA_LEADERS_PAGE_LEADER_KIRITAN_TOHOKU_CHAPTER_HISTORY_PARA_1" Language="ja_JP">
			<Text>東北きりたんとは、東北地方を応援するために創作されたキャラクター。同じ志の元に「東北イタコ」「東北ずん子」の姉妹も作られており、三姉妹の末っ子に当たる。</Text>
		</Replace>

		<!-- Civilization specific historical text. -->
		<Replace Tag="LOC_PEDIA_CIVILIZATIONS_PAGE_CIVILIZATION_DPRT_CHAPTER_HISTORY_PARA_1" Language="ja_JP">
			<Text>東北6県が合わさり最強に見える。</Text>
		</Replace>

		<!-- Civlization Citizen Names -->
		<Replace Tag="LOC_CITIZEN_DPRT_MALE_1" Language="ja_JP">
			<Text>吉幾三</Text>
		</Replace>
		<Replace Tag="LOC_CITIZEN_DPRT_MALE_2" Language="ja_JP">
			<Text>松坂大輔</Text>
		</Replace>
		<Replace Tag="LOC_CITIZEN_DPRT_MALE_3" Language="ja_JP">
			<Text>千昌夫</Text>
		</Replace>
		<Replace Tag="LOC_CITIZEN_DPRT_MALE_4" Language="ja_JP">
			<Text>佐々木主浩</Text>
		</Replace>
		<Replace Tag="LOC_CITIZEN_DPRT_MALE_5" Language="ja_JP">
			<Text>柳葉敏郎</Text>
		</Replace>
		<Replace Tag="LOC_CITIZEN_DPRT_MALE_6" Language="ja_JP">
			<Text>ウド鈴木</Text>
		</Replace>
		<Replace Tag="LOC_CITIZEN_DPRT_MALE_7" Language="ja_JP">
			<Text>西田敏行</Text>
		</Replace>
		<Replace Tag="LOC_CITIZEN_DPRT_MALE_8" Language="ja_JP">
			<Text>梅沢富美男</Text>
		</Replace>
		<Replace Tag="LOC_CITIZEN_DPRT_FEMALE_1" Language="ja_JP">
			<Text>新山千春</Text>
		</Replace>
		<Replace Tag="LOC_CITIZEN_DPRT_FEMALE_2" Language="ja_JP">
			<Text>藤圭子</Text>
		</Replace>
		<Replace Tag="LOC_CITIZEN_DPRT_FEMALE_3" Language="ja_JP">
			<Text>山川恵里佳</Text>
		</Replace>
		<Replace Tag="LOC_CITIZEN_DPRT_FEMALE_4" Language="ja_JP">
			<Text>福原愛</Text>
		</Replace>
		<Replace Tag="LOC_CITIZEN_DPRT_FEMALE_5" Language="ja_JP">
			<Text>佐々木希</Text>
		</Replace>
		<Replace Tag="LOC_CITIZEN_DPRT_FEMALE_6" Language="ja_JP">
			<Text>壇蜜</Text>
		</Replace>
		<Replace Tag="LOC_CITIZEN_DPRT_FEMALE_7" Language="ja_JP">
			<Text>あき竹城</Text>
		</Replace>
		<Replace Tag="LOC_CITIZEN_DPRT_FEMALE_8" Language="ja_JP">
			<Text>伊東美咲</Text>
		</Replace>

		<!-- Civilization City Names-->
		<Replace Tag="LOC_CIVILIZATION_DPRT_CITY_1" Language="ja_JP">
			<Text>仙台</Text>
		</Replace>
		<Replace Tag="LOC_CIVILIZATION_DPRT_CITY_2" Language="ja_JP">
			<Text>青森</Text>
		</Replace>
		<Replace Tag="LOC_CIVILIZATION_DPRT_CITY_3" Language="ja_JP">
			<Text>盛岡</Text>
		</Replace>
		<Replace Tag="LOC_CIVILIZATION_DPRT_CITY_4" Language="ja_JP">
			<Text>福島</Text>
		</Replace>
		<Replace Tag="LOC_CIVILIZATION_DPRT_CITY_5" Language="ja_JP">
			<Text>秋田</Text>
		</Replace>
		<Replace Tag="LOC_CIVILIZATION_DPRT_CITY_6" Language="ja_JP">
			<Text>山形</Text>
		</Replace>
		<Replace Tag="LOC_CIVILIZATION_DPRT_CITY_7" Language="ja_JP">
			<Text>弘前</Text>
		</Replace>
		<Replace Tag="LOC_CIVILIZATION_DPRT_CITY_8" Language="ja_JP">
			<Text>八戸</Text>
		</Replace>
		<Replace Tag="LOC_CIVILIZATION_DPRT_CITY_9" Language="ja_JP">
			<Text>黒石</Text>
		</Replace>
		<Replace Tag="LOC_CIVILIZATION_DPRT_CITY_10" Language="ja_JP">
			<Text>鶴岡</Text>
		</Replace>
		<Replace Tag="LOC_CIVILIZATION_DPRT_CITY_11" Language="ja_JP">
			<Text>新庄</Text>
		</Replace>
		<Replace Tag="LOC_CIVILIZATION_DPRT_CITY_12" Language="ja_JP">
			<Text>米沢</Text>
		</Replace>
		<Replace Tag="LOC_CIVILIZATION_DPRT_CITY_13" Language="ja_JP">
			<Text>滝沢</Text>
		</Replace>
		<Replace Tag="LOC_CIVILIZATION_DPRT_CITY_14" Language="ja_JP">
			<Text>花巻</Text>
		</Replace>
		<Replace Tag="LOC_CIVILIZATION_DPRT_CITY_15" Language="ja_JP">
			<Text>釜石</Text>
		</Replace>
		<Replace Tag="LOC_CIVILIZATION_DPRT_CITY_16" Language="ja_JP">
			<Text>男鹿</Text>
		</Replace>
		<Replace Tag="LOC_CIVILIZATION_DPRT_CITY_17" Language="ja_JP">
			<Text>大館</Text>
		</Replace>
		<Replace Tag="LOC_CIVILIZATION_DPRT_CITY_18" Language="ja_JP">
			<Text>能代</Text>
		</Replace>
		<Replace Tag="LOC_CIVILIZATION_DPRT_CITY_19" Language="ja_JP">
			<Text>郡山</Text>
		</Replace>
		<Replace Tag="LOC_CIVILIZATION_DPRT_CITY_20" Language="ja_JP">
			<Text>白河</Text>
		</Replace>
		<Replace Tag="LOC_CIVILIZATION_DPRT_CITY_21" Language="ja_JP">
			<Text>喜多方</Text>
		</Replace>
		<Replace Tag="LOC_CIVILIZATION_DPRT_CITY_22" Language="ja_JP">
			<Text>石巻</Text>
		</Replace>
		<Replace Tag="LOC_CIVILIZATION_DPRT_CITY_23" Language="ja_JP">
			<Text>気仙沼</Text>
		</Replace>
		<Replace Tag="LOC_CIVILIZATION_DPRT_CITY_24" Language="ja_JP">
			<Text>名取</Text>
		</Replace>

		<!-- Leader Quotes -->
		<Replace Tag="LOC_LEADER_ITAKO_TOHOKU_QUOTE" Language="ja_JP">
			<Text>ずんちゃんペロペロ</Text>
		</Replace>
		<Replace Tag="LOC_LEADER_ZUNKO_TOHOKU_QUOTE" Language="ja_JP">
			<Text>＼(ず・ω・だ)／</Text>
		</Replace>
		<Replace Tag="LOC_LEADER_KIRITAN_TOHOKU_QUOTE" Language="ja_JP">
			<Text>ずんねえさまペロペロ</Text>
		</Replace>

		<Replace Tag="LOC_ABILITY_YNL_ZUNKO_CAPTURE_WORKER_NAME" Language="ja_JP">
			<Text>ずんだアロー</Text>
		</Replace>
		<Replace Tag="LOC_ABILITY_YNL_ZUNKO_CAPTURE_WORKER_DESCRIPTION" Language="ja_JP">
			<Text>倒した敵文明の戦闘ユニットを捕獲して労働者に変換できる。</Text>
		</Replace>

		<Replace Tag="LOC_LEADER_ITAKO_TOHOKU_DOM_TEXT" Language="ja_JP">
			<Text>将来の夢は、ずん子を全国区のアイドルにすること、体内に飼っている九尾のキツネの力を完全に戻すことですわ。よろしくおねがいしますね。</Text>
		</Replace>
		<Replace Tag="LOC_LEADER_ZUNKO_TOHOKU_DOM_TEXT" Language="ja_JP">
			<Text>夢は秋葉原にずんだカフェ、ずんだショップを作ることです。ずんだの未来のために、皆さん応援してくださいね。</Text>
		</Replace>
		<Replace Tag="LOC_LEADER_KIRITAN_TOHOKU_DOM_TEXT" Language="ja_JP">
			<Text>将来の夢は、ずんねえさまを全国区のアイドルにすること、生き別れの妖精(？)「たんちゃん」との再会・・・です。よろしく。</Text>
		</Replace>

		<Replace Tag="LOC_DISTRICT_FOREST_CULTURE_NAMAHAGE" Language="ja_JP">
			<Text>隣接する森タイルにより [ICON_Culture] 文化力+{1_num}。</Text>
		</Replace>

		<Replace Tag="LOC_PROMOTION_CLASS_YAMABUSHI_NAME" Language="ja_JP">
			<Text>山伏</Text>
		</Replace>
	</LocalizedText>
</GameData>
